timestamp,open,high,low,close,volume
2023-05-20 08:00:00,26863.0,26923.0,26863.0,26891.0,79.6097508
2023-05-20 12:00:00,26897.0,26978.0,26888.0,26959.0,108.24531087
2023-05-20 16:00:00,26959.0,27153.0,26926.0,27075.0,223.31934117
2023-05-20 20:00:00,27082.0,27139.0,26983.0,27115.0,100.68796602
2023-05-21 00:00:00,27123.0,27277.0,27070.0,27189.0,94.54247537
2023-05-21 04:00:00,27191.0,27191.0,27064.0,27072.0,45.40505741
2023-05-21 08:00:00,27070.0,27091.0,26800.0,26838.0,187.97955416
2023-05-21 12:00:00,26833.0,26984.0,26819.0,26911.0,119.52266018
2023-05-21 16:00:00,26912.0,26944.0,26847.0,26913.0,38.93289409
2023-05-21 20:00:00,26921.0,26935.0,26688.0,26750.0,167.76479738
2023-05-22 00:00:00,26753.0,26785.0,26547.0,26652.0,254.92021418
2023-05-22 04:00:00,26653.0,26916.0,26650.0,26846.0,112.52859234
2023-05-22 08:00:00,26846.0,26900.0,26777.0,26832.0,89.09822262
2023-05-22 12:00:00,26827.0,27078.0,26711.0,26871.0,443.30560947
2023-05-22 16:00:00,26874.0,26921.0,26788.0,26856.0,103.63752761
2023-05-22 20:00:00,26856.0,26953.0,26833.0,26856.0,108.38372169
2023-05-23 00:00:00,26854.0,27415.0,26810.0,27368.0,430.78260892
2023-05-23 04:00:00,27379.0,27478.0,27220.0,27306.0,252.96242264
2023-05-23 08:00:00,27310.0,27346.0,27259.0,27335.0,102.95176312
2023-05-23 12:00:00,27335.0,27386.0,27187.0,27323.0,205.39602544
2023-05-23 16:00:00,27324.0,27332.0,27111.0,27195.0,143.02819569
2023-05-23 20:00:00,27187.0,27254.0,27158.0,27226.0,39.2986183
2023-05-24 00:00:00,27225.0,27225.0,26678.0,26790.0,279.63512516
2023-05-24 04:00:00,26773.0,26829.0,26623.0,26674.0,347.26452998
2023-05-24 08:00:00,26676.0,26832.0,26676.0,26735.0,107.33345728
2023-05-24 12:00:00,26743.0,26743.0,26076.0,26312.0,1048.41624102
2023-05-24 16:00:00,26311.0,26392.0,26162.0,26246.0,260.57579755
2023-05-24 20:00:00,26243.0,26478.0,26239.0,26325.0,171.31870982
2023-05-25 00:00:00,26325.0,26381.0,25878.0,26175.0,542.86295154
2023-05-25 04:00:00,26172.0,26281.0,26127.0,26127.0,165.37737213
2023-05-25 08:00:00,26130.0,26326.0,26127.0,26295.0,160.9112719
2023-05-25 12:00:00,26295.0,26471.0,26172.0,26220.0,367.62187656
2023-05-25 16:00:00,26221.0,26611.0,26207.0,26467.0,310.14324265
2023-05-25 20:00:00,26474.0,26552.0,26439.0,26478.0,99.90912312
2023-05-26 00:00:00,26486.0,26534.0,26367.0,26441.0,173.09087609
2023-05-26 04:00:00,26442.0,26537.0,26338.0,26508.0,157.51518687
2023-05-26 08:00:00,26509.0,26547.0,26430.0,26467.0,96.28564133
2023-05-26 12:00:00,26466.0,26937.0,26365.0,26762.0,818.49271972
2023-05-26 16:00:00,26767.0,26845.0,26625.0,26775.0,322.02934533
2023-05-26 20:00:00,26782.0,26818.0,26701.0,26718.0,98.68860301
2023-05-27 00:00:00,26716.0,26784.0,26648.0,26761.0,82.68863302
2023-05-27 04:00:00,26766.0,26794.0,26718.0,26736.0,72.98209624
2023-05-27 08:00:00,26735.0,26738.0,26677.0,26708.0,77.68262039
2023-05-27 12:00:00,26707.0,26782.0,26566.0,26693.0,142.04175254
2023-05-27 16:00:00,26695.0,26842.0,26635.0,26743.0,165.36788811
2023-05-27 20:00:00,26743.0,26893.0,26737.0,26872.0,95.70089584
2023-05-28 00:00:00,26875.0,27246.0,26785.0,27193.0,408.68804462
2023-05-28 04:00:00,27213.0,27290.0,27138.0,27221.0,74.66633206
2023-05-28 08:00:00,27236.0,27320.0,27151.0,27166.0,153.72744172
2023-05-28 12:00:00,27170.0,27280.0,27111.0,27280.0,174.8650498
2023-05-28 16:00:00,27280.0,27726.0,27225.0,27531.0,393.72383631
2023-05-28 20:00:00,27531.0,28248.0,27531.0,28072.0,459.97852183
2023-05-29 00:00:00,28071.0,28452.0,27928.0,27959.0,398.39960871
2023-05-29 04:00:00,27962.0,28058.0,27826.0,27912.0,92.91107481
2023-05-29 08:00:00,27912.0,27975.0,27762.0,27920.0,167.69865449
2023-05-29 12:00:00,27922.0,27958.0,27603.0,27640.0,386.46145658
2023-05-29 16:00:00,27638.0,27734.0,27542.0,27649.0,479.52003671
2023-05-29 20:00:00,27641.0,27819.0,27580.0,27749.0,159.68750242
2023-05-30 00:00:00,27748.0,27941.0,27603.0,27840.0,179.64946451
2023-05-30 04:00:00,27842.0,27859.0,27687.0,27737.0,146.13007278
2023-05-30 08:00:00,27737.0,28054.0,27728.0,28043.0,426.69102482
2023-05-30 12:00:00,28044.0,28044.0,27627.0,27680.0,450.06135015
2023-05-30 16:00:00,27680.0,27872.0,27570.0,27861.0,232.41778386
2023-05-30 20:00:00,27863.0,27873.0,27667.0,27706.0,132.60147895
2023-05-31 00:00:00,27701.0,27840.0,27593.0,27664.0,231.32100881
2023-05-31 04:00:00,27666.0,27684.0,26991.0,27176.0,568.03144853
2023-05-31 08:00:00,27175.0,27210.0,27008.0,27103.0,123.04581869
2023-05-31 12:00:00,27099.0,27227.0,26858.0,26919.0,532.5358807
2023-05-31 16:00:00,26912.0,27122.0,26857.0,27020.0,212.68572552
2023-05-31 20:00:00,27024.0,27298.0,27013.0,27219.0,195.85637042
2023-06-01 00:00:00,27220.0,27356.0,26625.0,26782.0,567.19772307
2023-06-01 04:00:00,26786.0,26889.0,26761.0,26808.0,190.4121236
2023-06-01 08:00:00,26804.0,26953.0,26793.0,26895.0,161.55900241
2023-06-01 12:00:00,26895.0,26975.0,26804.0,26893.0,376.5968257
2023-06-01 16:00:00,26900.0,27170.0,26675.0,26867.0,532.91211669
2023-06-01 20:00:00,26876.0,26949.0,26727.0,26826.0,175.67941118
2023-06-02 00:00:00,26821.0,27017.0,26519.0,27012.0,367.8203406
2023-06-02 04:00:00,27004.0,27213.0,26961.0,27057.0,195.95334112
2023-06-02 08:00:00,27056.0,27187.0,27056.0,27138.0,155.33205632
2023-06-02 12:00:00,27137.0,27241.0,26885.0,27100.0,569.90211336
2023-06-02 16:00:00,27097.0,27294.0,27008.0,27241.0,243.93453847
2023-06-02 20:00:00,27248.0,27300.0,27151.0,27251.0,138.49206613
2023-06-03 00:00:00,27250.0,27250.0,27112.0,27152.0,98.12054154
2023-06-03 04:00:00,27152.0,27217.0,27124.0,27185.0,63.59994941
2023-06-03 08:00:00,27182.0,27188.0,27125.0,27145.0,92.4621957
2023-06-03 12:00:00,27146.0,27332.0,27142.0,27311.0,167.79618535
2023-06-03 16:00:00,27312.0,27328.0,27050.0,27109.0,207.64464693
2023-06-03 20:00:00,27103.0,27134.0,26937.0,27076.0,142.7984129
2023-06-04 00:00:00,27072.0,27104.0,26963.0,27067.0,85.73690697
2023-06-04 04:00:00,27069.0,27169.0,27036.0,27149.0,73.30674966
2023-06-04 08:00:00,27158.0,27250.0,27128.0,27205.0,63.44615392
2023-06-04 12:00:00,27202.0,27302.0,27173.0,27190.0,138.85347752
2023-06-04 16:00:00,27192.0,27228.0,27171.0,27223.0,35.92528569
2023-06-04 20:00:00,27223.0,27451.0,27060.0,27125.0,392.63099034
2023-06-05 00:00:00,27114.0,27138.0,26813.0,26853.0,266.68685322
2023-06-05 04:00:00,26841.0,26884.0,26760.0,26844.0,159.680933
2023-06-05 08:00:00,26842.0,26851.0,26683.0,26777.0,185.41909496
2023-06-05 12:00:00,26778.0,26817.0,25999.0,25999.0,1090.48393152
2023-06-05 16:00:00,25999.0,26076.0,25389.0,25625.0,1815.07667138
2023-06-05 20:00:00,25618.0,25863.0,25520.0,25739.0,320.24283856
2023-06-06 00:00:00,25730.0,25791.0,25615.0,25734.0,241.35711877
2023-06-06 04:00:00,25735.0,25821.0,25725.0,25739.0,139.90785574
2023-06-06 08:00:00,25743.0,25798.0,25653.0,25694.0,222.51984921
2023-06-06 12:00:00,25695.0,26132.0,25350.0,26074.0,1725.4142099
2023-06-06 16:00:00,26082.0,27223.0,26075.0,27099.0,1209.26830119
2023-06-06 20:00:00,27109.0,27357.0,26897.0,27236.0,426.74426961
2023-06-07 00:00:00,27252.0,27388.0,26737.0,26904.0,431.74923537
2023-06-07 04:00:00,26909.0,26996.0,26766.0,26795.0,412.86297461
2023-06-07 08:00:00,26802.0,26968.0,26367.0,26898.0,596.01557664
2023-06-07 12:00:00,26900.0,26915.0,26269.0,26346.0,811.60127238
2023-06-07 16:00:00,26342.0,26551.0,26250.0,26474.0,405.19482224
2023-06-07 20:00:00,26481.0,26490.0,26140.0,26348.0,339.38107539
2023-06-08 00:00:00,26347.0,26471.0,26225.0,26348.0,278.4355754
2023-06-08 04:00:00,26347.0,26516.0,26295.0,26444.0,147.99812449
2023-06-08 08:00:00,26444.0,26500.0,26370.0,26438.0,123.35229589
2023-06-08 12:00:00,26448.0,26809.0,26310.0,26729.0,466.19455531
2023-06-08 16:00:00,26730.0,26738.0,26433.0,26546.0,320.09466685
2023-06-08 20:00:00,26537.0,26653.0,26498.0,26510.0,194.35032418
2023-06-09 00:00:00,26507.0,26600.0,26289.0,26492.0,267.51943699
2023-06-09 04:00:00,26486.0,26576.0,26425.0,26502.0,94.00957425
2023-06-09 08:00:00,26500.0,26683.0,26498.0,26615.0,176.54856004
2023-06-09 12:00:00,26614.0,26778.0,26457.0,26473.0,251.28260125
2023-06-09 16:00:00,26469.0,26526.0,26377.0,26405.0,144.4831734
2023-06-09 20:00:00,26406.0,26497.0,26390.0,26484.0,125.95512415
2023-06-10 00:00:00,26486.0,26528.0,26272.0,26325.0,270.85454971
2023-06-10 04:00:00,26325.0,26352.0,25483.0,25662.0,1131.13094066
2023-06-10 08:00:00,25665.0,25758.0,25582.0,25749.0,235.76291249
2023-06-10 12:00:00,25745.0,25745.0,25583.0,25647.0,394.49859586
2023-06-10 16:00:00,25646.0,26159.0,25420.0,25761.0,849.78156946
2023-06-10 20:00:00,25760.0,25943.0,25697.0,25857.0,192.51371606
2023-06-11 00:00:00,25857.0,25875.0,25717.0,25745.0,129.3545118
2023-06-11 04:00:00,25743.0,25848.0,25657.0,25753.0,131.59347227
2023-06-11 08:00:00,25753.0,25852.0,25714.0,25815.0,111.74316827
2023-06-11 12:00:00,25818.0,25818.0,25698.0,25770.0,102.55062073
2023-06-11 16:00:00,25765.0,26112.0,25755.0,26046.0,243.68368132
2023-06-11 20:00:00,26048.0,26209.0,25769.0,25941.0,302.06692602
2023-06-12 00:00:00,25940.0,26030.0,25634.0,25800.0,302.5869943
2023-06-12 04:00:00,25801.0,25912.0,25756.0,25816.0,139.49834022
2023-06-12 08:00:00,25816.0,26103.0,25792.0,25997.0,363.16596178
2023-06-12 12:00:00,26000.0,26000.0,25748.0,25826.0,388.65298955
2023-06-12 16:00:00,25826.0,25954.0,25660.0,25821.0,435.81385323
2023-06-12 20:00:00,25820.0,25959.0,25804.0,25906.0,131.30730985
2023-06-13 00:00:00,25906.0,26145.0,25823.0,26055.0,335.87978607
2023-06-13 04:00:00,26060.0,26127.0,25980.0,26073.0,123.91488979
2023-06-13 08:00:00,26073.0,26269.0,26054.0,26193.0,300.86653612
2023-06-13 12:00:00,26186.0,26422.0,25718.0,25753.0,834.98815344
2023-06-13 16:00:00,25733.0,25966.0,25733.0,25896.0,198.55695743
2023-06-13 20:00:00,25894.0,25954.0,25807.0,25934.0,101.76164407
2023-06-14 00:00:00,25935.0,26045.0,25908.0,25977.0,178.45029392
2023-06-14 04:00:00,25977.0,26003.0,25838.0,25900.0,184.20676663
2023-06-14 08:00:00,25899.0,26024.0,25886.0,25979.0,212.33906991
2023-06-14 12:00:00,25978.0,26070.0,25924.0,25981.0,312.82143749
2023-06-14 16:00:00,25976.0,26078.0,25764.0,25871.0,614.88301601
2023-06-14 20:00:00,25865.0,25870.0,24819.0,25127.0,1244.42810918
2023-06-15 00:00:00,25125.0,25200.0,25027.0,25053.0,84.46189612
2023-06-15 04:00:00,25053.0,25053.0,24813.0,24919.0,553.63137563
2023-06-15 08:00:00,24919.0,25000.0,24756.0,24968.0,408.05388178
2023-06-15 12:00:00,24976.0,25045.0,24873.0,24929.0,727.07762326
2023-06-15 16:00:00,24929.0,25488.0,24889.0,25439.0,449.56512157
2023-06-15 20:00:00,25435.0,25729.0,25210.0,25573.0,657.65250986
2023-06-16 00:00:00,25567.0,25576.0,25426.0,25538.0,125.28426588
2023-06-16 04:00:00,25538.0,25601.0,25455.0,25509.0,214.45760483
2023-06-16 08:00:00,25509.0,25604.0,25444.0,25449.0,172.9984401
2023-06-16 12:00:00,25445.0,25847.0,25188.0,25785.0,919.82366523
2023-06-16 16:00:00,25805.0,26485.0,25749.0,26364.0,1046.02358817
2023-06-16 20:00:00,26362.0,26433.0,26274.0,26333.0,78.25282903
2023-06-17 00:00:00,26333.0,26355.0,26173.0,26250.0,134.63758911
2023-06-17 04:00:00,26251.0,26785.0,26235.0,26582.0,443.96346284
2023-06-17 08:00:00,26577.0,26638.0,26471.0,26492.0,79.38517827
2023-06-17 12:00:00,26491.0,26561.0,26305.0,26407.0,242.28873198
2023-06-17 16:00:00,26405.0,26522.0,26376.0,26465.0,157.00143766
2023-06-17 20:00:00,26471.0,26583.0,26460.0,26507.0,98.2088267
2023-06-18 00:00:00,26513.0,26535.0,26386.0,26535.0,100.74471932
2023-06-18 04:00:00,26535.0,26659.0,26472.0,26578.0,248.54938638
2023-06-18 08:00:00,26592.0,26592.0,26453.0,26496.0,49.31798873
2023-06-18 12:00:00,26496.0,26563.0,26447.0,26555.0,122.93199269
2023-06-18 16:00:00,26555.0,26647.0,26527.0,26643.0,168.02397528
2023-06-18 20:00:00,26643.0,26685.0,26267.0,26340.0,316.14633582
2023-06-19 00:00:00,26336.0,26466.0,26260.0,26393.0,30.85265997
2023-06-19 04:00:00,26396.0,26471.0,26366.0,26421.0,118.92306175
2023-06-19 08:00:00,26420.0,26452.0,26363.0,26439.0,185.8451757
2023-06-19 12:00:00,26439.0,26566.0,26345.0,26432.0,379.30570037
2023-06-19 16:00:00,26432.0,27050.0,26300.0,26668.0,870.47702806
2023-06-19 20:00:00,26686.0,26849.0,26651.0,26842.0,243.561615
2023-06-20 00:00:00,26840.0,27166.0,26797.0,26891.0,266.5221675
2023-06-20 04:00:00,26897.0,27025.0,26750.0,26827.0,186.39820356
2023-06-20 08:00:00,26832.0,26881.0,26700.0,26881.0,118.24866975
2023-06-20 12:00:00,26881.0,27121.0,26651.0,27071.0,456.4562463
2023-06-20 16:00:00,27076.0,28149.0,27001.0,28002.0,1265.38381845
2023-06-20 20:00:00,28004.0,28441.0,27883.0,28315.0,830.50475756
2023-06-21 00:00:00,28316.0,29014.0,28280.0,28723.0,1001.16235066
2023-06-21 04:00:00,28703.0,29008.0,28673.0,28872.0,267.4823881
2023-06-21 08:00:00,28870.0,29257.0,28800.0,28940.0,913.51075753
2023-06-21 12:00:00,28940.0,30000.0,28884.0,29850.0,1557.81606596
2023-06-21 16:00:00,29854.0,30755.0,29768.0,30127.0,1907.50627442
2023-06-21 20:00:00,30137.0,30197.0,29832.0,30009.0,396.16533047
2023-06-22 00:00:00,30010.0,30505.0,29905.0,30304.0,546.71807359
2023-06-22 04:00:00,30301.0,30357.0,30011.0,30103.0,211.14790871
2023-06-22 08:00:00,30103.0,30244.0,29842.0,29933.0,500.24560295
2023-06-22 12:00:00,29934.0,30353.0,29600.0,29866.0,1174.84907553
2023-06-22 16:00:00,29866.0,30262.0,29845.0,30224.0,684.86516008
2023-06-22 20:00:00,30225.0,30271.0,29889.0,29889.0,659.60567761
2023-06-23 00:00:00,29891.0,30056.0,29820.0,30018.0,243.34848322
2023-06-23 04:00:00,30023.0,30087.0,29937.0,29948.0,394.56490689
2023-06-23 08:00:00,29948.0,30193.0,29921.0,30154.0,373.85134815
2023-06-23 12:00:00,30150.0,31458.0,29940.0,31243.0,1582.97856104
2023-06-23 16:00:00,31242.0,31419.0,30639.0,30905.0,1385.83081616
2023-06-23 20:00:00,30914.0,30967.0,30500.0,30716.0,407.81150828
2023-06-24 00:00:00,30703.0,30821.0,30436.0,30752.0,128.58787664
2023-06-24 04:00:00,30751.0,30777.0,30572.0,30581.0,56.57625977
2023-06-24 08:00:00,30579.0,30762.0,30576.0,30694.0,193.06852841
2023-06-24 12:00:00,30695.0,30810.0,30380.0,30415.0,403.21063772
2023-06-24 16:00:00,30421.0,30713.0,30287.0,30646.0,298.39336574
2023-06-24 20:00:00,30642.0,30642.0,30450.0,30548.0,131.89828633
2023-06-25 00:00:00,30550.0,30786.0,30484.0,30761.0,109.79608765
2023-06-25 04:00:00,30766.0,31047.0,30694.0,30743.0,539.00791183
2023-06-25 08:00:00,30742.0,30776.0,30600.0,30721.0,123.07305673
2023-06-25 12:00:00,30725.0,30742.0,30483.0,30596.0,320.83394054
2023-06-25 16:00:00,30594.0,30659.0,30344.0,30443.0,148.15214994
2023-06-25 20:00:00,30440.0,30572.0,30295.0,30477.0,239.40800118
2023-06-26 00:00:00,30480.0,30564.0,29993.0,30301.0,511.23670656
2023-06-26 04:00:00,30296.0,30574.0,30179.0,30410.0,255.00033499
2023-06-26 08:00:00,30409.0,30430.0,30143.0,30327.0,132.61778754
2023-06-26 12:00:00,30328.0,30657.0,30268.0,30425.0,517.58141076
2023-06-26 16:00:00,30413.0,30429.0,29941.0,30254.0,576.88566796
2023-06-26 20:00:00,30272.0,30299.0,30117.0,30274.0,68.75733577
2023-06-27 00:00:00,30278.0,30494.0,30235.0,30374.0,183.29740985
2023-06-27 04:00:00,30378.0,30471.0,30236.0,30410.0,108.49281589
2023-06-27 08:00:00,30420.0,30772.0,30339.0,30726.0,335.20512108
2023-06-27 12:00:00,30732.0,31025.0,30400.0,30500.0,843.14726881
2023-06-27 16:00:00,30508.0,30767.0,30464.0,30679.0,379.10792268
2023-06-27 20:00:00,30678.0,30736.0,30570.0,30696.0,238.30752657
2023-06-28 00:00:00,30697.0,30712.0,30355.0,30458.0,203.67689418
2023-06-28 04:00:00,30456.0,30486.0,30166.0,30186.0,245.86270419
2023-06-28 08:00:00,30186.0,30388.0,30152.0,30314.0,109.21254668
2023-06-28 12:00:00,30313.0,30490.0,30013.0,30415.0,626.00643186
2023-06-28 16:00:00,30417.0,30464.0,29868.0,30095.0,481.10071186
2023-06-28 20:00:00,30094.0,30201.0,29954.0,30079.0,201.68637621
2023-06-29 00:00:00,30078.0,30252.0,30041.0,30164.0,105.57297833
2023-06-29 04:00:00,30165.0,30406.0,30137.0,30330.0,161.77767543
2023-06-29 08:00:00,30337.0,30748.0,30333.0,30664.0,319.55886302
2023-06-29 12:00:00,30665.0,30825.0,30410.0,30473.0,599.11503049
2023-06-29 16:00:00,30473.0,30653.0,30411.0,30585.0,406.99996152
2023-06-29 20:00:00,30584.0,30641.0,30256.0,30444.0,331.59383571
2023-06-30 00:00:00,30445.0,30850.0,30350.0,30734.0,261.54713881
2023-06-30 04:00:00,30735.0,31268.0,30618.0,30760.0,630.26470769
2023-06-30 08:00:00,30760.0,30929.0,30707.0,30906.0,208.83933367
2023-06-30 12:00:00,30902.0,31119.0,29508.0,30066.0,2944.72267707
2023-06-30 16:00:00,30066.0,30701.0,29925.0,30368.0,788.85599155
2023-06-30 20:00:00,30364.0,30532.0,30339.0,30469.0,110.16028936
2023-07-01 00:00:00,30469.0,30529.0,30369.0,30393.0,140.8344978
2023-07-01 04:00:00,30392.0,30461.0,30321.0,30459.0,77.54957074
2023-07-01 08:00:00,30461.0,30589.0,30420.0,30523.0,80.38581836
2023-07-01 12:00:00,30525.0,30647.0,30506.0,30572.0,137.96690884
2023-07-01 16:00:00,30570.0,30633.0,30545.0,30617.0,70.63561984
2023-07-01 20:00:00,30616.0,30618.0,30558.0,30592.0,96.56242392
2023-07-02 00:00:00,30590.0,30644.0,30472.0,30514.0,175.4935661
2023-07-02 04:00:00,30509.0,30553.0,30472.0,30507.0,39.85182757
2023-07-02 08:00:00,30506.0,30545.0,30488.0,30538.0,57.85615435
2023-07-02 12:00:00,30538.0,30620.0,30175.0,30495.0,432.1086836
2023-07-02 16:00:00,30496.0,30681.0,30370.0,30564.0,135.41029406
2023-07-02 20:00:00,30564.0,30785.0,30439.0,30616.0,250.68145478
2023-07-03 00:00:00,30616.0,30857.0,30594.0,30760.0,167.67979578
2023-07-03 04:00:00,30760.0,30794.0,30608.0,30676.0,137.38309463
2023-07-03 08:00:00,30673.0,30696.0,30587.0,30624.0,163.59694827
2023-07-03 12:00:00,30660.0,31160.0,30613.0,31064.0,459.51852534
2023-07-03 16:00:00,31070.0,31378.0,30830.0,31258.0,466.46341596
2023-07-03 20:00:00,31259.0,31300.0,30915.0,31158.0,154.85166259
2023-07-04 00:00:00,31165.0,31327.0,31110.0,31198.0,129.12691555
2023-07-04 04:00:00,31205.0,31217.0,30900.0,30915.0,162.61029458
2023-07-04 08:00:00,30913.0,31084.0,30884.0,31074.0,142.82285357
2023-07-04 12:00:00,31074.0,31083.0,30899.0,30962.0,120.85540575
2023-07-04 16:00:00,30961.0,31111.0,30637.0,30708.0,255.35128612
2023-07-04 20:00:00,30700.0,30829.0,30683.0,30771.0,37.7577541
2023-07-05 00:00:00,30767.0,30855.0,30757.0,30853.0,61.68112587
2023-07-05 04:00:00,30855.0,30866.0,30763.0,30770.0,64.06070464
2023-07-05 08:00:00,30762.0,30781.0,30359.0,30406.0,423.81109607
2023-07-05 12:00:00,30398.0,30439.0,30206.0,30356.0,309.5670603
2023-07-05 16:00:00,30353.0,30591.0,30337.0,30439.0,183.83187392
2023-07-05 20:00:00,30439.0,30538.0,30400.0,30501.0,136.53748988
2023-07-06 00:00:00,30498.0,30556.0,30323.0,30499.0,124.09558904
2023-07-06 04:00:00,30497.0,30857.0,30448.0,30807.0,172.7527014
2023-07-06 08:00:00,30823.0,31500.0,30720.0,30850.0,795.33896807
2023-07-06 12:00:00,30852.0,30886.0,29925.0,30411.0,1037.7434449
2023-07-06 16:00:00,30409.0,30470.0,30172.0,30313.0,430.07953613
2023-07-06 20:00:00,30311.0,30348.0,29868.0,29912.0,527.62355684
2023-07-07 00:00:00,29901.0,30166.0,29722.0,30143.0,379.40678563
2023-07-07 04:00:00,30143.0,30297.0,29944.0,30013.0,299.82307803
2023-07-07 08:00:00,30006.0,30199.0,29972.0,30125.0,210.77162653
2023-07-07 12:00:00,30130.0,30445.0,30058.0,30396.0,617.67175473
2023-07-07 16:00:00,30400.0,30443.0,30123.0,30244.0,190.73139104
2023-07-07 20:00:00,30248.0,30348.0,30219.0,30348.0,188.06638226
2023-07-08 00:00:00,30348.0,30383.0,30264.0,30281.0,93.18294118
2023-07-08 04:00:00,30280.0,30287.0,30156.0,30201.0,53.29695775
2023-07-08 08:00:00,30203.0,30311.0,30163.0,30200.0,141.2406157
2023-07-08 12:00:00,30197.0,30243.0,30163.0,30213.0,76.78923938
2023-07-08 16:00:00,30218.0,30312.0,30056.0,30117.0,158.41482575
2023-07-08 20:00:00,30115.0,30293.0,30067.0,30293.0,80.06940275
2023-07-09 00:00:00,30293.0,30404.0,30260.0,30292.0,148.12280936
2023-07-09 04:00:00,30292.0,30309.0,30241.0,30273.0,52.79877065
2023-07-09 08:00:00,30273.0,30312.0,30257.0,30280.0,60.72607831
2023-07-09 12:00:00,30280.0,30439.0,30200.0,30359.0,235.5008129
2023-07-09 16:00:00,30355.0,30355.0,30219.0,30249.0,52.13837542
2023-07-09 20:00:00,30249.0,30261.0,30073.0,30167.0,91.19793261
2023-07-10 00:00:00,30170.0,30239.0,29964.0,30156.0,316.87453538
2023-07-10 04:00:00,30155.0,30159.0,30059.0,30116.0,98.63359869
2023-07-10 08:00:00,30117.0,30243.0,30010.0,30238.0,124.86985189
2023-07-10 12:00:00,30243.0,30356.0,30153.0,30317.0,341.17893799
2023-07-10 16:00:00,30320.0,30840.0,30245.0,30840.0,460.01683227
2023-07-10 20:00:00,30840.0,31037.0,30221.0,30421.0,557.91175092
2023-07-11 00:00:00,30417.0,30597.0,30375.0,30482.0,215.93580124
2023-07-11 04:00:00,30482.0,30652.0,30439.0,30533.0,102.97587301
2023-07-11 08:00:00,30544.0,30565.0,30359.0,30414.0,108.77409914
2023-07-11 12:00:00,30411.0,30804.0,30310.0,30599.0,458.31580378
2023-07-11 16:00:00,30595.0,30692.0,30421.0,30582.0,316.24171506
2023-07-11 20:00:00,30582.0,30645.0,30507.0,30621.0,72.7755327
2023-07-12 00:00:00,30631.0,30666.0,30508.0,30598.0,154.41515383
2023-07-12 04:00:00,30598.0,30840.0,30570.0,30740.0,129.8535371
2023-07-12 08:00:00,30745.0,30798.0,30662.0,30779.0,150.55414846
2023-07-12 12:00:00,30772.0,30960.0,30476.0,30509.0,892.08470516
2023-07-12 16:00:00,30507.0,30536.0,30219.0,30278.0,263.52330973
2023-07-12 20:00:00,30277.0,30414.0,30241.0,30382.0,144.18891456
2023-07-13 00:00:00,30383.0,30428.0,30279.0,30298.0,142.45641149
2023-07-13 04:00:00,30295.0,30417.0,30259.0,30364.0,85.79951474
2023-07-13 08:00:00,30363.0,30630.0,30346.0,30546.0,234.1557603
2023-07-13 12:00:00,30546.0,31175.0,30470.0,30920.0,775.07413224
2023-07-13 16:00:00,30925.0,31818.0,30733.0,31637.0,1306.08861607
2023-07-13 20:00:00,31637.0,31708.0,31040.0,31471.0,494.83641629
2023-07-14 00:00:00,31474.0,31635.0,31353.0,31474.0,287.69947778
2023-07-14 04:00:00,31472.0,31481.0,31091.0,31109.0,226.16979922
2023-07-14 08:00:00,31109.0,31291.0,31098.0,31220.0,279.73026758
2023-07-14 12:00:00,31221.0,31366.0,31070.0,31258.0,364.87130144
2023-07-14 16:00:00,31247.0,31286.0,29961.0,30122.0,1131.9899106
2023-07-14 20:00:00,30137.0,30331.0,30006.0,30331.0,397.42422444
2023-07-15 00:00:00,30328.0,30403.0,30260.0,30310.0,86.15152689
2023-07-15 04:00:00,30309.0,30370.0,30278.0,30349.0,96.32613031
2023-07-15 08:00:00,30348.0,30381.0,30298.0,30323.0,88.6110246
2023-07-15 12:00:00,30322.0,30374.0,30269.0,30316.0,64.85009948
2023-07-15 16:00:00,30315.0,30364.0,30273.0,30340.0,98.32945788
2023-07-15 20:00:00,30340.0,30340.0,30283.0,30301.0,48.96263259
2023-07-16 00:00:00,30300.0,30337.0,30067.0,30198.0,220.07052102
2023-07-16 04:00:00,30203.0,30321.0,30141.0,30277.0,118.02221712
2023-07-16 08:00:00,30273.0,30355.0,30272.0,30319.0,82.07779907
2023-07-16 12:00:00,30320.0,30442.0,30294.0,30393.0,295.57637263
2023-07-16 16:00:00,30385.0,30420.0,30224.0,30260.0,118.50478385
2023-07-16 20:00:00,30268.0,30370.0,30153.0,30253.0,165.42408817
2023-07-17 00:00:00,30247.0,30341.0,30201.0,30320.0,153.70744287
2023-07-17 04:00:00,30321.0,30335.0,30253.0,30297.0,90.11838908
2023-07-17 08:00:00,30296.0,30333.0,29997.0,30175.0,334.88701981
2023-07-17 12:00:00,30174.0,30308.0,30041.0,30181.0,262.60144944
2023-07-17 16:00:00,30182.0,30243.0,29675.0,29901.0,711.8152021
2023-07-17 20:00:00,29893.0,30293.0,29889.0,30154.0,257.4828166
2023-07-18 00:00:00,30144.0,30244.0,30084.0,30084.0,78.89416261
2023-07-18 04:00:00,30084.0,30123.0,29930.0,29972.0,188.39116074
2023-07-18 08:00:00,29965.0,30105.0,29818.0,29888.0,330.20419073
2023-07-18 12:00:00,29887.0,30022.0,29700.0,29903.0,530.48075749
2023-07-18 16:00:00,29903.0,29960.0,29521.0,29719.0,376.50065176
2023-07-18 20:00:00,29712.0,29868.0,29694.0,29868.0,132.79612015
2023-07-19 00:00:00,29862.0,30083.0,29845.0,30066.0,198.63013211
2023-07-19 04:00:00,30071.0,30188.0,29980.0,30011.0,144.28890718
2023-07-19 08:00:00,30007.0,30044.0,29878.0,30012.0,165.61172549
2023-07-19 12:00:00,30016.0,30122.0,29757.0,29952.0,631.28828785
2023-07-19 16:00:00,29964.0,30098.0,29870.0,30047.0,158.84566154
2023-07-19 20:00:00,30045.0,30055.0,29838.0,29919.0,148.21951251
2023-07-20 00:00:00,29917.0,30050.0,29890.0,29952.0,116.85328545
2023-07-20 04:00:00,29955.0,30233.0,29933.0,30209.0,190.15723639
2023-07-20 08:00:00,30210.0,30414.0,30177.0,30289.0,254.12599667
2023-07-20 12:00:00,30289.0,30313.0,29631.0,29807.0,419.06673039
2023-07-20 16:00:00,29807.0,29871.0,29567.0,29752.0,347.05045083
2023-07-20 20:00:00,29752.0,29882.0,29669.0,29806.0,104.10825623
2023-07-21 00:00:00,29806.0,29947.0,29735.0,29896.0,178.32854236
2023-07-21 04:00:00,29897.0,29906.0,29758.0,29765.0,116.62520287
2023-07-21 08:00:00,29763.0,29853.0,29736.0,29779.0,120.49101023
2023-07-21 12:00:00,29779.0,29911.0,29774.0,29860.0,349.31935255
2023-07-21 16:00:00,29859.0,30051.0,29773.0,29874.0,304.66168593
2023-07-21 20:00:00,29876.0,29968.0,29833.0,29908.0,128.30806024
2023-07-22 00:00:00,29908.0,29995.0,29899.0,29908.0,118.51712577
2023-07-22 04:00:00,29909.0,29990.0,29850.0,29946.0,95.76817804
2023-07-22 08:00:00,29950.0,29979.0,29879.0,29896.0,71.47651709
2023-07-22 12:00:00,29894.0,29911.0,29837.0,29909.0,90.90136892
2023-07-22 16:00:00,29905.0,29918.0,29810.0,29841.0,83.53591895
2023-07-22 20:00:00,29841.0,29846.0,29640.0,29789.0,170.19269036
2023-07-23 00:00:00,29790.0,29893.0,29742.0,29852.0,97.35163132
2023-07-23 04:00:00,29847.0,29979.0,29847.0,29917.0,100.46316431
2023-07-23 08:00:00,29917.0,29957.0,29893.0,29894.0,54.92952277
2023-07-23 12:00:00,29897.0,29926.0,29860.0,29901.0,40.1354277
2023-07-23 16:00:00,29901.0,30342.0,29901.0,30089.0,381.99810229
2023-07-23 20:00:00,30089.0,30138.0,29933.0,30085.0,91.58941907
2023-07-24 00:00:00,30085.0,30099.0,29678.0,29712.0,157.58614195
2023-07-24 04:00:00,29709.0,29864.0,29648.0,29821.0,303.81194237
2023-07-24 08:00:00,29826.0,29833.0,28978.0,29264.0,905.55324449
2023-07-24 12:00:00,29265.0,29265.0,28842.0,29084.0,900.62947559
2023-07-24 16:00:00,29081.0,29152.0,28971.0,29107.0,268.92189218
2023-07-24 20:00:00,29107.0,29201.0,29087.0,29177.0,281.33543591
2023-07-25 00:00:00,29176.0,29185.0,29054.0,29111.0,169.94670445
2023-07-25 04:00:00,29109.0,29157.0,29065.0,29142.0,104.62368521
2023-07-25 08:00:00,29141.0,29275.0,29118.0,29122.0,201.52244233
2023-07-25 12:00:00,29122.0,29328.0,29077.0,29181.0,472.11345788
2023-07-25 16:00:00,29183.0,29362.0,29183.0,29195.0,186.22417385
2023-07-25 20:00:00,29198.0,29253.0,29186.0,29224.0,79.06083068
2023-07-26 00:00:00,29224.0,29398.0,29100.0,29246.0,212.69579694
2023-07-26 04:00:00,29237.0,29308.0,29191.0,29215.0,127.43014457
2023-07-26 08:00:00,29215.0,29240.0,29159.0,29171.0,78.37209628
2023-07-26 12:00:00,29173.0,29343.0,29162.0,29321.0,315.58833417
2023-07-26 16:00:00,29322.0,29500.0,29201.0,29403.0,474.20844811
2023-07-26 20:00:00,29405.0,29678.0,29294.0,29354.0,308.94666325
2023-07-27 00:00:00,29353.0,29443.0,29303.0,29402.0,82.09198594
2023-07-27 04:00:00,29402.0,29494.0,29378.0,29417.0,106.94722423
2023-07-27 08:00:00,29411.0,29563.0,29402.0,29505.0,180.73262538
2023-07-27 12:00:00,29506.0,29509.0,29239.0,29293.0,482.77588826
2023-07-27 16:00:00,29289.0,29325.0,29081.0,29158.0,386.97665024
2023-07-27 20:00:00,29158.0,29234.0,29124.0,29219.0,74.11933419
2023-07-28 00:00:00,29214.0,29294.0,29184.0,29245.0,133.54802378
2023-07-28 04:00:00,29251.0,29257.0,29122.0,29135.0,150.35393349
2023-07-28 08:00:00,29128.0,29229.0,29121.0,29202.0,115.88058054
2023-07-28 12:00:00,29197.0,29525.0,29197.0,29384.0,546.63384115
2023-07-28 16:00:00,29386.0,29402.0,29190.0,29319.0,232.69701417
2023-07-28 20:00:00,29314.0,29363.0,29281.0,29317.0,62.370798
2023-07-29 00:00:00,29316.0,29388.0,29296.0,29373.0,112.55037043
2023-07-29 04:00:00,29373.0,29404.0,29295.0,29296.0,52.91975938
2023-07-29 08:00:00,29295.0,29328.0,29251.0,29269.0,68.12233864
2023-07-29 12:00:00,29268.0,29331.0,29262.0,29298.0,84.57947134
2023-07-29 16:00:00,29298.0,29345.0,29278.0,29339.0,56.84960537
2023-07-29 20:00:00,29338.0,29377.0,29338.0,29360.0,27.46399859
2023-07-30 00:00:00,29360.0,29360.0,29308.0,29319.0,35.78605766
2023-07-30 04:00:00,29318.0,29335.0,29275.0,29291.0,35.70889228
2023-07-30 08:00:00,29291.0,29314.0,29240.0,29313.0,102.39079475
2023-07-30 12:00:00,29314.0,29446.0,29282.0,29349.0,189.35432932
2023-07-30 16:00:00,29349.0,29398.0,29117.0,29197.0,226.52969688
2023-07-30 20:00:00,29190.0,29285.0,29034.0,29279.0,202.40911506
2023-07-31 00:00:00,29279.0,29511.0,29263.0,29423.0,136.64113454
2023-07-31 04:00:00,29430.0,29438.0,29366.0,29377.0,46.45779766
2023-07-31 08:00:00,29376.0,29410.0,29330.0,29393.0,127.72040486
2023-07-31 12:00:00,29394.0,29469.0,29226.0,29240.0,368.50439805
2023-07-31 16:00:00,29238.0,29272.0,29115.0,29157.0,115.49484756
2023-07-31 20:00:00,29153.0,29287.0,29120.0,29231.0,105.0523012
2023-08-01 00:00:00,29221.0,29345.0,28726.0,28830.0,356.64798092
2023-08-01 04:00:00,28824.0,28958.0,28803.0,28931.0,171.09962352
2023-08-01 08:00:00,28930.0,28981.0,28842.0,28847.0,293.83017375
2023-08-01 12:00:00,28852.0,28954.0,28574.0,28938.0,569.10478482
2023-08-01 16:00:00,28943.0,29301.0,28846.0,29258.0,460.84078306
2023-08-01 20:00:00,29261.0,29715.0,29162.0,29696.0,451.24684243
2023-08-02 00:00:00,29697.0,30025.0,29611.0,29613.0,447.99468737
2023-08-02 04:00:00,29621.0,29697.0,29541.0,29559.0,129.11472612
2023-08-02 08:00:00,29558.0,29558.0,29375.0,29551.0,324.51625358
2023-08-02 12:00:00,29554.0,29586.0,29164.0,29308.0,497.83012953
2023-08-02 16:00:00,29302.0,29345.0,28929.0,29136.0,519.05364482
2023-08-02 20:00:00,29126.0,29212.0,29046.0,29164.0,71.56182467
2023-08-03 00:00:00,29157.0,29250.0,29116.0,29161.0,204.85954622
2023-08-03 04:00:00,29161.0,29166.0,28994.0,29018.0,169.92749256
2023-08-03 08:00:00,29014.0,29163.0,28925.0,29118.0,185.33383108
2023-08-03 12:00:00,29118.0,29395.0,29051.0,29231.0,449.69755996
2023-08-03 16:00:00,29227.0,29340.0,29135.0,29260.0,256.79865061
2023-08-03 20:00:00,29255.0,29333.0,29147.0,29176.0,93.03532299
2023-08-04 00:00:00,29175.0,29231.0,29089.0,29140.0,53.83392334
2023-08-04 04:00:00,29140.0,29220.0,29113.0,29187.0,94.38017399
2023-08-04 08:00:00,29187.0,29229.0,29114.0,29143.0,117.59791437
2023-08-04 12:00:00,29141.0,29306.0,29106.0,29253.0,343.59263032
2023-08-04 16:00:00,29257.0,29269.0,28924.0,28986.0,584.03237074
2023-08-04 20:00:00,28990.0,29086.0,28784.0,29077.0,237.1978616
2023-08-05 00:00:00,29075.0,29107.0,29023.0,29051.0,78.27980849
2023-08-05 04:00:00,29053.0,29055.0,28995.0,29009.0,35.00598449
2023-08-05 08:00:00,29009.0,29048.0,28998.0,29014.0,68.10453696
2023-08-05 12:00:00,29014.0,29051.0,28950.0,29011.0,81.36978066
2023-08-05 16:00:00,29005.0,29065.0,28972.0,29037.0,48.80585156
2023-08-05 20:00:00,29037.0,29065.0,29029.0,29049.0,27.74639171
2023-08-06 00:00:00,29049.0,29049.0,29012.0,29031.0,52.54383467
2023-08-06 04:00:00,29031.0,29072.0,29017.0,29061.0,49.68644247
2023-08-06 08:00:00,29066.0,29099.0,29015.0,29043.0,52.63920712
2023-08-06 12:00:00,29043.0,29048.0,28962.0,28976.0,85.34273166
2023-08-06 16:00:00,28973.0,29065.0,28964.0,29051.0,53.98564818
2023-08-06 20:00:00,29053.0,29159.0,29002.0,29042.0,200.03936266
2023-08-07 00:00:00,29041.0,29177.0,28977.0,29113.0,177.14965229
2023-08-07 04:00:00,29110.0,29149.0,29002.0,29043.0,156.62205163
2023-08-07 08:00:00,29043.0,29093.0,28993.0,29040.0,128.94398613
2023-08-07 12:00:00,29038.0,29080.0,28763.0,28819.0,428.68171819
2023-08-07 16:00:00,28818.0,29154.0,28671.0,29119.0,443.45054254
2023-08-07 20:00:00,29119.0,29244.0,29088.0,29181.0,105.64749398
2023-08-08 00:00:00,29186.0,29219.0,29107.0,29161.0,120.35433753
2023-08-08 04:00:00,29164.0,29285.0,29151.0,29151.0,98.91435001
2023-08-08 08:00:00,29151.0,29405.0,29136.0,29404.0,258.82077103
2023-08-08 12:00:00,29404.0,29648.0,29330.0,29518.0,658.46474426
2023-08-08 16:00:00,29514.0,29957.0,29514.0,29884.0,860.58142934
2023-08-08 20:00:00,29890.0,30210.0,29694.0,29764.0,551.07313477
2023-08-09 00:00:00,29776.0,29869.0,29651.0,29704.0,159.23030845
2023-08-09 04:00:00,29708.0,29809.0,29658.0,29808.0,83.32776306
2023-08-09 08:00:00,29810.0,29886.0,29730.0,29875.0,147.74856834
2023-08-09 12:00:00,29873.0,30119.0,29667.0,29745.0,495.57150052
2023-08-09 16:00:00,29750.0,29759.0,29377.0,29399.0,270.66191962
2023-08-09 20:00:00,29395.0,29606.0,29352.0,29565.0,185.54170496
2023-08-10 00:00:00,29565.0,29637.0,29549.0,29556.0,154.71503499
2023-08-10 04:00:00,29557.0,29585.0,29469.0,29481.0,119.10845799
2023-08-10 08:00:00,29484.0,29529.0,29451.0,29473.0,115.05068533
2023-08-10 12:00:00,29473.0,29703.0,29372.0,29440.0,326.96176725
2023-08-10 16:00:00,29438.0,29446.0,29294.0,29399.0,313.26504597
2023-08-10 20:00:00,29398.0,29448.0,29386.0,29423.0,62.15719938
2023-08-11 00:00:00,29424.0,29465.0,29300.0,29370.0,204.92902773
2023-08-11 04:00:00,29371.0,29435.0,29345.0,29373.0,86.48010465
2023-08-11 08:00:00,29373.0,29409.0,29316.0,29409.0,122.51051337
2023-08-11 12:00:00,29409.0,29525.0,29322.0,29363.0,246.29413518
2023-08-11 16:00:00,29361.0,29396.0,29222.0,29364.0,137.67700591
2023-08-11 20:00:00,29363.0,29413.0,29360.0,29398.0,41.69264961
2023-08-12 00:00:00,29398.0,29433.0,29350.0,29374.0,83.58639179
2023-08-12 04:00:00,29375.0,29402.0,29359.0,29394.0,62.20216044
2023-08-12 08:00:00,29393.0,29412.0,29369.0,29403.0,50.27055442
2023-08-12 12:00:00,29406.0,29433.0,29388.0,29425.0,70.74872371
2023-08-12 16:00:00,29425.0,29465.0,29398.0,29403.0,51.50081933
2023-08-12 20:00:00,29401.0,29416.0,29388.0,29415.0,31.32813326
2023-08-13 00:00:00,29415.0,29440.0,29386.0,29398.0,48.01537017
2023-08-13 04:00:00,29396.0,29396.0,29351.0,29381.0,28.51961681
2023-08-13 08:00:00,29380.0,29395.0,29359.0,29363.0,34.3366463
2023-08-13 12:00:00,29363.0,29376.0,29345.0,29352.0,51.46682135
2023-08-13 16:00:00,29350.0,29443.0,29314.0,29422.0,54.15265456
2023-08-13 20:00:00,29422.0,29422.0,29254.0,29284.0,140.66365134
2023-08-14 00:00:00,29280.0,29386.0,29086.0,29363.0,244.76836924
2023-08-14 04:00:00,29378.0,29430.0,29354.0,29386.0,100.22619674
2023-08-14 08:00:00,29386.0,29454.0,29352.0,29379.0,140.76289334
2023-08-14 12:00:00,29377.0,29627.0,29296.0,29565.0,348.54829793
2023-08-14 16:00:00,29575.0,29659.0,29229.0,29323.0,238.12960629
2023-08-14 20:00:00,29329.0,29446.0,29297.0,29408.0,208.67245356
2023-08-15 00:00:00,29408.0,29430.0,29338.0,29364.0,57.40040217
2023-08-15 04:00:00,29362.0,29388.0,29315.0,29373.0,73.23703113
2023-08-15 08:00:00,29372.0,29410.0,29320.0,29328.0,156.13117308
2023-08-15 12:00:00,29328.0,29455.0,29275.0,29292.0,282.26013662
2023-08-15 16:00:00,29288.0,29327.0,29060.0,29149.0,354.55891921
2023-08-15 20:00:00,29147.0,29206.0,29108.0,29172.0,157.42277986
2023-08-16 00:00:00,29171.0,29224.0,29155.0,29188.0,76.10308593
2023-08-16 04:00:00,29191.0,29197.0,29082.0,29160.0,120.55647197
2023-08-16 08:00:00,29162.0,29179.0,29072.0,29132.0,188.82324674
2023-08-16 12:00:00,29127.0,29170.0,29017.0,29075.0,528.04659748
2023-08-16 16:00:00,29074.0,29204.0,28918.0,29078.0,293.50629453
2023-08-16 20:00:00,29079.0,29106.0,28693.0,28701.0,591.04047474
2023-08-17 00:00:00,28692.0,28757.0,28300.0,28625.0,473.22105403
2023-08-17 04:00:00,28627.0,28667.0,28561.0,28582.0,201.99592236
2023-08-17 08:00:00,28584.0,28598.0,28454.0,28503.0,249.8054242
2023-08-17 12:00:00,28504.0,28533.0,27820.0,27896.0,994.90225721
2023-08-17 16:00:00,27899.0,28051.0,27683.0,27852.0,741.90878573
2023-08-17 20:00:00,27855.0,27885.0,26266.0,26642.0,2287.72543084
2023-08-18 00:00:00,26632.0,26813.0,26320.0,26403.0,168.74311057
2023-08-18 04:00:00,26399.0,26604.0,26172.0,26413.0,507.25731442
2023-08-18 08:00:00,26414.0,26600.0,26378.0,26478.0,230.81904476
2023-08-18 12:00:00,26480.0,26490.0,25924.0,25970.0,772.26390749
2023-08-18 16:00:00,25974.0,26289.0,25601.0,26046.0,812.25452674
2023-08-18 20:00:00,26045.0,26225.0,26005.0,26051.0,148.35033296
2023-08-19 00:00:00,26051.0,26141.0,25920.0,25959.0,136.19612275
2023-08-19 04:00:00,25958.0,26003.0,25798.0,25908.0,192.34292703
2023-08-19 08:00:00,25912.0,25987.0,25883.0,25898.0,137.3794049
2023-08-19 12:00:00,25897.0,26216.0,25871.0,26210.0,255.99492075
2023-08-19 16:00:00,26197.0,26264.0,26027.0,26126.0,204.05032352
2023-08-19 20:00:00,26126.0,26154.0,26035.0,26097.0,95.38559696
2023-08-20 00:00:00,26097.0,26200.0,26047.0,26104.0,142.38941406
2023-08-20 04:00:00,26104.0,26154.0,26049.0,26089.0,73.47759821
2023-08-20 08:00:00,26088.0,26188.0,26057.0,26179.0,76.25675875
2023-08-20 12:00:00,26180.0,26210.0,25979.0,26107.0,183.75168727
2023-08-20 16:00:00,26105.0,26154.0,26010.0,26138.0,104.97962611
2023-08-20 20:00:00,26137.0,26297.0,26137.0,26192.0,131.07794605
2023-08-21 00:00:00,26193.0,26194.0,26068.0,26090.0,84.73506831
2023-08-21 04:00:00,26088.0,26174.0,25996.0,26016.0,171.79598853
2023-08-21 08:00:00,26013.0,26077.0,25884.0,26026.0,283.76377239
2023-08-21 12:00:00,26026.0,26187.0,25828.0,25941.0,493.99936299
2023-08-21 16:00:00,25944.0,26155.0,25938.0,26100.0,250.40825099
2023-08-21 20:00:00,26098.0,26240.0,26080.0,26125.0,324.65220044
2023-08-22 00:00:00,26125.0,26137.0,26020.0,26050.0,68.3747754
2023-08-22 04:00:00,26049.0,26105.0,25997.0,26093.0,97.98134524
2023-08-22 08:00:00,26097.0,26102.0,26020.0,26047.0,70.7770591
2023-08-22 12:00:00,26043.0,26090.0,25912.0,25929.0,424.53870678
2023-08-22 16:00:00,25918.0,26043.0,25721.0,25770.0,467.26080713
2023-08-22 20:00:00,25776.0,26049.0,25350.0,26042.0,656.45334921
2023-08-23 00:00:00,26048.0,26171.0,25984.0,25999.0,126.05903089
2023-08-23 04:00:00,25994.0,26165.0,25972.0,26051.0,191.50149734
2023-08-23 08:00:00,26051.0,26078.0,25904.0,25926.0,110.21979374
2023-08-23 12:00:00,25926.0,26167.0,25805.0,26130.0,452.80454252
2023-08-23 16:00:00,26134.0,26800.0,26119.0,26626.0,830.64990934
2023-08-23 20:00:00,26619.0,26711.0,26223.0,26431.0,761.29241688
2023-08-24 00:00:00,26429.0,26532.0,26348.0,26438.0,149.18955226
2023-08-24 04:00:00,26435.0,26502.0,26390.0,26472.0,92.13808957
2023-08-24 08:00:00,26476.0,26562.0,26408.0,26436.0,179.81380822
2023-08-24 12:00:00,26438.0,26438.0,25980.0,25980.0,726.16151988
2023-08-24 16:00:00,25987.0,26154.0,25852.0,26016.0,382.93122121
2023-08-24 20:00:00,26025.0,26188.0,25926.0,26168.0,148.39396676
2023-08-25 00:00:00,26169.0,26175.0,26015.0,26101.0,86.87630767
2023-08-25 04:00:00,26102.0,26103.0,25958.0,25962.0,149.86780126
2023-08-25 08:00:00,25969.0,26111.0,25955.0,26091.0,154.43926454
2023-08-25 12:00:00,26092.0,26281.0,25748.0,25930.0,1264.50791411
2023-08-25 16:00:00,25916.0,26046.0,25816.0,25956.0,235.54537288
2023-08-25 20:00:00,25945.0,26068.0,25939.0,26048.0,33.47126894
2023-08-26 00:00:00,26050.0,26102.0,26028.0,26073.0,46.32415677
2023-08-26 04:00:00,26072.0,26072.0,26036.0,26039.0,25.45136745
2023-08-26 08:00:00,26037.0,26048.0,25995.0,26030.0,47.04880034
2023-08-26 12:00:00,26029.0,26052.0,25976.0,26042.0,41.42611623
2023-08-26 16:00:00,26043.0,26048.0,26001.0,26028.0,48.12424846
2023-08-26 20:00:00,26026.0,26030.0,25985.0,26008.0,40.66832925
2023-08-27 00:00:00,26007.0,26015.0,25962.0,26007.0,42.14505177
2023-08-27 04:00:00,26008.0,26036.0,26008.0,26030.0,29.9509709
2023-08-27 08:00:00,26035.0,26074.0,26024.0,26053.0,35.87441434
2023-08-27 12:00:00,26053.0,26155.0,26048.0,26106.0,94.08781791
2023-08-27 16:00:00,26106.0,26168.0,26039.0,26115.0,147.35052055
2023-08-27 20:00:00,26113.0,26116.0,26036.0,26090.0,50.16059095
2023-08-28 00:00:00,26087.0,26092.0,25983.0,26000.0,98.95801122
2023-08-28 04:00:00,25999.0,26025.0,25880.0,25921.0,190.02529682
2023-08-28 08:00:00,25921.0,25985.0,25856.0,25984.0,196.13010191
2023-08-28 12:00:00,25986.0,26223.0,25972.0,26085.0,357.16850388
2023-08-28 16:00:00,26088.0,26171.0,25915.0,25976.0,233.55754008
2023-08-28 20:00:00,25975.0,26151.0,25947.0,26103.0,136.50512731
2023-08-29 00:00:00,26103.0,26181.0,26049.0,26070.0,136.87991305
2023-08-29 04:00:00,26064.0,26075.0,25980.0,25995.0,79.04414714
2023-08-29 08:00:00,25985.0,26022.0,25913.0,25961.0,167.52278465
2023-08-29 12:00:00,25961.0,27723.0,25949.0,27421.0,2604.37520353
2023-08-29 16:00:00,27424.0,28142.0,27351.0,27847.0,1303.9769272
2023-08-29 20:00:00,27855.0,27885.0,27546.0,27726.0,289.82312205
2023-08-30 00:00:00,27722.0,27757.0,27298.0,27400.0,346.34819334
2023-08-30 04:00:00,27412.0,27469.0,27383.0,27437.0,117.19169174
2023-08-30 08:00:00,27437.0,27491.0,27318.0,27341.0,225.02877215
2023-08-30 12:00:00,27337.0,27452.0,27006.0,27204.0,867.07432548
2023-08-30 16:00:00,27197.0,27281.0,27045.0,27178.0,289.07711244
2023-08-30 20:00:00,27198.0,27328.0,27186.0,27300.0,239.92458858
2023-08-31 00:00:00,27302.0,27302.0,27180.0,27210.0,93.4689855
2023-08-31 04:00:00,27209.0,27283.0,27209.0,27255.0,67.40500389
2023-08-31 08:00:00,27255.0,27537.0,27192.0,27307.0,367.08733839
2023-08-31 12:00:00,27307.0,27308.0,26814.0,26918.0,672.22711803
2023-08-31 16:00:00,26916.0,26921.0,25946.0,26181.0,1017.00507812
2023-08-31 20:00:00,26147.0,26188.0,25683.0,25932.0,592.53824052
2023-09-01 00:00:00,25927.0,26081.0,25927.0,26071.0,110.82310701
2023-09-01 04:00:00,26072.0,26083.0,25964.0,25982.0,92.82108027
2023-09-01 08:00:00,25982.0,26052.0,25953.0,26039.0,117.24889505
2023-09-01 12:00:00,26036.0,26134.0,25585.0,25799.0,658.98249004
2023-09-01 16:00:00,25798.0,25939.0,25333.0,25622.0,789.33441208
2023-09-01 20:00:00,25628.0,25890.0,25561.0,25798.0,201.47903415
2023-09-02 00:00:00,25801.0,25832.0,25753.0,25786.0,63.82006411
2023-09-02 04:00:00,25787.0,25828.0,25756.0,25789.0,79.82776983
2023-09-02 08:00:00,25789.0,25854.0,25769.0,25810.0,61.93197875
2023-09-02 12:00:00,25809.0,25980.0,25787.0,25906.0,182.52250011
2023-09-02 16:00:00,25900.0,25937.0,25764.0,25836.0,114.29192403
2023-09-02 20:00:00,25825.0,25899.0,25821.0,25870.0,55.53240653
2023-09-03 00:00:00,25870.0,25896.0,25836.0,25864.0,60.30378438
2023-09-03 04:00:00,25864.0,25946.0,25864.0,25946.0,75.454708
2023-09-03 08:00:00,25946.0,25946.0,25878.0,25938.0,75.50473783
2023-09-03 12:00:00,25940.0,26071.0,25828.0,25872.0,241.58011414
2023-09-03 16:00:00,25870.0,26012.0,25807.0,26002.0,156.57939484
2023-09-03 20:00:00,26002.0,26112.0,25934.0,25970.0,110.11537723
2023-09-04 00:00:00,25972.0,26081.0,25878.0,25988.0,161.92171389
2023-09-04 04:00:00,25990.0,26005.0,25916.0,25952.0,115.45003761
2023-09-04 08:00:00,25954.0,25996.0,25869.0,25882.0,194.47469216
2023-09-04 12:00:00,25880.0,25946.0,25729.0,25808.0,314.48683126
2023-09-04 16:00:00,25808.0,25935.0,25801.0,25886.0,90.11251793
2023-09-04 20:00:00,25885.0,25904.0,25646.0,25819.0,207.25845643
2023-09-05 00:00:00,25827.0,25831.0,25547.0,25670.0,199.0547106
2023-09-05 04:00:00,25673.0,25734.0,25662.0,25719.0,129.72717383
2023-09-05 08:00:00,25720.0,25788.0,25642.0,25762.0,125.21665725
2023-09-05 12:00:00,25761.0,25862.0,25621.0,25738.0,377.82143109
2023-09-05 16:00:00,25739.0,25819.0,25672.0,25672.0,86.75580952
2023-09-05 20:00:00,25675.0,25793.0,25667.0,25783.0,88.10410173
2023-09-06 00:00:00,25779.0,25844.0,25766.0,25771.0,139.25375743
2023-09-06 04:00:00,25770.0,25778.0,25713.0,25713.0,77.00397763
2023-09-06 08:00:00,25713.0,25760.0,25703.0,25722.0,94.08871618
2023-09-06 12:00:00,25718.0,25754.0,25528.0,25578.0,360.30842437
2023-09-06 16:00:00,25579.0,26000.0,25386.0,25659.0,471.62794859
2023-09-06 20:00:00,25670.0,25772.0,25633.0,25748.0,135.92564765
2023-09-07 00:00:00,25750.0,25816.0,25709.0,25816.0,47.02411616
2023-09-07 04:00:00,25816.0,25828.0,25735.0,25758.0,62.69037806
2023-09-07 08:00:00,25755.0,25755.0,25677.0,25692.0,73.78547164
2023-09-07 12:00:00,25690.0,25813.0,25600.0,25760.0,429.86282626
2023-09-07 16:00:00,25755.0,25957.0,25755.0,25886.0,213.16161455
2023-09-07 20:00:00,25871.0,26417.0,25844.0,26245.0,820.82757318
2023-09-08 00:00:00,26256.0,26429.0,26201.0,26252.0,311.40200303
2023-09-08 04:00:00,26255.0,26372.0,26193.0,26249.0,221.25029539
2023-09-08 08:00:00,26249.0,26261.0,25652.0,25829.0,550.57972402
2023-09-08 12:00:00,25828.0,25940.0,25791.0,25836.0,232.45913885
2023-09-08 16:00:00,25832.0,25885.0,25729.0,25885.0,258.79220473
2023-09-08 20:00:00,25886.0,25927.0,25849.0,25908.0,74.99438392
2023-09-09 00:00:00,25908.0,25908.0,25849.0,25867.0,144.19641812
2023-09-09 04:00:00,25869.0,25884.0,25835.0,25876.0,57.70080559
2023-09-09 08:00:00,25876.0,25893.0,25850.0,25859.0,44.91336412
2023-09-09 12:00:00,25863.0,25908.0,25801.0,25886.0,95.23388688
2023-09-09 16:00:00,25889.0,25927.0,25847.0,25867.0,52.46297708
2023-09-09 20:00:00,25866.0,25908.0,25851.0,25899.0,41.58350762
2023-09-10 00:00:00,25899.0,25899.0,25828.0,25857.0,52.22672975
2023-09-10 04:00:00,25855.0,25865.0,25755.0,25851.0,121.03202271
2023-09-10 08:00:00,25846.0,25862.0,25797.0,25797.0,51.8183069
2023-09-10 12:00:00,25795.0,25819.0,25717.0,25768.0,118.72479374
2023-09-10 16:00:00,25764.0,25840.0,25588.0,25793.0,298.27476334
2023-09-10 20:00:00,25790.0,26018.0,25769.0,25836.0,234.83497653
2023-09-11 00:00:00,25839.0,25870.0,25661.0,25731.0,164.40608874
2023-09-11 04:00:00,25729.0,25881.0,25716.0,25807.0,125.00077863
2023-09-11 08:00:00,25806.0,25819.0,25591.0,25595.0,430.5965096
2023-09-11 12:00:00,25595.0,25738.0,24957.0,25106.0,755.89030203
2023-09-11 16:00:00,25100.0,25229.0,24990.0,25005.0,324.85227016
2023-09-11 20:00:00,25010.0,25206.0,24920.0,25155.0,215.33667743
2023-09-12 00:00:00,25157.0,25924.0,25129.0,25788.0,731.9418974
2023-09-12 04:00:00,25794.0,25952.0,25616.0,25820.0,506.88536519
2023-09-12 08:00:00,25818.0,26298.0,25723.0,26086.0,367.46185076
2023-09-12 12:00:00,26096.0,26373.0,26037.0,26208.0,740.58232893
2023-09-12 16:00:00,26212.0,26529.0,25893.0,26071.0,666.27225601
2023-09-12 20:00:00,26071.0,26150.0,25822.0,25844.0,204.29878938
2023-09-13 00:00:00,25842.0,25980.0,25762.0,25874.0,229.21217386
2023-09-13 04:00:00,25877.0,26093.0,25852.0,25871.0,225.36218462
2023-09-13 08:00:00,25867.0,26232.0,25867.0,26186.0,303.11032802
2023-09-13 12:00:00,26192.0,26380.0,26040.0,26252.0,485.31853929
2023-09-13 16:00:00,26244.0,26395.0,26059.0,26146.0,194.4229121
2023-09-13 20:00:00,26150.0,26308.0,26146.0,26226.0,128.85131797
2023-09-14 00:00:00,26229.0,26535.0,26143.0,26270.0,414.58425336
2023-09-14 04:00:00,26271.0,26373.0,26168.0,26343.0,80.6553928
2023-09-14 08:00:00,26338.0,26473.0,26269.0,26450.0,202.3985296
2023-09-14 12:00:00,26472.0,26797.0,26354.0,26697.0,950.68074934
2023-09-14 16:00:00,26705.0,26849.0,26559.0,26689.0,348.15376901
2023-09-14 20:00:00,26693.0,26726.0,26500.0,26529.0,90.55333183
2023-09-15 00:00:00,26529.0,26621.0,26461.0,26621.0,209.27616166
2023-09-15 04:00:00,26623.0,26656.0,26559.0,26574.0,122.1936309
2023-09-15 08:00:00,26574.0,26683.0,26389.0,26427.0,240.55002447
2023-09-15 12:00:00,26426.0,26523.0,26228.0,26322.0,315.63479035
2023-09-15 16:00:00,26320.0,26449.0,26315.0,26404.0,136.59784839
2023-09-15 20:00:00,26407.0,26878.0,26379.0,26607.0,364.55654858
2023-09-16 00:00:00,26609.0,26767.0,26579.0,26627.0,198.51035805
2023-09-16 04:00:00,26624.0,26627.0,26479.0,26503.0,106.30145776
2023-09-16 08:00:00,26502.0,26579.0,26459.0,26520.0,135.81341051
2023-09-16 12:00:00,26522.0,26579.0,26498.0,26519.0,21.03463996
2023-09-16 16:00:00,26519.0,26620.0,26510.0,26545.0,96.50133469
2023-09-16 20:00:00,26538.0,26583.0,26523.0,26571.0,51.55260243
2023-09-17 00:00:00,26571.0,26571.0,26432.0,26535.0,89.28467868
2023-09-17 04:00:00,26535.0,26568.0,26507.0,26508.0,52.33858054
2023-09-17 08:00:00,26508.0,26618.0,26503.0,26577.0,81.9524208
2023-09-17 12:00:00,26579.0,26602.0,26538.0,26559.0,85.94781943
2023-09-17 16:00:00,26559.0,26559.0,26479.0,26512.0,62.74237993
2023-09-17 20:00:00,26512.0,26535.0,26414.0,26535.0,150.71303635
2023-09-18 00:00:00,26533.0,26743.0,26382.0,26662.0,213.1417762
2023-09-18 04:00:00,26666.0,26793.0,26579.0,26715.0,149.58801637
2023-09-18 08:00:00,26718.0,27238.0,26684.0,27206.0,452.05833234
2023-09-18 12:00:00,27206.0,27422.0,27153.0,27284.0,449.52082482
2023-09-18 16:00:00,27281.0,27327.0,26648.0,26831.0,539.80750549
2023-09-18 20:00:00,26830.0,26881.0,26737.0,26770.0,211.71321148
2023-09-19 00:00:00,26766.0,26839.0,26682.0,26829.0,97.47339432
2023-09-19 04:00:00,26825.0,26888.0,26767.0,26854.0,70.23170976
2023-09-19 08:00:00,26861.0,27459.0,26861.0,27235.0,646.3431595
2023-09-19 12:00:00,27238.0,27484.0,26900.0,27429.0,544.04532262
2023-09-19 16:00:00,27450.0,27486.0,27083.0,27199.0,232.49816992
2023-09-19 20:00:00,27198.0,27232.0,27001.0,27214.0,296.13883997
2023-09-20 00:00:00,27220.0,27389.0,27096.0,27127.0,477.08785664
2023-09-20 04:00:00,27119.0,27166.0,26954.0,27114.0,342.39363707
2023-09-20 08:00:00,27114.0,27192.0,26958.0,27106.0,408.38878128
2023-09-20 12:00:00,27101.0,27232.0,27007.0,27188.0,223.53704712
2023-09-20 16:00:00,27188.0,27297.0,26852.0,26945.0,537.83916564
2023-09-20 20:00:00,26950.0,27235.0,26933.0,27128.0,275.59200376
2023-09-21 00:00:00,27124.0,27177.0,26944.0,27035.0,288.00106149
2023-09-21 04:00:00,27038.0,27101.0,26988.0,26992.0,166.48778993
2023-09-21 08:00:00,26993.0,27017.0,26633.0,26732.0,263.28596064
2023-09-21 12:00:00,26732.0,26777.0,26376.0,26583.0,350.75587781
2023-09-21 16:00:00,26582.0,26685.0,26542.0,26602.0,119.98220391
2023-09-21 20:00:00,26588.0,26631.0,26522.0,26563.0,368.54270026
2023-09-22 00:00:00,26568.0,26660.0,26479.0,26629.0,145.65502804
2023-09-22 04:00:00,26634.0,26695.0,26576.0,26670.0,97.40832115
2023-09-22 08:00:00,26677.0,26733.0,26591.0,26640.0,87.12177319
2023-09-22 12:00:00,26640.0,26689.0,26557.0,26631.0,155.14382791
2023-09-22 16:00:00,26630.0,26647.0,26536.0,26536.0,120.61711176
2023-09-22 20:00:00,26542.0,26595.0,26493.0,26581.0,77.55297139
2023-09-23 00:00:00,26577.0,26610.0,26530.0,26537.0,40.4486694
2023-09-23 04:00:00,26531.0,26586.0,26519.0,26579.0,47.3507382
2023-09-23 08:00:00,26579.0,26592.0,26559.0,26578.0,33.12096553
2023-09-23 12:00:00,26579.0,26592.0,26557.0,26579.0,36.53815661
2023-09-23 16:00:00,26579.0,26634.0,26562.0,26613.0,63.97273053
2023-09-23 20:00:00,26613.0,26620.0,26567.0,26583.0,41.89135709
2023-09-24 00:00:00,26582.0,26590.0,26567.0,26574.0,17.45973383
2023-09-24 04:00:00,26573.0,26578.0,26545.0,26567.0,25.06237502
2023-09-24 08:00:00,26567.0,26618.0,26562.0,26600.0,51.85505419
2023-09-24 12:00:00,26601.0,26621.0,26568.0,26582.0,33.43607018
2023-09-24 16:00:00,26582.0,26730.0,26359.0,26458.0,395.42757691
2023-09-24 20:00:00,26455.0,26520.0,26148.0,26248.0,255.53948822
2023-09-25 00:00:00,26215.0,26329.0,26008.0,26155.0,293.72252759
2023-09-25 04:00:00,26156.0,26191.0,26041.0,26181.0,100.95165583
2023-09-25 08:00:00,26181.0,26210.0,26018.0,26067.0,106.31454052
2023-09-25 12:00:00,26066.0,26290.0,25977.0,26235.0,472.83036007
2023-09-25 16:00:00,26243.0,26414.0,26228.0,26331.0,203.18001366
2023-09-25 20:00:00,26335.0,26436.0,26266.0,26297.0,130.38701181
2023-09-26 00:00:00,26298.0,26386.0,26231.0,26354.0,101.12366584
2023-09-26 04:00:00,26352.0,26360.0,26253.0,26264.0,61.51213219
2023-09-26 08:00:00,26265.0,26319.0,26188.0,26266.0,133.31742506
2023-09-26 12:00:00,26266.0,26296.0,26085.0,26116.0,300.29655416
2023-09-26 16:00:00,26116.0,26278.0,26105.0,26240.0,125.5501638
2023-09-26 20:00:00,26232.0,26269.0,26093.0,26208.0,162.7819551
2023-09-27 00:00:00,26203.0,26272.0,26194.0,26266.0,93.07536383
2023-09-27 04:00:00,26271.0,26273.0,26221.0,26232.0,18.04475493
2023-09-27 08:00:00,26226.0,26817.0,26210.0,26749.0,597.149083
2023-09-27 12:00:00,26759.0,26823.0,26155.0,26277.0,511.64569958
2023-09-27 16:00:00,26280.0,26291.0,26095.0,26241.0,114.37750441
2023-09-27 20:00:00,26239.0,26375.0,26208.0,26361.0,511.40289877
2023-09-28 00:00:00,26361.0,26537.0,26327.0,26360.0,553.44949895
2023-09-28 04:00:00,26361.0,26479.0,26325.0,26434.0,328.98815356
2023-09-28 08:00:00,26440.0,26584.0,26373.0,26454.0,168.96857959
2023-09-28 12:00:00,26455.0,27038.0,26446.0,27006.0,618.16290321
2023-09-28 16:00:00,27027.0,27297.0,26892.0,27103.0,888.14079419
2023-09-28 20:00:00,27094.0,27170.0,26917.0,27026.0,205.89820226
2023-09-29 00:00:00,27029.0,27124.0,26875.0,26961.0,129.10782932
2023-09-29 04:00:00,26960.0,27235.0,26901.0,27179.0,188.57326349
2023-09-29 08:00:00,27175.0,27175.0,26965.0,26968.0,125.73804173
2023-09-29 12:00:00,26970.0,27091.0,26682.0,26878.0,590.41094234
2023-09-29 16:00:00,26887.0,26955.0,26755.0,26918.0,234.04490512
2023-09-29 20:00:00,26920.0,26973.0,26862.0,26911.0,268.74011799
2023-09-30 00:00:00,26910.0,26955.0,26884.0,26924.0,87.38292715
2023-09-30 04:00:00,26924.0,26958.0,26916.0,26935.0,60.43022141
2023-09-30 08:00:00,26937.0,26996.0,26926.0,26937.0,49.63677872
2023-09-30 12:00:00,26941.0,27091.0,26917.0,27001.0,140.64104735
2023-09-30 16:00:00,26998.0,27093.0,26983.0,27031.0,153.59838829
2023-09-30 20:00:00,27031.0,27088.0,26963.0,26966.0,40.91749278
2023-10-01 00:00:00,26965.0,27052.0,26959.0,27049.0,30.09863841
2023-10-01 04:00:00,27049.0,27157.0,27030.0,27119.0,61.80862692
2023-10-01 08:00:00,27118.0,27286.0,27104.0,27200.0,156.89589828
2023-10-01 12:00:00,27199.0,27237.0,27098.0,27153.0,65.87364043
2023-10-01 16:00:00,27151.0,27156.0,27050.0,27109.0,80.81120017
2023-10-01 20:00:00,27109.0,28053.0,27044.0,27995.0,869.15740042
2023-10-02 00:00:00,27995.0,28204.0,27833.0,28126.0,323.45802681
2023-10-02 04:00:00,28137.0,28451.0,27940.0,28317.0,291.63900417
2023-10-02 08:00:00,28327.0,28492.0,28203.0,28216.0,445.92856767
2023-10-02 12:00:00,28212.0,28592.0,28006.0,28071.0,830.18310027
2023-10-02 16:00:00,28023.0,28142.0,27650.0,27975.0,325.02358256
2023-10-02 20:00:00,27956.0,27961.0,27333.0,27507.0,361.74086864
2023-10-03 00:00:00,27509.0,27636.0,27392.0,27597.0,143.55484186
2023-10-03 04:00:00,27605.0,27670.0,27530.0,27542.0,52.05998527
2023-10-03 08:00:00,27543.0,27641.0,27480.0,27565.0,161.55536543
2023-10-03 12:00:00,27560.0,27580.0,27241.0,27349.0,361.79650879
2023-10-03 16:00:00,27332.0,27482.0,27259.0,27267.0,225.65597698
2023-10-03 20:00:00,27280.0,27468.0,27170.0,27435.0,359.56018338
2023-10-04 00:00:00,27431.0,27500.0,27221.0,27433.0,200.40065119
2023-10-04 04:00:00,27425.0,27454.0,27353.0,27449.0,39.58911439
2023-10-04 08:00:00,27457.0,27640.0,27438.0,27577.0,109.25740521
2023-10-04 12:00:00,27583.0,27633.0,27339.0,27402.0,267.78317775
2023-10-04 16:00:00,27398.0,27831.0,27398.0,27631.0,477.84086862
2023-10-04 20:00:00,27623.0,27829.0,27570.0,27790.0,180.13984121
2023-10-05 00:00:00,27787.0,27890.0,27660.0,27661.0,105.14552675
2023-10-05 04:00:00,27661.0,27707.0,27560.0,27611.0,151.03862137
2023-10-05 08:00:00,27613.0,27772.0,27594.0,27732.0,116.48518742
2023-10-05 12:00:00,27734.0,28125.0,27425.0,27565.0,889.52289162
2023-10-05 16:00:00,27554.0,27618.0,27369.0,27483.0,207.88845506
2023-10-05 20:00:00,27481.0,27520.0,27399.0,27417.0,65.49768471
2023-10-06 00:00:00,27420.0,27590.0,27403.0,27568.0,127.07237222
2023-10-06 04:00:00,27566.0,27658.0,27472.0,27648.0,126.43761722
2023-10-06 08:00:00,27644.0,27801.0,27601.0,27768.0,220.80290869
2023-10-06 12:00:00,27768.0,28064.0,27185.0,27958.0,779.12671966
2023-10-06 16:00:00,27975.0,28046.0,27809.0,27968.0,209.35428123
2023-10-06 20:00:00,27975.0,28301.0,27898.0,27948.0,255.95964844
2023-10-07 00:00:00,27945.0,27974.0,27864.0,27921.0,56.5008903
2023-10-07 04:00:00,27924.0,27957.0,27900.0,27913.0,26.67428787
2023-10-07 08:00:00,27909.0,28034.0,27898.0,27957.0,99.10588346
2023-10-07 12:00:00,27959.0,28001.0,27923.0,27959.0,62.93582884
2023-10-07 16:00:00,27959.0,27977.0,27876.0,27882.0,75.70420048
2023-10-07 20:00:00,27882.0,27977.0,27882.0,27971.0,34.08107324
2023-10-08 00:00:00,27976.0,28104.0,27965.0,28088.0,107.47127225
2023-10-08 04:00:00,28090.0,28095.0,27905.0,27922.0,83.7339334
2023-10-08 08:00:00,27914.0,27950.0,27804.0,27827.0,68.88129465
2023-10-08 12:00:00,27822.0,28008.0,27715.0,27909.0,106.75136558
2023-10-08 16:00:00,27912.0,27968.0,27826.0,27913.0,77.95989739
2023-10-08 20:00:00,27911.0,27993.0,27819.0,27933.0,114.89005014
2023-10-09 00:00:00,27930.0,27996.0,27816.0,27930.0,129.12259219
2023-10-09 04:00:00,27930.0,27958.0,27829.0,27829.0,58.55832061
2023-10-09 08:00:00,27826.0,27844.0,27423.0,27493.0,359.30720613
2023-10-09 12:00:00,27477.0,27580.0,27389.0,27450.0,255.31834226
2023-10-09 16:00:00,27449.0,27749.0,27280.0,27616.0,296.92638089
2023-10-09 20:00:00,27611.0,27656.0,27568.0,27594.0,87.49167257
2023-10-10 00:00:00,27598.0,27704.0,27507.0,27642.0,177.28405888
2023-10-10 04:00:00,27631.0,27706.0,27587.0,27658.0,93.19473602
2023-10-10 08:00:00,27657.0,27733.0,27507.0,27518.0,109.93400247
2023-10-10 12:00:00,27516.0,27622.0,27349.0,27413.0,513.91358411
2023-10-10 16:00:00,27410.0,27519.0,27294.0,27404.0,230.58874488
2023-10-10 20:00:00,27406.0,27471.0,27330.0,27395.0,58.66858217
2023-10-11 00:00:00,27394.0,27474.0,27019.0,27023.0,373.9438242
2023-10-11 04:00:00,27018.0,27143.0,26978.0,27029.0,139.23202724
2023-10-11 08:00:00,27023.0,27328.0,27017.0,27198.0,190.60971732
2023-10-11 12:00:00,27199.0,27264.0,26746.0,26782.0,572.29276858
2023-10-11 16:00:00,26767.0,26786.0,26533.0,26753.0,651.47117855
2023-10-11 20:00:00,26755.0,26874.0,26670.0,26874.0,115.22787066
2023-10-12 00:00:00,26870.0,26933.0,26734.0,26845.0,129.25678695
2023-10-12 04:00:00,26841.0,26910.0,26781.0,26805.0,114.89763552
2023-10-12 08:00:00,26808.0,26852.0,26666.0,26831.0,174.13645572
2023-10-12 12:00:00,26829.0,26854.0,26618.0,26665.0,291.89121771
2023-10-12 16:00:00,26666.0,26785.0,26545.0,26705.0,268.59298357
2023-10-12 20:00:00,26704.0,26762.0,26698.0,26756.0,121.19488628
2023-10-13 00:00:00,26744.0,26862.0,26744.0,26777.0,164.92910969
2023-10-13 04:00:00,26778.0,26923.0,26771.0,26867.0,114.26371333
2023-10-13 08:00:00,26871.0,26890.0,26733.0,26810.0,132.0964098
2023-10-13 12:00:00,26815.0,26952.0,26675.0,26701.0,252.36729719
2023-10-13 16:00:00,26695.0,26791.0,26675.0,26771.0,175.41468312
2023-10-13 20:00:00,26770.0,27108.0,26739.0,26867.0,453.05665397
2023-10-14 00:00:00,26867.0,26981.0,26845.0,26934.0,83.47185934
2023-10-14 04:00:00,26938.0,26943.0,26846.0,26869.0,62.11136594
2023-10-14 08:00:00,26872.0,26901.0,26840.0,26868.0,53.14056252
2023-10-14 12:00:00,26868.0,26942.0,26849.0,26942.0,104.94252344
2023-10-14 16:00:00,26941.0,26946.0,26855.0,26869.0,45.39736402
2023-10-14 20:00:00,26862.0,26881.0,26800.0,26855.0,72.65612476
2023-10-15 00:00:00,26858.0,26904.0,26821.0,26883.0,43.60345084
2023-10-15 04:00:00,26880.0,26893.0,26871.0,26886.0,16.47571641
2023-10-15 08:00:00,26888.0,26920.0,26858.0,26859.0,42.46996015
2023-10-15 12:00:00,26858.0,26958.0,26814.0,26901.0,149.41666911
2023-10-15 16:00:00,26901.0,27077.0,26897.0,27044.0,126.57397269
2023-10-15 20:00:00,27045.0,27299.0,27012.0,27174.0,379.71475148
2023-10-16 00:00:00,27161.0,27286.0,27123.0,27246.0,104.24445111
2023-10-16 04:00:00,27248.0,27975.0,27204.0,27855.0,688.99740548
2023-10-16 08:00:00,27869.0,27915.0,27660.0,27756.0,334.79690739
2023-10-16 12:00:00,27753.0,29900.0,27716.0,28075.0,3094.92904351
2023-10-16 16:00:00,28073.0,28821.0,28073.0,28482.0,416.02849747
2023-10-16 20:00:00,28478.0,28647.0,28260.0,28518.0,146.42313581
2023-10-17 00:00:00,28520.0,28565.0,28257.0,28283.0,251.71486356
2023-10-17 04:00:00,28277.0,28474.0,28081.0,28426.0,276.47020451
2023-10-17 08:00:00,28430.0,28612.0,28372.0,28437.0,307.44695712
2023-10-17 12:00:00,28437.0,28598.0,28156.0,28487.0,577.81806031
2023-10-17 16:00:00,28481.0,28627.0,28335.0,28529.0,266.05487475
2023-10-17 20:00:00,28531.0,28564.0,28390.0,28408.0,185.37618036
2023-10-18 00:00:00,28408.0,28523.0,28342.0,28522.0,195.21189439
2023-10-18 04:00:00,28523.0,28984.0,28462.0,28513.0,456.64060659
2023-10-18 08:00:00,28503.0,28613.0,28247.0,28363.0,172.04805008
2023-10-18 12:00:00,28358.0,28430.0,28156.0,28259.0,228.71240558
2023-10-18 16:00:00,28258.0,28433.0,28242.0,28259.0,202.18136159
2023-10-18 20:00:00,28258.0,28380.0,28200.0,28328.0,158.28206302
2023-10-19 00:00:00,28327.0,28425.0,28138.0,28250.0,154.15330586
2023-10-19 04:00:00,28266.0,28353.0,28237.0,28341.0,91.67211357
2023-10-19 08:00:00,28340.0,28516.0,28301.0,28455.0,208.76672495
2023-10-19 12:00:00,28462.0,28829.0,28436.0,28700.0,521.92055965
2023-10-19 16:00:00,28691.0,28916.0,28481.0,28780.0,385.06477626
2023-10-19 20:00:00,28780.0,28881.0,28614.0,28733.0,185.16226876
2023-10-20 00:00:00,28734.0,29412.0,28595.0,29258.0,502.08880401
2023-10-20 04:00:00,29265.0,29417.0,29146.0,29256.0,481.17780478
2023-10-20 08:00:00,29264.0,30233.0,29257.0,29863.0,865.77789774
2023-10-20 12:00:00,29871.0,29936.0,29412.0,29567.0,475.41409681
2023-10-20 16:00:00,29560.0,29600.0,29341.0,29581.0,246.47313722
2023-10-20 20:00:00,29578.0,29788.0,29527.0,29688.0,200.46110742
2023-10-21 00:00:00,29682.0,29716.0,29483.0,29616.0,91.62882713
2023-10-21 04:00:00,29619.0,29735.0,29556.0,29713.0,49.58012665
2023-10-21 08:00:00,29710.0,29877.0,29654.0,29807.0,79.16066292
2023-10-21 12:00:00,29812.0,29989.0,29699.0,29946.0,191.40375171
2023-10-21 16:00:00,29939.0,30364.0,29864.0,30177.0,410.80825645
2023-10-21 20:00:00,30164.0,30179.0,29863.0,29927.0,95.68027811
2023-10-22 00:00:00,29921.0,30080.0,29864.0,29924.0,125.46270079
2023-10-22 04:00:00,29930.0,30247.0,29678.0,29835.0,301.41417096
2023-10-22 08:00:00,29833.0,30003.0,29800.0,29925.0,91.3156919
2023-10-22 12:00:00,29933.0,29986.0,29810.0,29848.0,100.80355935
2023-10-22 16:00:00,29849.0,29954.0,29827.0,29861.0,97.73676673
2023-10-22 20:00:00,29860.0,30058.0,29730.0,30002.0,205.17621169
2023-10-23 00:00:00,30007.0,30788.0,29898.0,30725.0,618.71554913
2023-10-23 04:00:00,30745.0,30988.0,30439.0,30518.0,478.15126467
2023-10-23 08:00:00,30528.0,30780.0,30361.0,30673.0,261.75020145
2023-10-23 12:00:00,30683.0,30985.0,30407.0,30900.0,514.11647223
2023-10-23 16:00:00,30900.0,31448.0,30797.0,31379.0,1025.32552666
2023-10-23 20:00:00,31378.0,34283.0,31341.0,33074.0,2228.70713899
2023-10-24 00:00:00,33090.0,35198.0,32852.0,34001.0,1432.31770387
2023-10-24 04:00:00,34015.0,34564.0,33693.0,34023.0,1309.6441629
2023-10-24 08:00:00,34024.0,34886.0,33953.0,34537.0,591.79857227
2023-10-24 12:00:00,34537.0,34820.0,33258.0,33659.0,971.5631406
2023-10-24 16:00:00,33669.0,34336.0,33391.0,33819.0,494.00277973
2023-10-24 20:00:00,33787.0,34238.0,33498.0,33917.0,703.74879424
2023-10-25 00:00:00,33928.0,34374.0,33782.0,34006.0,233.11425642
2023-10-25 04:00:00,34006.0,34206.0,33686.0,33864.0,229.85322692
2023-10-25 08:00:00,33880.0,34425.0,33794.0,34208.0,488.2360268
2023-10-25 12:00:00,34214.0,35005.0,34214.0,34845.0,615.14583633
2023-10-25 16:00:00,34856.0,35138.0,34423.0,34758.0,659.10619141
2023-10-25 20:00:00,34738.0,34847.0,34276.0,34498.0,289.38243959
2023-10-26 00:00:00,34494.0,34834.0,34439.0,34806.0,179.00764769
2023-10-26 04:00:00,34807.0,34827.0,34431.0,34655.0,277.19633905
2023-10-26 08:00:00,34657.0,34748.0,33976.0,34117.0,525.83192583
2023-10-26 12:00:00,34114.0,34370.0,33850.0,34049.0,678.83983426
2023-10-26 16:00:00,34037.0,34140.0,33738.0,34068.0,275.50498605
2023-10-26 20:00:00,34035.0,34279.0,34035.0,34165.0,141.38538819
2023-10-27 00:00:00,34148.0,34177.0,33796.0,34115.0,229.98751237
2023-10-27 04:00:00,34128.0,34245.0,33947.0,33957.0,161.3228894
2023-10-27 08:00:00,33944.0,34185.0,33944.0,34047.0,272.93634751
2023-10-27 12:00:00,34052.0,34207.0,33837.0,34004.0,853.14127729
2023-10-27 16:00:00,34003.0,34040.0,33407.0,33708.0,428.54376159
2023-10-27 20:00:00,33707.0,33943.0,33684.0,33906.0,148.10595477
2023-10-28 00:00:00,33902.0,34131.0,33878.0,34071.0,116.16970771
2023-10-28 04:00:00,34069.0,34184.0,34036.0,34048.0,94.87052662
2023-10-28 08:00:00,34053.0,34506.0,34038.0,34184.0,276.61718248
2023-10-28 12:00:00,34177.0,34235.0,33938.0,34208.0,124.1424148
2023-10-28 16:00:00,34201.0,34226.0,34084.0,34125.0,98.4031104
2023-10-28 20:00:00,34124.0,34196.0,34078.0,34091.0,62.6526956
2023-10-29 00:00:00,34090.0,34109.0,33966.0,33983.0,62.5163848
2023-10-29 04:00:00,33977.0,34135.0,33945.0,34091.0,65.8007929
2023-10-29 08:00:00,34090.0,34316.0,34090.0,34266.0,153.03343691
2023-10-29 12:00:00,34270.0,34564.0,34270.0,34452.0,285.89451346
2023-10-29 16:00:00,34461.0,34755.0,34379.0,34583.0,150.80546636
2023-10-29 20:00:00,34587.0,34731.0,34422.0,34538.0,231.28276875
2023-10-30 00:00:00,34549.0,34618.0,34220.0,34281.0,331.39773505
2023-10-30 04:00:00,34274.0,34363.0,34139.0,34209.0,204.32048365
2023-10-30 08:00:00,34206.0,34676.0,34176.0,34622.0,193.84516207
2023-10-30 12:00:00,34614.0,34860.0,34518.0,34669.0,769.93165948
2023-10-30 16:00:00,34666.0,34666.0,34095.0,34439.0,276.67551197
2023-10-30 20:00:00,34447.0,34584.0,34345.0,34495.0,66.98621317
2023-10-31 00:00:00,34489.0,34613.0,34221.0,34223.0,173.22276186
2023-10-31 04:00:00,34223.0,34357.0,34107.0,34158.0,184.60413999
2023-10-31 08:00:00,34157.0,34551.0,34061.0,34510.0,134.00820303
2023-10-31 12:00:00,34509.0,34531.0,34145.0,34279.0,379.13494343
2023-10-31 16:00:00,34279.0,34605.0,34243.0,34553.0,204.17375541
2023-10-31 20:00:00,34541.0,34730.0,34440.0,34661.0,490.1438208
2023-11-01 00:00:00,34667.0,34684.0,34419.0,34437.0,139.14595721
2023-11-01 04:00:00,34437.0,34501.0,34336.0,34459.0,64.36810042
2023-11-01 08:00:00,34455.0,34493.0,34357.0,34419.0,112.19721929
2023-11-01 12:00:00,34422.0,35191.0,34102.0,34297.0,929.1052079
2023-11-01 16:00:00,34297.0,34743.0,34292.0,34575.0,220.93612019
2023-11-01 20:00:00,34575.0,35612.0,34549.0,35440.0,632.41357946
2023-11-02 00:00:00,35440.0,35968.0,35384.0,35602.0,238.43710029
2023-11-02 04:00:00,35607.0,35618.0,35096.0,35311.0,205.37542433
2023-11-02 08:00:00,35295.0,35492.0,35126.0,35395.0,148.39808572
2023-11-02 12:00:00,35393.0,35471.0,34555.0,34647.0,616.44036715
2023-11-02 16:00:00,34650.0,35028.0,34320.0,34996.0,293.4533199
2023-11-02 20:00:00,35015.0,35108.0,34730.0,34937.0,134.65326304
2023-11-03 00:00:00,34947.0,34947.0,34390.0,34692.0,201.10667903
2023-11-03 04:00:00,34692.0,34713.0,34328.0,34463.0,223.40547936
2023-11-03 08:00:00,34466.0,34627.0,34132.0,34258.0,197.09386519
2023-11-03 12:00:00,34255.0,34867.0,34162.0,34776.0,423.49291892
2023-11-03 16:00:00,34787.0,34843.0,34350.0,34543.0,197.55547509
2023-11-03 20:00:00,34546.0,34751.0,34498.0,34727.0,103.77237834
2023-11-04 00:00:00,34734.0,34793.0,34660.0,34725.0,109.53957261
2023-11-04 04:00:00,34733.0,34997.0,34609.0,34785.0,169.94414271
2023-11-04 08:00:00,34784.0,34889.0,34705.0,34730.0,97.32728454
2023-11-04 12:00:00,34732.0,34815.0,34676.0,34735.0,97.30317817
2023-11-04 16:00:00,34729.0,34809.0,34711.0,34754.0,36.40500964
2023-11-04 20:00:00,34753.0,35276.0,34736.0,35086.0,278.61375441
2023-11-05 00:00:00,35086.0,35321.0,34964.0,35301.0,81.57037527
2023-11-05 04:00:00,35320.0,35330.0,35073.0,35190.0,30.08399912
2023-11-05 08:00:00,35198.0,35205.0,35044.0,35099.0,81.91081952
2023-11-05 12:00:00,35114.0,35187.0,34805.0,34920.0,94.27795907
2023-11-05 16:00:00,34917.0,35284.0,34901.0,35025.0,127.86536092
2023-11-05 20:00:00,35002.0,35396.0,34495.0,35045.0,400.3959108
2023-11-06 00:00:00,35043.0,35144.0,34864.0,35011.0,132.71611932
2023-11-06 04:00:00,35011.0,35041.0,34766.0,34927.0,50.53183063
2023-11-06 08:00:00,34924.0,35290.0,34858.0,35251.0,200.61517129
2023-11-06 12:00:00,35251.0,35263.0,34931.0,35093.0,229.64941409
2023-11-06 16:00:00,35095.0,35131.0,34818.0,35062.0,245.23191229
2023-11-06 20:00:00,35066.0,35150.0,34910.0,35042.0,210.27528371
2023-11-07 00:00:00,35061.0,35067.0,34815.0,34930.0,118.56792657
2023-11-07 04:00:00,34930.0,34981.0,34844.0,34952.0,148.88235527
2023-11-07 08:00:00,34953.0,34981.0,34580.0,34635.0,327.29643434
2023-11-07 12:00:00,34640.0,34855.0,34530.0,34733.0,272.87955271
2023-11-07 16:00:00,34730.0,35574.0,34583.0,35468.0,456.96721509
2023-11-07 20:00:00,35497.0,35891.0,35227.0,35414.0,461.37072475
2023-11-08 00:00:00,35417.0,35443.0,35255.0,35281.0,97.65643455
2023-11-08 04:00:00,35285.0,35378.0,35179.0,35235.0,68.56513387
2023-11-08 08:00:00,35227.0,35450.0,35200.0,35344.0,121.44132656
2023-11-08 12:00:00,35345.0,35475.0,35111.0,35236.0,193.62033363
2023-11-08 16:00:00,35226.0,35770.0,35183.0,35626.0,354.90285133
2023-11-08 20:00:00,35639.0,36150.0,35412.0,35640.0,528.16957302
2023-11-09 00:00:00,35633.0,36556.0,35578.0,36461.0,393.23878947
2023-11-09 04:00:00,36483.0,36864.0,36439.0,36557.0,348.84467319
2023-11-09 08:00:00,36561.0,37000.0,36552.0,36824.0,283.28606968
2023-11-09 12:00:00,36832.0,37978.0,36782.0,37114.0,972.05738475
2023-11-09 16:00:00,37109.0,37226.0,35784.0,36394.0,792.65902221
2023-11-09 20:00:00,36389.0,36776.0,36151.0,36693.0,226.19648661
2023-11-10 00:00:00,36700.0,36908.0,36459.0,36747.0,178.5763394
2023-11-10 04:00:00,36747.0,36804.0,36442.0,36449.0,132.11663451
2023-11-10 08:00:00,36443.0,37144.0,36343.0,37065.0,379.23951009
2023-11-10 12:00:00,37103.0,37268.0,36846.0,37088.0,373.85627445
2023-11-10 16:00:00,37107.0,37476.0,37106.0,37257.0,157.22403852
2023-11-10 20:00:00,37257.0,37558.0,37095.0,37319.0,401.62564385
2023-11-11 00:00:00,37350.0,37422.0,36932.0,37066.0,131.42409744
2023-11-11 04:00:00,37064.0,37153.0,36953.0,37038.0,86.14074149
2023-11-11 08:00:00,37052.0,37079.0,36939.0,37031.0,42.21579746
2023-11-11 12:00:00,37017.0,37291.0,36981.0,37082.0,119.67197351
2023-11-11 16:00:00,37084.0,37193.0,37064.0,37164.0,118.96947004
2023-11-11 20:00:00,37166.0,37166.0,36673.0,37152.0,309.88465365
2023-11-12 00:00:00,37136.0,37180.0,36758.0,36997.0,143.25336693
2023-11-12 04:00:00,36997.0,37188.0,36942.0,37144.0,56.65086688
2023-11-12 08:00:00,37130.0,37144.0,37046.0,37077.0,54.15027279
2023-11-12 12:00:00,37076.0,37237.0,36961.0,37177.0,119.38290185
2023-11-12 16:00:00,37182.0,37211.0,37077.0,37128.0,74.20922166
2023-11-12 20:00:00,37121.0,37220.0,36970.0,37086.0,101.91578441
2023-11-13 00:00:00,37085.0,37421.0,36898.0,36945.0,280.10629868
2023-11-13 04:00:00,36964.0,37064.0,36795.0,36975.0,123.24962343
2023-11-13 08:00:00,36982.0,37064.0,36724.0,36846.0,119.68322959
2023-11-13 12:00:00,36818.0,36957.0,36566.0,36848.0,376.04989597
2023-11-13 16:00:00,36845.0,37028.0,36613.0,36851.0,228.81577196
2023-11-13 20:00:00,36854.0,36890.0,36355.0,36485.0,382.61436224
2023-11-14 00:00:00,36474.0,36503.0,36211.0,36460.0,179.59262704
2023-11-14 04:00:00,36456.0,36727.0,36400.0,36708.0,68.60430431
2023-11-14 08:00:00,36695.0,36749.0,36247.0,36294.0,145.78246266
2023-11-14 12:00:00,36272.0,36700.0,35880.0,36155.0,384.7591831
2023-11-14 16:00:00,36154.0,36422.0,35002.0,35298.0,610.64368762
2023-11-14 20:00:00,35265.0,35674.0,35221.0,35564.0,327.66294535
2023-11-15 00:00:00,35558.0,35663.0,35378.0,35391.0,114.95498013
2023-11-15 04:00:00,35389.0,35671.0,35389.0,35587.0,92.39964245
2023-11-15 08:00:00,35595.0,36280.0,35595.0,36242.0,243.08862749
2023-11-15 12:00:00,36249.0,36411.0,36019.0,36411.0,452.11543008
2023-11-15 16:00:00,36409.0,37769.0,36276.0,37524.0,1159.86753982
2023-11-15 20:00:00,37541.0,37975.0,37352.0,37877.0,431.43460436
2023-11-16 00:00:00,37886.0,37960.0,37366.0,37469.0,227.18774364
2023-11-16 04:00:00,37472.0,37619.0,37349.0,37451.0,104.94940851
2023-11-16 08:00:00,37465.0,37556.0,37157.0,37254.0,287.40042607
2023-11-16 12:00:00,37263.0,37324.0,36285.0,36420.0,540.52244433
2023-11-16 16:00:00,36416.0,36647.0,35539.0,35905.0,583.85206675
2023-11-16 20:00:00,35908.0,36279.0,35685.0,36165.0,331.06603298
2023-11-17 00:00:00,36167.0,36670.0,36106.0,36500.0,194.99727938
2023-11-17 04:00:00,36501.0,36531.0,36168.0,36247.0,168.89261137
2023-11-17 08:00:00,36249.0,36468.0,36145.0,36379.0,237.51862136
2023-11-17 12:00:00,36387.0,36617.0,35891.0,36047.0,543.68090657
2023-11-17 16:00:00,36035.0,36800.0,35921.0,36327.0,659.32395547
2023-11-17 20:00:00,36343.0,36736.0,36318.0,36625.0,92.66705711
2023-11-18 00:00:00,36626.0,36631.0,36381.0,36387.0,78.80874412
2023-11-18 04:00:00,36398.0,36449.0,36211.0,36422.0,93.99517942
2023-11-18 08:00:00,36430.0,36546.0,36388.0,36416.0,91.72310356
2023-11-18 12:00:00,36426.0,36692.0,36374.0,36679.0,98.69639049
2023-11-18 16:00:00,36682.0,36851.0,36626.0,36691.0,132.0015449
2023-11-18 20:00:00,36705.0,36733.0,36473.0,36590.0,105.41180298
2023-11-19 00:00:00,36591.0,36591.0,36420.0,36537.0,81.40820957
2023-11-19 04:00:00,36531.0,36683.0,36514.0,36630.0,75.45925911
2023-11-19 08:00:00,36642.0,36727.0,36429.0,36487.0,72.9927694
2023-11-19 12:00:00,36480.0,36582.0,36425.0,36582.0,64.43151412
2023-11-19 16:00:00,36582.0,37000.0,36543.0,36958.0,168.72583598
2023-11-19 20:00:00,36983.0,37520.0,36849.0,37426.0,785.8457196
2023-11-20 00:00:00,37426.0,37430.0,37073.0,37128.0,420.86080064
2023-11-20 04:00:00,37154.0,37269.0,37073.0,37257.0,138.20620095
2023-11-20 08:00:00,37267.0,37436.0,37086.0,37193.0,295.83401461
2023-11-20 12:00:00,37192.0,37504.0,36716.0,37492.0,601.72948533
2023-11-20 16:00:00,37498.0,37769.0,36888.0,37607.0,700.06193548
2023-11-20 20:00:00,37608.0,37640.0,37312.0,37480.0,310.23060088
2023-11-21 00:00:00,37473.0,37664.0,37340.0,37495.0,131.39694002
2023-11-21 04:00:00,37492.0,37508.0,37264.0,37299.0,129.74264858
2023-11-21 08:00:00,37302.0,37433.0,37166.0,37184.0,86.43048732
2023-11-21 12:00:00,37183.0,37250.0,36281.0,37001.0,1069.70263915
2023-11-21 16:00:00,37011.0,37522.0,36657.0,36990.0,766.56113483
2023-11-21 20:00:00,36988.0,37187.0,35758.0,35758.0,451.50953939
2023-11-22 00:00:00,35762.0,36389.0,35651.0,36389.0,304.91561524
2023-11-22 04:00:00,36389.0,36573.0,36330.0,36459.0,130.9448646
2023-11-22 08:00:00,36462.0,36768.0,36416.0,36478.0,244.56388954
2023-11-22 12:00:00,36468.0,36657.0,36246.0,36496.0,384.46832015
2023-11-22 16:00:00,36490.0,37436.0,36377.0,37299.0,382.71658198
2023-11-22 20:00:00,37314.0,37865.0,37235.0,37424.0,622.56304769
2023-11-23 00:00:00,37432.0,37543.0,37283.0,37317.0,192.50075013
2023-11-23 04:00:00,37317.0,37426.0,37284.0,37390.0,122.39209068
2023-11-23 08:00:00,37387.0,37649.0,37173.0,37372.0,209.3144641
2023-11-23 12:00:00,37372.0,37540.0,36886.0,36972.0,264.9276656
2023-11-23 16:00:00,36966.0,37340.0,36952.0,37296.0,144.10784896
2023-11-23 20:00:00,37292.0,37390.0,37223.0,37301.0,89.16376677
2023-11-24 00:00:00,37312.0,37484.0,37266.0,37329.0,109.07384791
2023-11-24 04:00:00,37335.0,37575.0,37318.0,37532.0,58.7794062
2023-11-24 08:00:00,37534.0,38078.0,37439.0,37763.0,592.71048586
2023-11-24 12:00:00,37760.0,38437.0,37626.0,38252.0,605.91927152
2023-11-24 16:00:00,38259.0,38386.0,37615.0,37796.0,342.19471491
2023-11-24 20:00:00,37788.0,37960.0,37610.0,37746.0,93.35402243
2023-11-25 00:00:00,37750.0,37864.0,37708.0,37830.0,38.92814848
2023-11-25 04:00:00,37813.0,37859.0,37756.0,37831.0,72.44219084
2023-11-25 08:00:00,37829.0,37846.0,37619.0,37678.0,74.55165355
2023-11-25 12:00:00,37669.0,37755.0,37646.0,37728.0,82.32392523
2023-11-25 16:00:00,37720.0,37859.0,37716.0,37851.0,46.35001317
2023-11-25 20:00:00,37857.0,37908.0,37747.0,37809.0,105.44106942
2023-11-26 00:00:00,37811.0,37814.0,37696.0,37762.0,47.22496602
2023-11-26 04:00:00,37762.0,37814.0,37725.0,37814.0,54.13001675
2023-11-26 08:00:00,37816.0,37837.0,37700.0,37706.0,56.63559595
2023-11-26 12:00:00,37700.0,37700.0,37314.0,37461.0,413.19153001
2023-11-26 16:00:00,37444.0,37520.0,37173.0,37395.0,194.39993204
2023-11-26 20:00:00,37395.0,37755.0,37340.0,37460.0,191.10162244
2023-11-27 00:00:00,37467.0,37574.0,37215.0,37322.0,81.13615628
2023-11-27 04:00:00,37320.0,37430.0,37085.0,37299.0,142.89330595
2023-11-27 08:00:00,37300.0,37471.0,36907.0,37040.0,322.4843082
2023-11-27 12:00:00,37019.0,37116.0,36731.0,36763.0,351.7798213
2023-11-27 16:00:00,36755.0,37147.0,36727.0,36880.0,337.59656077
2023-11-27 20:00:00,36880.0,37281.0,36798.0,37240.0,225.41799831
2023-11-28 00:00:00,37256.0,37340.0,37087.0,37132.0,240.900287
2023-11-28 04:00:00,37130.0,37151.0,36883.0,37108.0,109.79999423
2023-11-28 08:00:00,37123.0,37251.0,36932.0,37251.0,322.91397407
2023-11-28 12:00:00,37251.0,37567.0,37150.0,37527.0,247.43780141
2023-11-28 16:00:00,37542.0,38420.0,37542.0,38151.0,1397.39552708
2023-11-28 20:00:00,38148.0,38372.0,37700.0,37839.0,610.73183697
2023-11-29 00:00:00,37842.0,38105.0,37700.0,37970.0,188.45827145
2023-11-29 04:00:00,37980.0,38245.0,37898.0,38128.0,137.56096007
2023-11-29 08:00:00,38154.0,38457.0,37923.0,38129.0,648.00997242
2023-11-29 12:00:00,38117.0,38298.0,37597.0,37838.0,329.75511981
2023-11-29 16:00:00,37847.0,37928.0,37660.0,37887.0,144.73194068
2023-11-29 20:00:00,37894.0,37894.0,37600.0,37863.0,148.45957838
2023-11-30 00:00:00,37864.0,38051.0,37696.0,38051.0,125.28050574
2023-11-30 04:00:00,38051.0,38173.0,37787.0,37802.0,168.63609254
2023-11-30 08:00:00,37808.0,37909.0,37598.0,37896.0,154.51410549
2023-11-30 12:00:00,37909.0,37968.0,37510.0,37619.0,487.45322105
2023-11-30 16:00:00,37622.0,37820.0,37535.0,37763.0,127.60194107
2023-11-30 20:00:00,37762.0,37814.0,37619.0,37719.0,175.00987664
2023-12-01 00:00:00,37731.0,38080.0,37628.0,38057.0,184.28144014
2023-12-01 04:00:00,38065.0,38352.0,38033.0,38254.0,163.48309617
2023-12-01 08:00:00,38255.0,38839.0,38238.0,38608.0,439.96380851
2023-12-01 12:00:00,38594.0,38643.0,38234.0,38428.0,281.98135385
2023-12-01 16:00:00,38426.0,39000.0,38412.0,38776.0,387.45952966
2023-12-01 20:00:00,38784.0,38911.0,38673.0,38707.0,127.57509079
2023-12-02 00:00:00,38707.0,38816.0,38663.0,38802.0,70.3171242
2023-12-02 04:00:00,38796.0,38838.0,38728.0,38728.0,48.59597894
2023-12-02 08:00:00,38724.0,38807.0,38681.0,38758.0,53.37630396
2023-12-02 12:00:00,38753.0,38876.0,38736.0,38833.0,84.30862265
2023-12-02 16:00:00,38824.0,39687.0,38733.0,39436.0,612.50389814
2023-12-02 20:00:00,39445.0,39725.0,39294.0,39474.0,140.27721983
2023-12-03 00:00:00,39474.0,39573.0,39304.0,39400.0,90.65574041
2023-12-03 04:00:00,39397.0,39502.0,39343.0,39497.0,62.60436763
2023-12-03 08:00:00,39500.0,39545.0,39413.0,39497.0,48.52560696
2023-12-03 12:00:00,39499.0,39808.0,39403.0,39767.0,276.98453492
2023-12-03 16:00:00,39770.0,39845.0,39463.0,39575.0,49.67737899
2023-12-03 20:00:00,39589.0,40210.0,39572.0,39989.0,501.98350925
2023-12-04 00:00:00,39988.0,40888.0,39988.0,40728.0,337.9676903
2023-12-04 04:00:00,40726.0,41748.0,40704.0,41449.0,392.46124849
2023-12-04 08:00:00,41461.0,42162.0,41370.0,41617.0,405.52899031
2023-12-04 12:00:00,41618.0,41925.0,41150.0,41274.0,551.21497869
2023-12-04 16:00:00,41275.0,42044.0,41187.0,41972.0,402.06235428
2023-12-04 20:00:00,41991.0,42404.0,41724.0,41985.0,367.90739867
2023-12-05 00:00:00,41979.0,41979.0,41630.0,41834.0,173.12114155
2023-12-05 04:00:00,41833.0,41914.0,41415.0,41526.0,175.85081055
2023-12-05 08:00:00,41520.0,41769.0,41434.0,41730.0,214.23372958
2023-12-05 12:00:00,41730.0,42492.0,41695.0,42270.0,381.73811316
2023-12-05 16:00:00,42264.0,44086.0,42138.0,43799.0,1108.35824121
2023-12-05 20:00:00,43815.0,44490.0,43426.0,44075.0,328.41678544
2023-12-06 00:00:00,44087.0,44149.0,43588.0,43738.0,264.33756927
2023-12-06 04:00:00,43744.0,43864.0,43461.0,43667.0,132.59806296
2023-12-06 08:00:00,43690.0,44282.0,43419.0,43841.0,486.0949797
2023-12-06 12:00:00,43824.0,44277.0,43744.0,43807.0,291.02417873
2023-12-06 16:00:00,43786.0,44129.0,43741.0,43992.0,193.77402398
2023-12-06 20:00:00,43997.0,44083.0,43612.0,43764.0,223.06642801
2023-12-07 00:00:00,43764.0,43995.0,43717.0,43936.0,95.6544602
2023-12-07 04:00:00,43933.0,44044.0,43849.0,43895.0,80.50841348
2023-12-07 08:00:00,43903.0,43904.0,42849.0,43189.0,605.18377909
2023-12-07 12:00:00,43184.0,43935.0,42974.0,43649.0,404.96567914
2023-12-07 16:00:00,43667.0,43762.0,43079.0,43201.0,244.78590794
2023-12-07 20:00:00,43213.0,43449.0,43098.0,43291.0,106.47854112
2023-12-08 00:00:00,43296.0,43529.0,43294.0,43383.0,141.16253733
2023-12-08 04:00:00,43384.0,43539.0,43134.0,43171.0,181.33771681
2023-12-08 08:00:00,43202.0,43733.0,43078.0,43664.0,248.15624081
2023-12-08 12:00:00,43664.0,44039.0,43492.0,43770.0,367.12484818
2023-12-08 16:00:00,43771.0,43992.0,43658.0,43988.0,328.49827693
2023-12-08 20:00:00,43989.0,44729.0,43967.0,44193.0,443.98059175
2023-12-09 00:00:00,44210.0,44303.0,44060.0,44151.0,113.96285288
2023-12-09 04:00:00,44171.0,44362.0,44124.0,44204.0,123.77520677
2023-12-09 08:00:00,44201.0,44211.0,43759.0,43835.0,238.63217758
2023-12-09 12:00:00,43820.0,44144.0,43759.0,44066.0,208.6110986
2023-12-09 16:00:00,44064.0,44100.0,43901.0,43953.0,126.72102104
2023-12-09 20:00:00,43943.0,44092.0,43605.0,43712.0,227.65721944
2023-12-10 00:00:00,43710.0,43859.0,43656.0,43843.0,293.20552
2023-12-10 04:00:00,43843.0,44007.0,43833.0,43976.0,65.37747244
2023-12-10 08:00:00,43981.0,44034.0,43623.0,43747.0,139.38675057
2023-12-10 12:00:00,43747.0,43959.0,43743.0,43913.0,118.90873205
2023-12-10 16:00:00,43918.0,43939.0,43754.0,43799.0,78.76961432
2023-12-10 20:00:00,43790.0,44038.0,43582.0,43786.0,177.17758649
2023-12-11 00:00:00,43786.0,43801.0,40659.0,42324.0,1439.73423377
2023-12-11 04:00:00,42305.0,42329.0,41659.0,42117.0,751.78994029
2023-12-11 08:00:00,42107.0,42482.0,41976.0,42339.0,305.84405224
2023-12-11 12:00:00,42341.0,42393.0,41665.0,41768.0,323.89907043
2023-12-11 16:00:00,41775.0,41828.0,40181.0,40710.0,1156.55639947
2023-12-11 20:00:00,40719.0,41334.0,40504.0,41242.0,283.66163936
2023-12-12 00:00:00,41232.0,41914.0,41166.0,41730.0,217.35385081
2023-12-12 04:00:00,41729.0,42035.0,41376.0,41919.0,302.8019478
2023-12-12 08:00:00,41915.0,42071.0,41560.0,41573.0,222.10021389
2023-12-12 12:00:00,41578.0,42035.0,41157.0,41335.0,323.6281665
2023-12-12 16:00:00,41334.0,41401.0,40649.0,41112.0,346.3729513
2023-12-12 20:00:00,41118.0,41529.0,41042.0,41458.0,198.30368376
2023-12-13 00:00:00,41483.0,41483.0,40589.0,40800.0,339.85965076
2023-12-13 04:00:00,40818.0,41201.0,40656.0,41095.0,181.82930888
2023-12-13 08:00:00,41100.0,41246.0,40955.0,40985.0,99.96862524
2023-12-13 12:00:00,40980.0,41925.0,40977.0,41918.0,331.73212643
2023-12-13 16:00:00,41918.0,42876.0,41789.0,42734.0,1117.69928408
2023-12-13 20:00:00,42743.0,43440.0,42604.0,42888.0,573.74744527
2023-12-14 00:00:00,42899.0,42953.0,42681.0,42732.0,98.90657651
2023-12-14 04:00:00,42732.0,43102.0,42698.0,42912.0,184.31096433
2023-12-14 08:00:00,42917.0,43341.0,42713.0,43268.0,335.71025224
2023-12-14 12:00:00,43272.0,43359.0,41509.0,42466.0,815.68854619
2023-12-14 16:00:00,42465.0,43409.0,42460.0,43109.0,493.47982337
2023-12-14 20:00:00,43108.0,43194.0,42872.0,43031.0,73.98166041
2023-12-15 00:00:00,43047.0,43082.0,42531.0,42798.0,165.5455167
2023-12-15 04:00:00,42799.0,42865.0,42538.0,42712.0,94.58490753
2023-12-15 08:00:00,42712.0,43025.0,42649.0,42780.0,158.35162075
2023-12-15 12:00:00,42783.0,42786.0,41664.0,41880.0,507.65130206
2023-12-15 16:00:00,41891.0,42167.0,41695.0,42082.0,355.71835858
2023-12-15 20:00:00,42084.0,42267.0,41912.0,41925.0,472.06692277
2023-12-16 00:00:00,41926.0,42380.0,41639.0,42333.0,192.70283113
2023-12-16 04:00:00,42342.0,42343.0,42126.0,42186.0,66.75751033
2023-12-16 08:00:00,42198.0,42298.0,42076.0,42295.0,62.97683533
2023-12-16 12:00:00,42298.0,42568.0,42227.0,42566.0,190.58484875
2023-12-16 16:00:00,42568.0,42676.0,42319.0,42327.0,92.82690072
2023-12-16 20:00:00,42327.0,42390.0,42133.0,42246.0,96.62834921
2023-12-17 00:00:00,42228.0,42268.0,41839.0,41890.0,156.10540092
2023-12-17 04:00:00,41890.0,42010.0,41753.0,41856.0,159.50624602
2023-12-17 08:00:00,41845.0,41960.0,41669.0,41923.0,89.28600084
2023-12-17 12:00:00,41916.0,41960.0,41533.0,41761.0,325.38145759
2023-12-17 16:00:00,41765.0,42364.0,41654.0,42071.0,266.5930012
2023-12-17 20:00:00,42070.0,42138.0,41266.0,41345.0,247.26865833
2023-12-18 00:00:00,41337.0,41408.0,40783.0,41062.0,260.50683777
2023-12-18 04:00:00,41066.0,41261.0,40975.0,41087.0,163.53842595
2023-12-18 08:00:00,41085.0,41211.0,40513.0,41067.0,477.66305305
2023-12-18 12:00:00,41068.0,41699.0,40856.0,41240.0,363.46640211
2023-12-18 16:00:00,41286.0,41709.0,41130.0,41691.0,248.27580296
2023-12-18 20:00:00,41708.0,42732.0,41569.0,42650.0,816.81530242
2023-12-19 00:00:00,42664.0,43456.0,42568.0,43076.0,655.0502245
2023-12-19 04:00:00,43076.0,43125.0,42804.0,43028.0,165.75275654
2023-12-19 08:00:00,43048.0,43247.0,42938.0,42962.0,334.93265969
2023-12-19 12:00:00,42969.0,43017.0,42218.0,42475.0,376.26406461
2023-12-19 16:00:00,42469.0,42621.0,41794.0,42316.0,539.82040629
2023-12-19 20:00:00,42308.0,42497.0,42111.0,42258.0,204.15283049
2023-12-20 00:00:00,42257.0,42481.0,42207.0,42410.0,105.13252597
2023-12-20 04:00:00,42410.0,42994.0,42362.0,42910.0,209.60529468
2023-12-20 08:00:00,42941.0,42977.0,42681.0,42860.0,136.90394404
2023-12-20 12:00:00,42862.0,44291.0,42763.0,44064.0,927.23571988
2023-12-20 16:00:00,44069.0,44279.0,43505.0,43765.0,617.24764049
2023-12-20 20:00:00,43774.0,43811.0,43249.0,43665.0,558.07755625
2023-12-21 00:00:00,43667.0,43728.0,43305.0,43652.0,234.02425299
2023-12-21 04:00:00,43655.0,43865.0,43468.0,43753.0,78.9848843
2023-12-21 08:00:00,43755.0,44100.0,43561.0,43946.0,309.3218291
2023-12-21 12:00:00,43947.0,44240.0,43403.0,43826.0,471.23147158
2023-12-21 16:00:00,43823.0,43917.0,43379.0,43589.0,368.80556865
2023-12-21 20:00:00,43589.0,44118.0,43560.0,43873.0,380.63424162
2023-12-22 00:00:00,43871.0,44258.0,43759.0,43981.0,259.78012013
2023-12-22 04:00:00,44021.0,44409.0,43556.0,43595.0,226.4146349
2023-12-22 08:00:00,43594.0,43828.0,43475.0,43757.0,128.08476204
2023-12-22 12:00:00,43761.0,43817.0,43430.0,43690.0,242.00251749
2023-12-22 16:00:00,43677.0,44012.0,43498.0,43670.0,214.92236439
2023-12-22 20:00:00,43665.0,44076.0,43664.0,44002.0,191.48627525
2023-12-23 00:00:00,44011.0,44027.0,43529.0,43573.0,137.26540225
2023-12-23 04:00:00,43559.0,43676.0,43347.0,43593.0,156.46717822
2023-12-23 08:00:00,43592.0,43691.0,43519.0,43573.0,127.27422668
2023-12-23 12:00:00,43572.0,43875.0,43568.0,43778.0,125.4407847
2023-12-23 16:00:00,43785.0,43865.0,43718.0,43728.0,120.85566388
2023-12-23 20:00:00,43726.0,43849.0,43670.0,43733.0,95.50490973
2023-12-24 00:00:00,43730.0,43923.0,43639.0,43858.0,144.87269524
2023-12-24 04:00:00,43868.0,43954.0,43472.0,43676.0,144.03247946
2023-12-24 08:00:00,43672.0,43712.0,43466.0,43660.0,85.92687337
2023-12-24 12:00:00,43659.0,43891.0,43586.0,43718.0,95.0257641
2023-12-24 16:00:00,43719.0,43738.0,43608.0,43653.0,62.59625505
2023-12-24 20:00:00,43643.0,43643.0,42700.0,43033.0,402.0223636
2023-12-25 00:00:00,43015.0,43160.0,42771.0,43160.0,158.56955822
2023-12-25 04:00:00,43160.0,43330.0,43106.0,43218.0,34.59098243
2023-12-25 08:00:00,43225.0,43295.0,43077.0,43201.0,102.31843234
2023-12-25 12:00:00,43192.0,43807.0,43112.0,43634.0,324.68986567
2023-12-25 16:00:00,43641.0,43718.0,43384.0,43491.0,80.95293081
2023-12-25 20:00:00,43502.0,43723.0,43366.0,43591.0,107.74050735
2023-12-26 00:00:00,43587.0,43605.0,43409.0,43469.0,81.56870286
2023-12-26 04:00:00,43468.0,43488.0,42565.0,42776.0,574.25569086
2023-12-26 08:00:00,42764.0,42800.0,42193.0,42676.0,545.30315237
2023-12-26 12:00:00,42672.0,42808.0,42283.0,42364.0,384.84269275
2023-12-26 16:00:00,42367.0,42414.0,41639.0,42084.0,728.14746881
2023-12-26 20:00:00,42072.0,42584.0,42044.0,42510.0,162.79379963
2023-12-27 00:00:00,42511.0,42543.0,42121.0,42231.0,168.28032925
2023-12-27 04:00:00,42222.0,42538.0,42212.0,42467.0,68.77117249
2023-12-27 08:00:00,42465.0,43224.0,42400.0,43020.0,693.5166309
2023-12-27 12:00:00,43019.0,43160.0,42723.0,42998.0,443.11851708
2023-12-27 16:00:00,43000.0,43227.0,42892.0,43171.0,333.07568919
2023-12-27 20:00:00,43186.0,43698.0,43138.0,43473.0,322.61138123
2023-12-28 00:00:00,43468.0,43812.0,43349.0,43445.0,205.88881442
2023-12-28 04:00:00,43444.0,43644.0,42835.0,43065.0,222.06435077
2023-12-28 08:00:00,43066.0,43201.0,42892.0,43068.0,179.22506836
2023-12-28 12:00:00,43083.0,43151.0,42411.0,42457.0,465.04784083
2023-12-28 16:00:00,42457.0,42712.0,42288.0,42622.0,257.63765319
2023-12-28 20:00:00,42610.0,42758.0,42360.0,42583.0,80.73808778
2023-12-29 00:00:00,42587.0,42787.0,42141.0,42716.0,339.69945488
2023-12-29 04:00:00,42720.0,42783.0,42249.0,42316.0,253.03467815
2023-12-29 08:00:00,42316.0,42958.0,42316.0,42887.0,292.19081811
2023-12-29 12:00:00,42893.0,43128.0,42176.0,42288.0,550.76454514
2023-12-29 16:00:00,42295.0,42364.0,41651.0,42101.0,857.3442628
2023-12-29 20:00:00,42115.0,42231.0,41306.0,42072.0,446.97667519
2023-12-30 00:00:00,42069.0,42211.0,41826.0,41973.0,61.52366164
2023-12-30 04:00:00,41972.0,42146.0,41935.0,41948.0,123.64313335
2023-12-30 08:00:00,41939.0,41986.0,41529.0,41892.0,226.80651325
2023-12-30 12:00:00,41905.0,42420.0,41888.0,42370.0,165.15545307
2023-12-30 16:00:00,42373.0,42599.0,42258.0,42358.0,223.30760993
2023-12-30 20:00:00,42356.0,42401.0,42094.0,42148.0,130.78575205
2023-12-31 00:00:00,42148.0,42426.0,41976.0,42171.0,167.19703293
2023-12-31 04:00:00,42170.0,42656.0,42151.0,42519.0,161.57220449
2023-12-31 08:00:00,42525.0,42867.0,42365.0,42501.0,237.97609741
2023-12-31 12:00:00,42508.0,42629.0,42355.0,42449.0,252.92468278
2023-12-31 16:00:00,42448.0,42696.0,42416.0,42596.0,100.6195005
2023-12-31 20:00:00,42600.0,42643.0,42072.0,42258.0,272.43663996
2024-01-01 00:00:00,42258.0,42746.0,42253.0,42335.0,154.93517337
2024-01-01 04:00:00,42322.0,42497.0,42188.0,42465.0,75.72329968
2024-01-01 08:00:00,42494.0,42755.0,42452.0,42682.0,92.88787227
2024-01-01 12:00:00,42708.0,42840.0,42589.0,42766.0,144.08015771
2024-01-01 16:00:00,42793.0,43545.0,42678.0,43518.0,482.01057827
2024-01-01 20:00:00,43534.0,44192.0,43404.0,44187.0,683.86153649
2024-01-02 00:00:00,44187.0,45532.0,44167.0,45422.0,1315.52746045
2024-01-02 04:00:00,45482.0,45680.0,45173.0,45495.0,219.1539053
2024-01-02 08:00:00,45497.0,45922.0,45250.0,45467.0,501.00484299
2024-01-02 12:00:00,45467.0,45845.0,44899.0,45226.0,848.28153316
2024-01-02 16:00:00,45227.0,45437.0,44844.0,45065.0,740.82753335
2024-01-02 20:00:00,45059.0,45297.0,44634.0,44970.0,323.86380068
2024-01-03 00:00:00,44972.0,45429.0,44887.0,45289.0,162.4201674
2024-01-03 04:00:00,45296.0,45391.0,44973.0,45029.0,132.49731811
2024-01-03 08:00:00,45028.0,45510.0,43533.0,43739.0,643.28398258
2024-01-03 12:00:00,43751.0,43751.0,41454.0,43014.0,2092.65203039
2024-01-03 16:00:00,43008.0,43606.0,41996.0,42627.0,631.32545305
2024-01-03 20:00:00,42608.0,42986.0,42548.0,42865.0,318.64910457
2024-01-04 00:00:00,42863.0,43238.0,42656.0,43143.0,289.20034083
2024-01-04 04:00:00,43151.0,43300.0,42804.0,42804.0,163.65498843
2024-01-04 08:00:00,42822.0,43273.0,42722.0,43226.0,267.64388253
2024-01-04 12:00:00,43231.0,44357.0,43147.0,44085.0,1016.59560021
2024-01-04 16:00:00,44090.0,44483.0,43829.0,44021.0,567.56095551
2024-01-04 20:00:00,44021.0,44795.0,43955.0,44186.0,613.46358168
2024-01-05 00:00:00,44195.0,44328.0,42616.0,43504.0,738.32771199
2024-01-05 04:00:00,43526.0,43949.0,43256.0,43810.0,242.43003693
2024-01-05 08:00:00,43809.0,44346.0,43496.0,43811.0,403.94501976
2024-01-05 12:00:00,43797.0,44132.0,42500.0,43527.0,818.73159862
2024-01-05 16:00:00,43523.0,43833.0,43139.0,43620.0,410.32897092
2024-01-05 20:00:00,43630.0,44366.0,43623.0,44184.0,541.70304504
2024-01-06 00:00:00,44189.0,44253.0,43863.0,43981.0,93.50350219
2024-01-06 04:00:00,43973.0,44010.0,43440.0,43697.0,196.03102435
2024-01-06 08:00:00,43688.0,43786.0,43595.0,43701.0,73.85869088
2024-01-06 12:00:00,43699.0,43938.0,43583.0,43898.0,153.45565533
2024-01-06 16:00:00,43893.0,44150.0,43861.0,43938.0,315.61220189
2024-01-06 20:00:00,43939.0,43999.0,43688.0,43999.0,148.07792224
2024-01-07 00:00:00,43988.0,44261.0,43875.0,43964.0,313.40444116
2024-01-07 04:00:00,43976.0,44117.0,43876.0,44111.0,182.53237649
2024-01-07 08:00:00,44116.0,44184.0,43912.0,44084.0,151.35359023
2024-01-07 12:00:00,44084.0,44500.0,43973.0,44094.0,407.49502533
2024-01-07 16:00:00,44071.0,44277.0,43749.0,44273.0,245.59991264
2024-01-07 20:00:00,44273.0,44290.0,43636.0,43944.0,447.05652448
2024-01-08 00:00:00,43936.0,43997.0,43213.0,43553.0,315.23462776
2024-01-08 04:00:00,43529.0,44245.0,43462.0,43984.0,355.22468863
2024-01-08 08:00:00,43995.0,44688.0,43676.0,44652.0,312.47775349
2024-01-08 12:00:00,44653.0,45352.0,44440.0,44991.0,1142.91175338
2024-01-08 16:00:00,45018.0,47281.0,44838.0,47021.0,1032.39273406
2024-01-08 20:00:00,47022.0,47247.0,46695.0,46995.0,478.61944288
2024-01-09 00:00:00,47012.0,47179.0,46281.0,46976.0,774.99552816
2024-01-09 04:00:00,46969.0,46975.0,46645.0,46853.0,149.27233857
2024-01-09 08:00:00,46852.0,46905.0,46428.0,46662.0,271.1591005
2024-01-09 12:00:00,46641.0,47054.0,45496.0,46873.0,810.21134954
2024-01-09 16:00:00,46943.0,46996.0,46528.0,46890.0,157.97782744
2024-01-09 20:00:00,46891.0,47897.0,44903.0,46124.0,1869.45868024
2024-01-10 00:00:00,46103.0,46247.0,45639.0,46132.0,103.6554436
2024-01-10 04:00:00,46155.0,46203.0,45746.0,45778.0,146.45155545
2024-01-10 08:00:00,45785.0,45867.0,45081.0,45532.0,382.30850437
2024-01-10 12:00:00,45492.0,45647.0,44304.0,45564.0,993.90532527
2024-01-10 16:00:00,45577.0,46715.0,45210.0,46518.0,490.00017394
2024-01-10 20:00:00,46514.0,47751.0,44900.0,46681.0,1925.23148842
2024-01-11 00:00:00,46678.0,46784.0,46229.0,46516.0,190.41591411
2024-01-11 04:00:00,46515.0,46521.0,45644.0,46092.0,464.95086965
2024-01-11 08:00:00,46105.0,47155.0,46061.0,47063.0,456.61772009
2024-01-11 12:00:00,47080.0,49048.0,46447.0,46712.0,1898.23867162
2024-01-11 16:00:00,46691.0,46949.0,45600.0,46704.0,911.7025448
2024-01-11 20:00:00,46699.0,47014.0,46100.0,46360.0,551.09769023
2024-01-12 00:00:00,46343.0,46516.0,45911.0,46005.0,133.51885696
2024-01-12 04:00:00,46000.0,46361.0,45777.0,46021.0,392.79365579
2024-01-12 08:00:00,46015.0,46253.0,45549.0,45958.0,348.17443823
2024-01-12 12:00:00,45956.0,46114.0,44272.0,44336.0,1313.58518586
2024-01-12 16:00:00,44336.0,44592.0,43155.0,43425.0,1337.31563842
2024-01-12 20:00:00,43418.0,44011.0,41509.0,42778.0,1681.50299276
2024-01-13 00:00:00,42772.0,42968.0,42440.0,42597.0,159.97655365
2024-01-13 04:00:00,42597.0,43246.0,42549.0,43093.0,202.9344214
2024-01-13 08:00:00,43101.0,43244.0,42511.0,42614.0,175.78023992
2024-01-13 12:00:00,42610.0,43236.0,42502.0,43147.0,218.15559733
2024-01-13 16:00:00,43176.0,43176.0,42737.0,42774.0,131.08650596
2024-01-13 20:00:00,42773.0,43030.0,42702.0,42843.0,157.22129657
2024-01-14 00:00:00,42834.0,42883.0,42637.0,42668.0,59.43204329
2024-01-14 04:00:00,42662.0,43041.0,42559.0,42998.0,135.20758438
2024-01-14 08:00:00,43000.0,43060.0,42781.0,42805.0,144.54445099
2024-01-14 12:00:00,42814.0,42988.0,42712.0,42908.0,136.4553054
2024-01-14 16:00:00,42919.0,42989.0,42621.0,42632.0,168.41742114
2024-01-14 20:00:00,42629.0,42712.0,41704.0,41715.0,612.20013631
2024-01-15 00:00:00,41701.0,42611.0,41680.0,42532.0,195.42537718
2024-01-15 04:00:00,42555.0,42800.0,42505.0,42697.0,81.57011459
2024-01-15 08:00:00,42709.0,42742.0,42512.0,42671.0,261.28530389
2024-01-15 12:00:00,42671.0,42933.0,42136.0,42256.0,428.98046704
2024-01-15 16:00:00,42242.0,43324.0,42221.0,42951.0,315.29046091
2024-01-15 20:00:00,42970.0,43086.0,42324.0,42493.0,173.4335315
2024-01-16 00:00:00,42483.0,42901.0,42445.0,42891.0,82.64209734
2024-01-16 04:00:00,42897.0,42901.0,42570.0,42736.0,118.9929062
2024-01-16 08:00:00,42736.0,43098.0,42671.0,42864.0,168.47925252
2024-01-16 12:00:00,42859.0,43295.0,42056.0,43245.0,986.45164996
2024-01-16 16:00:00,43238.0,43398.0,42829.0,43156.0,555.71206636
2024-01-16 20:00:00,43151.0,43566.0,43049.0,43131.0,456.51235213
2024-01-17 00:00:00,43128.0,43187.0,42837.0,42840.0,93.72220683
2024-01-17 04:00:00,42839.0,42895.0,42594.0,42634.0,100.55258735
2024-01-17 08:00:00,42612.0,42819.0,42544.0,42649.0,173.85422902
2024-01-17 12:00:00,42650.0,42897.0,42359.0,42456.0,608.46910773
2024-01-17 16:00:00,42458.0,42699.0,42172.0,42570.0,359.53132459
2024-01-17 20:00:00,42575.0,42845.0,42417.0,42738.0,333.58860154
2024-01-18 00:00:00,42738.0,42748.0,42474.0,42543.0,65.75144173
2024-01-18 04:00:00,42550.0,42870.0,42539.0,42856.0,132.78311487
2024-01-18 08:00:00,42870.0,42871.0,42344.0,42492.0,230.33209963
2024-01-18 12:00:00,42492.0,42761.0,42319.0,42579.0,369.0601064
2024-01-18 16:00:00,42580.0,42580.0,40770.0,40985.0,938.41475551
2024-01-18 20:00:00,40946.0,41320.0,40600.0,41283.0,497.28372041
2024-01-19 00:00:00,41250.0,41320.0,40715.0,41003.0,181.84918977
2024-01-19 04:00:00,41000.0,41533.0,40992.0,41214.0,392.1706026
2024-01-19 08:00:00,41213.0,41459.0,41098.0,41438.0,152.000072
2024-01-19 12:00:00,41435.0,41438.0,40672.0,40842.0,741.52006566
2024-01-19 16:00:00,40850.0,41932.0,40258.0,41770.0,817.51957677
2024-01-19 20:00:00,41768.0,42152.0,41430.0,41628.0,352.81889943
2024-01-20 00:00:00,41622.0,41660.0,41428.0,41607.0,114.85728413
2024-01-20 04:00:00,41603.0,41744.0,41543.0,41629.0,83.16322796
2024-01-20 08:00:00,41637.0,41650.0,41438.0,41548.0,158.05495977
2024-01-20 12:00:00,41559.0,41662.0,41460.0,41543.0,137.82805506
2024-01-20 16:00:00,41542.0,41644.0,41499.0,41607.0,59.81470861
2024-01-20 20:00:00,41607.0,41854.0,41586.0,41673.0,197.71563412
2024-01-21 00:00:00,41658.0,41704.0,41610.0,41668.0,110.10567463
2024-01-21 04:00:00,41663.0,41677.0,41554.0,41622.0,42.20379802
2024-01-21 08:00:00,41629.0,41793.0,41629.0,41702.0,44.2712816
2024-01-21 12:00:00,41692.0,41849.0,41590.0,41632.0,113.68444286
2024-01-21 16:00:00,41634.0,41704.0,41519.0,41704.0,57.74229668
2024-01-21 20:00:00,41702.0,41778.0,41485.0,41560.0,98.93917514
2024-01-22 00:00:00,41555.0,41649.0,41034.0,41162.0,230.16413936
2024-01-22 04:00:00,41164.0,41266.0,40687.0,40987.0,244.63361147
2024-01-22 08:00:00,40997.0,41004.0,40345.0,40774.0,408.11209099
2024-01-22 12:00:00,40762.0,41187.0,40324.0,40716.0,671.02506966
2024-01-22 16:00:00,40725.0,40798.0,39445.0,39798.0,995.21121417
2024-01-22 20:00:00,39796.0,40322.0,39437.0,39528.0,483.63605988
2024-01-23 00:00:00,39515.0,40081.0,39471.0,39968.0,122.57809584
2024-01-23 04:00:00,39975.0,40133.0,39630.0,39740.0,255.36666145
2024-01-23 08:00:00,39740.0,39816.0,38620.0,38807.0,753.00621305
2024-01-23 12:00:00,38801.0,39391.0,38505.0,39179.0,403.64301258
2024-01-23 16:00:00,39158.0,39606.0,38892.0,39117.0,589.53495205
2024-01-23 20:00:00,39136.0,39869.0,38989.0,39868.0,617.31442429
2024-01-24 00:00:00,39849.0,40224.0,39551.0,39591.0,325.91000666
2024-01-24 04:00:00,39570.0,40128.0,39545.0,39941.0,138.66574896
2024-01-24 08:00:00,39951.0,40515.0,39831.0,40190.0,373.64206568
2024-01-24 12:00:00,40190.0,40262.0,39749.0,40036.0,636.57199478
2024-01-24 16:00:00,40032.0,40181.0,39597.0,39799.0,666.28271308
2024-01-24 20:00:00,39789.0,40162.0,39461.0,40074.0,507.38889692
2024-01-25 00:00:00,40074.0,40162.0,39908.0,39993.0,251.52542924
2024-01-25 04:00:00,39993.0,40109.0,39778.0,40108.0,127.37659516
2024-01-25 08:00:00,40106.0,40278.0,39945.0,40155.0,285.97874033
2024-01-25 12:00:00,40160.0,40254.0,39611.0,39784.0,503.15454396
2024-01-25 16:00:00,39782.0,40002.0,39531.0,39969.0,558.37594457
2024-01-25 20:00:00,39969.0,39979.0,39607.0,39916.0,569.42072936
2024-01-26 00:00:00,39929.0,40188.0,39808.0,40047.0,187.80670175
2024-01-26 04:00:00,40047.0,40181.0,39879.0,39955.0,400.25884545
2024-01-26 08:00:00,39955.0,41301.0,39944.0,41257.0,847.3379538
2024-01-26 12:00:00,41284.0,41564.0,40895.0,41401.0,804.32937517
2024-01-26 16:00:00,41400.0,42194.0,41380.0,42054.0,918.65170501
2024-01-26 20:00:00,42052.0,42233.0,41800.0,41818.0,367.29768254
2024-01-27 00:00:00,41817.0,41919.0,41709.0,41810.0,149.86057727
2024-01-27 04:00:00,41809.0,41872.0,41609.0,41704.0,104.6121963
2024-01-27 08:00:00,41669.0,41784.0,41396.0,41753.0,174.91489979
2024-01-27 12:00:00,41753.0,41879.0,41707.0,41810.0,101.66450351
2024-01-27 16:00:00,41809.0,41973.0,41749.0,41915.0,103.00342364
2024-01-27 20:00:00,41915.0,42187.0,41915.0,42124.0,154.1434316
2024-01-28 00:00:00,42126.0,42231.0,41945.0,42224.0,138.61652909
2024-01-28 04:00:00,42231.0,42824.0,42227.0,42393.0,469.01673815
2024-01-28 08:00:00,42393.0,42699.0,42335.0,42476.0,215.95665671
2024-01-28 12:00:00,42477.0,42522.0,42157.0,42252.0,123.9885333
2024-01-28 16:00:00,42242.0,42342.0,41731.0,41781.0,132.72152548
2024-01-28 20:00:00,41779.0,42056.0,41629.0,42026.0,274.01456949
2024-01-29 00:00:00,42027.0,42484.0,41879.0,42325.0,164.52653772
2024-01-29 04:00:00,42324.0,42338.0,41987.0,42042.0,163.79121426
2024-01-29 08:00:00,42038.0,42375.0,41956.0,42220.0,254.13710787
2024-01-29 12:00:00,42240.0,42630.0,41804.0,42630.0,516.53897466
2024-01-29 16:00:00,42631.0,43295.0,42548.0,42992.0,832.93412436
2024-01-29 20:00:00,43002.0,43305.0,42983.0,43305.0,373.20665544
2024-01-30 00:00:00,43302.0,43775.0,43138.0,43513.0,332.32950251
2024-01-30 04:00:00,43513.0,43563.0,43260.0,43354.0,136.33144724
2024-01-30 08:00:00,43352.0,43550.0,43220.0,43530.0,241.5961165
2024-01-30 12:00:00,43529.0,43853.0,43124.0,43370.0,488.83165545
2024-01-30 16:00:00,43379.0,43587.0,43233.0,43547.0,171.26005727
2024-01-30 20:00:00,43548.0,43799.0,42692.0,42946.0,921.21843277
2024-01-31 00:00:00,42945.0,43098.0,42655.0,42917.0,327.39362346
2024-01-31 04:00:00,42915.0,43047.0,42856.0,43023.0,81.87963335
2024-01-31 08:00:00,43009.0,43050.0,42340.0,42615.0,361.28089051
2024-01-31 12:00:00,42615.0,43445.0,42488.0,43354.0,600.27315525
2024-01-31 16:00:00,43346.0,43738.0,43032.0,43300.0,671.09849974
2024-01-31 20:00:00,43347.0,43350.0,42264.0,42558.0,1244.55397402
2024-02-01 00:00:00,42548.0,42641.0,41859.0,41978.0,201.13695693
2024-02-01 04:00:00,41965.0,42259.0,41859.0,42148.0,157.99581092
2024-02-01 08:00:00,42140.0,42278.0,42010.0,42039.0,173.47867671
2024-02-01 12:00:00,42024.0,42917.0,41914.0,42502.0,504.71631606
2024-02-01 16:00:00,42498.0,43263.0,42359.0,43207.0,479.83260636
2024-02-01 20:00:00,43203.0,43260.0,42871.0,43071.0,353.36060546
2024-02-02 00:00:00,43075.0,43403.0,43011.0,43021.0,204.76171329
2024-02-02 04:00:00,43016.0,43238.0,42928.0,43072.0,119.63865468
2024-02-02 08:00:00,43067.0,43173.0,42917.0,43131.0,198.66385544
2024-02-02 12:00:00,43140.0,43217.0,42538.0,43209.0,782.26920198
2024-02-02 16:00:00,43210.0,43451.0,42600.0,43033.0,491.48556967
2024-02-02 20:00:00,43037.0,43208.0,42882.0,43183.0,99.85617018
2024-02-03 00:00:00,43183.0,43352.0,43129.0,43160.0,239.10891862
2024-02-03 04:00:00,43153.0,43196.0,43031.0,43031.0,92.19880896
2024-02-03 08:00:00,43037.0,43103.0,42959.0,42976.0,69.80928672
2024-02-03 12:00:00,42977.0,43165.0,42876.0,43106.0,131.01397154
2024-02-03 16:00:00,43103.0,43248.0,43005.0,43046.0,132.10076497
2024-02-03 20:00:00,43041.0,43077.0,42943.0,42994.0,95.23053004
2024-02-04 00:00:00,42991.0,43046.0,42886.0,43018.0,55.44126774
2024-02-04 04:00:00,43016.0,43019.0,42717.0,42830.0,86.4548241
2024-02-04 08:00:00,42830.0,43091.0,42716.0,43043.0,114.47916807
2024-02-04 12:00:00,43047.0,43097.0,42835.0,42920.0,74.2763223
2024-02-04 16:00:00,42922.0,42938.0,42568.0,42622.0,148.25306773
2024-02-04 20:00:00,42608.0,42953.0,42243.0,42570.0,296.01788872
2024-02-05 00:00:00,42568.0,42686.0,42244.0,42671.0,238.01176325
2024-02-05 04:00:00,42681.0,43124.0,42609.0,43024.0,150.15246917
2024-02-05 08:00:00,43025.0,43209.0,42912.0,43156.0,155.49524233
2024-02-05 12:00:00,43157.0,43515.0,42553.0,42602.0,860.09783277
2024-02-05 16:00:00,42597.0,42814.0,42451.0,42713.0,312.05464734
2024-02-05 20:00:00,42731.0,42747.0,42288.0,42659.0,313.27997133
2024-02-06 00:00:00,42657.0,42901.0,42521.0,42795.0,134.23624512
2024-02-06 04:00:00,42792.0,42864.0,42620.0,42846.0,158.57785096
2024-02-06 08:00:00,42833.0,43056.0,42640.0,42788.0,221.5203648
2024-02-06 12:00:00,42781.0,43222.0,42616.0,43214.0,398.88685519
2024-02-06 16:00:00,43213.0,43366.0,43003.0,43270.0,478.41649977
2024-02-06 20:00:00,43264.0,43295.0,43036.0,43092.0,150.21447947
2024-02-07 00:00:00,43093.0,43173.0,42764.0,42768.0,108.46384527
2024-02-07 04:00:00,42766.0,43010.0,42766.0,42883.0,78.8385201
2024-02-07 08:00:00,42883.0,43165.0,42819.0,42905.0,181.5206563
2024-02-07 12:00:00,42894.0,43295.0,42860.0,43041.0,304.09155566
2024-02-07 16:00:00,43037.0,43674.0,42983.0,43597.0,624.34564621
2024-02-07 20:00:00,43597.0,44389.0,43597.0,44346.0,369.52599418
2024-02-08 00:00:00,44342.0,44766.0,44325.0,44532.0,618.63739571
2024-02-08 04:00:00,44543.0,44622.0,44416.0,44507.0,100.4441046
2024-02-08 08:00:00,44507.0,44873.0,44507.0,44696.0,431.28713205
2024-02-08 12:00:00,44698.0,45489.0,44608.0,45470.0,913.54605739
2024-02-08 16:00:00,45465.0,45522.0,44903.0,45288.0,586.00118273
2024-02-08 20:00:00,45286.0,45587.0,45230.0,45300.0,451.84981996
2024-02-09 00:00:00,45299.0,46365.0,45252.0,46049.0,337.7805054
2024-02-09 04:00:00,46049.0,46439.0,45850.0,46202.0,219.08045459
2024-02-09 08:00:00,46206.0,47289.0,46204.0,47180.0,457.06808404
2024-02-09 12:00:00,47182.0,47708.0,46712.0,47174.0,1079.56999012
2024-02-09 16:00:00,47169.0,48201.0,47142.0,47537.0,809.43220049
2024-02-09 20:00:00,47528.0,47729.0,47067.0,47161.0,364.86167004
2024-02-10 00:00:00,47156.0,47514.0,47072.0,47396.0,131.98377218
2024-02-10 04:00:00,47402.0,47467.0,47190.0,47192.0,100.71366197
2024-02-10 08:00:00,47190.0,47293.0,46894.0,47205.0,137.67973737
2024-02-10 12:00:00,47209.0,47383.0,47137.0,47366.0,84.60828891
2024-02-10 16:00:00,47366.0,47668.0,47184.0,47540.0,168.41544382
2024-02-10 20:00:00,47547.0,48186.0,47474.0,47770.0,436.36227497
2024-02-11 00:00:00,47770.0,48563.0,47593.0,48536.0,152.18124168
2024-02-11 04:00:00,48551.0,48601.0,48105.0,48194.0,159.46774409
2024-02-11 08:00:00,48204.0,48452.0,47957.0,48433.0,108.77515678
2024-02-11 12:00:00,48422.0,48481.0,47960.0,48164.0,148.91795981
2024-02-11 16:00:00,48157.0,48403.0,47978.0,48299.0,244.2302816
2024-02-11 20:00:00,48296.0,48376.0,47993.0,48313.0,137.16917148
2024-02-12 00:00:00,48313.0,48814.0,48047.0,48167.0,247.13541677
2024-02-12 04:00:00,48167.0,48383.0,47781.0,48219.0,134.91684887
2024-02-12 08:00:00,48217.0,48323.0,47720.0,47908.0,248.53098941
2024-02-12 12:00:00,47909.0,50000.0,47846.0,49940.0,948.44259473
2024-02-12 16:00:00,49941.0,50333.0,49463.0,49539.0,556.44994858
2024-02-12 20:00:00,49539.0,50331.0,49539.0,49937.0,459.60115143
2024-02-13 00:00:00,49937.0,50385.0,49763.0,49815.0,241.11532154
2024-02-13 04:00:00,49814.0,50126.0,49811.0,50010.0,205.37939842
2024-02-13 08:00:00,49995.0,50259.0,49677.0,49998.0,235.1754585
2024-02-13 12:00:00,50011.0,50011.0,48435.0,48754.0,721.70927953
2024-02-13 16:00:00,48734.0,49279.0,48325.0,49044.0,282.52963295
2024-02-13 20:00:00,49057.0,49796.0,49041.0,49720.0,441.48887256
2024-02-14 00:00:00,49728.0,49746.0,49374.0,49540.0,129.30676715
2024-02-14 04:00:00,49539.0,49904.0,49267.0,49871.0,156.03591592
2024-02-14 08:00:00,49868.0,51746.0,49769.0,51575.0,813.71188758
2024-02-14 12:00:00,51575.0,52093.0,51368.0,51628.0,516.31334034
2024-02-14 16:00:00,51594.0,51789.0,51236.0,51715.0,584.65912567
2024-02-14 20:00:00,51713.0,51930.0,51506.0,51844.0,270.03529645
2024-02-15 00:00:00,51841.0,52544.51,51778.0,52394.0,384.06501307
2024-02-15 04:00:00,52392.0,52403.0,51690.0,51834.0,262.9476362
2024-02-15 08:00:00,51823.0,52528.0,51699.0,52378.0,260.28262231
2024-02-15 12:00:00,52366.0,52884.0,51759.0,51980.0,841.47829237
2024-02-15 16:00:00,51981.0,52407.0,51770.0,52049.0,390.84731806
2024-02-15 20:00:00,52046.0,52059.0,51364.0,51942.0,440.92580038
2024-02-16 00:00:00,51935.0,52376.0,51860.0,52336.0,169.51720766
2024-02-16 04:00:00,52325.0,52383.0,51752.0,51768.0,239.52503117
2024-02-16 08:00:00,51752.0,52451.0,51615.0,52242.0,399.51215481
2024-02-16 12:00:00,52220.0,52600.0,51621.0,51907.0,520.67153368
2024-02-16 16:00:00,51905.0,52275.0,51683.0,51777.0,234.21761432
2024-02-16 20:00:00,51780.0,52251.0,51702.0,52161.0,202.925816
2024-02-17 00:00:00,52163.0,52210.0,51889.0,51996.0,82.83107065
2024-02-17 04:00:00,51996.0,52064.0,51826.0,51934.0,69.93193617
2024-02-17 08:00:00,51927.0,51927.0,51522.0,51710.0,190.87913701
2024-02-17 12:00:00,51715.0,51752.0,50647.0,50992.0,285.34161541
2024-02-17 16:00:00,50999.0,51448.0,50756.0,51414.0,179.15757419
2024-02-17 20:00:00,51409.0,52019.0,51324.0,51664.0,191.82574451
2024-02-18 00:00:00,51661.0,51808.0,51196.0,51485.0,186.51511055
2024-02-18 04:00:00,51485.0,51745.0,51430.0,51650.0,111.12550998
2024-02-18 08:00:00,51681.0,52063.0,51654.0,51838.0,99.31901116
2024-02-18 12:00:00,51840.0,51945.0,51553.0,51791.0,108.45817449
2024-02-18 16:00:00,51789.0,51881.0,51663.0,51780.0,125.12008214
2024-02-18 20:00:00,51770.0,52393.0,51612.0,52130.0,294.67354093
2024-02-19 00:00:00,52155.0,52428.0,51925.0,52083.0,140.5357276
2024-02-19 04:00:00,52082.0,52496.0,51997.0,52407.0,98.42656571
2024-02-19 08:00:00,52406.0,52453.0,52083.0,52348.0,152.94027129
2024-02-19 12:00:00,52348.0,52465.0,52032.0,52128.0,284.80956151
2024-02-19 16:00:00,52121.0,52226.0,51694.0,51834.0,269.283625
2024-02-19 20:00:00,51823.0,52106.0,51711.0,51789.0,177.41467766
2024-02-20 00:00:00,51776.0,51846.0,51329.0,51587.0,275.94886326
2024-02-20 04:00:00,51589.0,52026.0,51522.0,51837.0,123.23041103
2024-02-20 08:00:00,51837.0,52389.0,51560.0,52300.0,457.02166352
2024-02-20 12:00:00,52299.0,53015.0,51387.0,51685.0,809.40634582
2024-02-20 16:00:00,51693.0,52107.0,50770.0,52103.0,394.97339218
2024-02-20 20:00:00,52089.0,52526.0,51909.0,52275.0,403.46846163
2024-02-21 00:00:00,52272.0,52397.0,52002.0,52015.0,135.5573765
2024-02-21 04:00:00,52006.0,52113.0,51492.0,51567.0,258.74895915
2024-02-21 08:00:00,51560.0,51779.0,50816.0,50964.0,524.77732046
2024-02-21 12:00:00,50972.0,51442.0,50611.0,51149.0,487.01535393
2024-02-21 16:00:00,51149.0,51429.0,50658.0,51055.0,273.43676917
2024-02-21 20:00:00,51047.0,51944.0,50865.0,51843.0,573.37209889
2024-02-22 00:00:00,51857.0,51868.0,51159.0,51576.0,299.92138719
2024-02-22 04:00:00,51573.0,51902.0,51345.0,51810.0,126.54026788
2024-02-22 08:00:00,51803.0,52011.0,51510.0,51606.0,314.57016326
2024-02-22 12:00:00,51604.0,51714.0,50921.0,51573.0,462.92173896
2024-02-22 16:00:00,51572.0,51730.0,51394.0,51496.0,251.95208345
2024-02-22 20:00:00,51484.0,52049.0,51177.0,51253.0,569.34011298
2024-02-23 00:00:00,51252.0,51507.0,50958.0,51084.0,93.63575059
2024-02-23 04:00:00,51075.0,51293.0,50880.0,50912.0,191.61616115
2024-02-23 08:00:00,50913.0,51239.0,50829.0,51208.0,201.03301512
2024-02-23 12:00:00,51208.0,51298.0,50786.0,50912.0,863.9519438
2024-02-23 16:00:00,50912.0,51189.0,50610.0,51095.0,179.61199884
2024-02-23 20:00:00,51102.0,51161.0,50519.0,50743.0,393.83586036
2024-02-24 00:00:00,50738.0,50904.0,50581.0,50841.0,95.72879598
2024-02-24 04:00:00,50841.0,51080.0,50815.0,51047.0,70.01977541
2024-02-24 08:00:00,51061.0,51147.0,50945.0,51114.0,65.65081985
2024-02-24 12:00:00,51118.0,51156.0,51025.0,51098.0,50.33642809
2024-02-24 16:00:00,51099.0,51683.0,51091.0,51547.0,191.69204918
2024-02-24 20:00:00,51559.0,51667.0,51442.0,51562.0,34.98890123
2024-02-25 00:00:00,51564.0,51870.0,51436.0,51614.0,149.82240539
2024-02-25 04:00:00,51614.0,51801.0,51510.0,51713.0,56.5668614
2024-02-25 08:00:00,51710.0,51780.0,51541.0,51644.0,49.97627588
2024-02-25 12:00:00,51650.0,51776.0,51441.0,51507.0,82.81851278
2024-02-25 16:00:00,51516.0,51726.0,51282.0,51668.0,116.11078691
2024-02-25 20:00:00,51670.0,51958.0,51647.0,51722.0,131.79013938
2024-02-26 00:00:00,51738.0,51783.0,51399.0,51560.0,91.27594143
2024-02-26 04:00:00,51560.0,51597.0,51275.0,51291.0,89.52144366
2024-02-26 08:00:00,51318.0,51382.0,50909.0,51081.0,147.02562129
2024-02-26 12:00:00,51081.0,52926.0,50952.0,52917.0,829.21173489
2024-02-26 16:00:00,52916.0,54577.0,52789.0,54550.0,1109.98560156
2024-02-26 20:00:00,54550.0,54969.0,54316.0,54524.0,299.48772096
2024-02-27 00:00:00,54534.0,57055.0,54500.0,55745.0,898.85939765
2024-02-27 04:00:00,55736.0,56476.0,55655.0,56095.0,166.60200358
2024-02-27 08:00:00,56095.0,56850.0,56075.0,56567.0,262.81503535
2024-02-27 12:00:00,56556.0,57449.0,56497.0,56788.0,1117.51661641
2024-02-27 16:00:00,56781.0,57615.0,56257.0,57356.0,884.08026366
2024-02-27 20:00:00,57362.0,57421.0,56613.0,57068.0,867.29710431
2024-02-28 00:00:00,57065.0,57139.0,56724.0,56957.0,217.00245693
2024-02-28 04:00:00,56960.0,58378.99,56933.0,58271.0,369.57379487
2024-02-28 08:00:00,58282.0,59547.0,58217.0,58994.0,717.38256984
2024-02-28 12:00:00,58979.0,61389.0,58932.0,61014.0,1032.27305945
2024-02-28 16:00:00,61011.0,64000.0,58835.0,60995.0,2575.50318117
2024-02-28 20:00:00,60934.0,62723.0,59801.0,62512.0,1079.27465261
2024-02-29 00:00:00,62512.0,62512.0,61053.0,61589.0,320.90523965
2024-02-29 04:00:00,61589.0,63684.0,61358.0,62699.0,562.3733924
2024-02-29 08:00:00,62719.0,63325.0,62130.0,62943.0,431.15246721
2024-02-29 12:00:00,62924.0,63588.0,62036.0,62791.0,849.68552329
2024-02-29 16:00:00,62794.0,62909.0,60365.0,61619.0,1180.17612209
2024-02-29 20:00:00,61621.0,62390.0,60688.0,61161.0,1053.96750534
2024-03-01 00:00:00,61161.0,61774.0,60801.0,61107.0,125.06283891
2024-03-01 04:00:00,61107.0,61787.0,61065.0,61456.0,189.42738173
2024-03-01 08:00:00,61468.0,62270.0,61373.0,61907.0,281.3339084
2024-03-01 12:00:00,61922.0,62699.0,61110.0,61263.0,484.48297156
2024-03-01 16:00:00,61257.0,62510.0,61242.0,62252.0,488.07477176
2024-03-01 20:00:00,62290.0,63265.0,62280.0,62444.0,547.72495639
2024-03-02 00:00:00,62433.0,62488.0,62014.0,62378.0,128.09834173
2024-03-02 04:00:00,62374.0,62374.0,61851.0,62086.0,217.36140291
2024-03-02 08:00:00,62079.0,62197.0,61730.0,61916.0,108.58765537
2024-03-02 12:00:00,61911.0,62225.0,61645.0,61848.0,137.66251808
2024-03-02 16:00:00,61854.0,62173.0,61721.0,62173.0,115.33226679
2024-03-02 20:00:00,62172.0,62248.0,61764.0,62042.0,149.21904077
2024-03-03 00:00:00,62034.0,62043.0,61698.0,61972.0,101.1445843
2024-03-03 04:00:00,61974.0,62129.0,61402.0,61644.0,195.51887007
2024-03-03 08:00:00,61636.0,61905.0,61452.0,61861.0,49.0240277
2024-03-03 12:00:00,61868.0,62573.0,61860.0,62205.0,157.86227707
2024-03-03 16:00:00,62184.0,63030.0,62122.0,62764.0,500.1478433
2024-03-03 20:00:00,62772.0,63249.0,62615.0,63142.0,239.19512706
2024-03-04 00:00:00,63140.0,64282.0,62376.0,63490.0,667.14874139
2024-03-04 04:00:00,63500.0,64320.0,63247.0,64117.0,136.9267827
2024-03-04 08:00:00,64099.0,65583.0,64044.0,65246.0,594.005459
2024-03-04 12:00:00,65254.0,66639.0,64635.0,66543.0,936.2914838
2024-03-04 16:00:00,66543.0,67621.0,66091.0,67478.0,1066.42076721
2024-03-04 20:00:00,67491.0,68577.0,66879.0,68359.0,1022.44286741
2024-03-05 00:00:00,68359.0,68850.0,67625.0,68214.0,577.69801113
2024-03-05 04:00:00,68231.0,68550.0,65150.0,66238.0,583.82389583
2024-03-05 08:00:00,66190.0,67201.0,65599.0,66701.0,323.90370847
2024-03-05 12:00:00,66704.0,69210.0,66527.0,66842.0,1273.82923464
2024-03-05 16:00:00,66813.0,67018.0,59313.0,61443.0,2775.6507767
2024-03-05 20:00:00,61465.0,64459.0,61316.0,63796.0,1856.54856553
2024-03-06 00:00:00,63815.0,64232.0,62843.0,63311.0,224.02440073
2024-03-06 04:00:00,63319.0,66759.0,63307.0,66759.0,623.70050442
2024-03-06 08:00:00,66682.0,67645.0,66088.0,67329.0,569.16796419
2024-03-06 12:00:00,67329.0,67589.0,64795.0,66504.0,1332.69513295
2024-03-06 16:00:00,66508.0,67547.0,66333.0,66819.0,437.58003177
2024-03-06 20:00:00,66818.0,67467.0,65759.0,66120.0,1048.16008159
2024-03-07 00:00:00,66124.0,66509.0,65623.0,65865.0,197.98558802
2024-03-07 04:00:00,65886.0,66479.0,65675.0,66428.0,326.34898394
2024-03-07 08:00:00,66425.0,67310.0,66395.0,66928.0,306.89924524
2024-03-07 12:00:00,66933.0,68000.0,66639.0,67333.0,1013.68283482
2024-03-07 16:00:00,67317.0,68061.0,67095.0,67576.0,1030.08870068
2024-03-07 20:00:00,67584.0,68061.0,66928.0,66941.0,479.91481464
2024-03-08 00:00:00,66928.0,67368.0,66863.0,67212.0,146.00010343
2024-03-08 04:00:00,67224.0,67727.0,66879.0,67361.0,234.15582756
2024-03-08 08:00:00,67356.0,67800.0,67169.0,67800.0,380.53764594
2024-03-08 12:00:00,67808.0,70184.0,67340.0,67756.0,1480.3122785
2024-03-08 16:00:00,67733.0,69000.0,66264.0,69000.0,1316.23584574
2024-03-08 20:00:00,69007.0,69552.0,68032.0,68285.0,865.8156486
2024-03-09 00:00:00,68285.0,68470.0,68050.0,68429.0,169.3717967
2024-03-09 04:00:00,68431.0,68685.0,68279.0,68440.0,124.61646014
2024-03-09 08:00:00,68429.0,68595.0,68112.0,68441.0,160.29695186
2024-03-09 12:00:00,68441.0,68668.0,68273.0,68461.0,163.23043672
2024-03-09 16:00:00,68447.0,68495.0,68168.0,68370.0,111.35656068
2024-03-09 20:00:00,68370.0,68594.0,68359.0,68463.0,127.23511569
2024-03-10 00:00:00,68464.0,69386.0,68372.0,69274.0,419.72144601
2024-03-10 04:00:00,69267.0,69779.0,69151.0,69465.0,187.51290681
2024-03-10 08:00:00,69479.0,69999.0,69356.0,69709.0,274.74769129
2024-03-10 12:00:00,69698.0,69957.0,68825.0,69344.0,344.78958948
2024-03-10 16:00:00,69336.0,69881.0,69267.0,69528.0,187.37680836
2024-03-10 20:00:00,69529.0,69599.0,68196.0,69026.0,572.96099623
2024-03-11 00:00:00,69013.0,69015.0,67120.0,68604.0,497.12245278
2024-03-11 04:00:00,68627.0,71277.0,68495.0,71017.0,1038.18980614
2024-03-11 08:00:00,71025.0,72306.0,71012.0,71585.0,743.44582266
2024-03-11 12:00:00,71585.0,72767.0,71373.0,72069.0,939.30185901
2024-03-11 16:00:00,72072.0,72910.0,71828.0,72044.0,1482.63149214
2024-03-11 20:00:00,72074.0,72774.0,71947.0,72118.0,327.65888514
2024-03-12 00:00:00,72105.0,72500.0,71424.0,71623.0,341.83570716
2024-03-12 04:00:00,71622.0,72375.0,71331.0,72150.0,208.72028057
2024-03-12 08:00:00,72146.0,72368.0,71452.0,72047.0,307.57288061
2024-03-12 12:00:00,72052.0,73054.0,70919.0,71719.0,979.01368099
2024-03-12 16:00:00,71718.0,71833.0,68636.0,71476.0,2024.21611958
2024-03-12 20:00:00,71475.0,71550.0,70564.0,71473.0,190.39988227
2024-03-13 00:00:00,71473.0,72235.0,71340.0,72081.0,262.82570485
2024-03-13 04:00:00,72083.0,73185.0,71938.0,72915.0,311.03115448
2024-03-13 08:00:00,72896.0,73679.0,72861.0,73109.0,726.8016462
2024-03-13 12:00:00,73127.0,73231.0,71699.0,72779.0,985.32781681
2024-03-13 16:00:00,72763.0,73508.0,72412.0,73468.0,889.97938106
2024-03-13 20:00:00,73484.0,73513.0,72892.0,73121.0,471.62636869
2024-03-14 00:00:00,73130.0,73335.0,72539.0,73311.0,174.5221813
2024-03-14 04:00:00,73298.0,73794.0,72748.0,73259.0,385.94985866
2024-03-14 08:00:00,73258.0,73575.0,72687.0,72934.0,203.24824637
2024-03-14 12:00:00,72933.0,73071.0,70525.0,70800.0,1456.87936905
2024-03-14 16:00:00,70804.0,71399.0,68555.0,69339.0,1510.93732268
2024-03-14 20:00:00,69284.0,71699.0,69251.0,71371.0,412.83806746
2024-03-15 00:00:00,71387.0,72415.0,66767.0,68200.0,1269.73808134
2024-03-15 04:00:00,68194.0,68828.0,66911.0,68409.0,604.76573353
2024-03-15 08:00:00,68440.0,68570.0,65569.0,67650.0,1013.83908193
2024-03-15 12:00:00,67691.0,68731.0,67402.0,68152.0,413.68350176
2024-03-15 16:00:00,68146.0,70606.0,67517.0,68971.0,1060.83057388
2024-03-15 20:00:00,68980.0,69756.0,67463.0,69516.0,589.55312511
2024-03-16 00:00:00,69505.0,70069.0,68925.0,69189.0,140.75990323
2024-03-16 04:00:00,69185.0,69430.0,68610.0,69430.0,144.92812701
2024-03-16 08:00:00,69409.0,69409.0,67734.0,68242.0,241.54806342
2024-03-16 12:00:00,68253.0,68489.0,67512.0,68369.0,338.29131766
2024-03-16 16:00:00,68316.0,68388.0,66639.0,66931.0,378.17394265
2024-03-16 20:00:00,66879.0,67483.0,64780.0,65248.0,971.46361039
2024-03-17 00:00:00,65245.0,66533.0,65090.0,66511.0,331.90327885
2024-03-17 04:00:00,66510.0,66520.0,64522.0,65588.0,557.19391445
2024-03-17 08:00:00,65561.0,67403.0,65250.0,66863.0,328.00599817
2024-03-17 12:00:00,66871.0,68058.0,66364.0,67911.0,336.66558126
2024-03-17 16:00:00,67894.0,68617.0,67700.0,68526.0,155.45018047
2024-03-17 20:00:00,68505.0,68867.0,67945.0,68352.0,331.19132749
2024-03-18 00:00:00,68344.0,68369.0,66775.0,67905.0,329.47597197
2024-03-18 04:00:00,67927.0,68902.0,67663.0,68165.0,284.31305481
2024-03-18 08:00:00,68184.0,68429.0,67289.0,68207.0,358.33947482
2024-03-18 12:00:00,68207.0,68569.0,66608.0,67456.0,679.94276665
2024-03-18 16:00:00,67442.0,68049.0,66585.0,66950.0,913.51698077
2024-03-18 20:00:00,66952.0,67987.0,66952.0,67613.0,326.07991924
2024-03-19 00:00:00,67603.0,68123.0,64879.0,65879.0,676.3199193
2024-03-19 04:00:00,65874.0,65969.0,63555.0,64663.0,854.56344093
2024-03-19 08:00:00,64659.0,64659.0,62443.0,63016.0,1100.40334307
2024-03-19 12:00:00,63007.0,64059.0,62323.0,63987.0,648.16725639
2024-03-19 16:00:00,63980.0,65753.0,63891.0,64395.0,1191.48358023
2024-03-19 20:00:00,64382.0,64489.0,61447.0,61897.0,847.18821857
2024-03-20 00:00:00,61919.0,63378.0,61622.0,61730.0,790.34056041
2024-03-20 04:00:00,61820.0,63163.0,60760.0,62963.0,971.81963042
2024-03-20 08:00:00,62865.0,63928.0,62605.0,63359.0,329.17428533
2024-03-20 12:00:00,63354.0,64390.0,63052.0,63602.0,924.7444123
2024-03-20 16:00:00,63616.0,66017.0,62040.0,65792.0,1223.11289767
2024-03-20 20:00:00,65786.0,68168.0,65666.0,67872.0,750.7128059
2024-03-21 00:00:00,67842.0,68249.0,66359.0,66643.0,273.96485655
2024-03-21 04:00:00,66696.0,67331.0,66090.0,67005.0,236.11065309
2024-03-21 08:00:00,67007.0,67658.0,66656.0,67047.0,365.60258244
2024-03-21 12:00:00,67039.0,67678.0,66057.0,66525.0,864.82356199
2024-03-21 16:00:00,66532.0,66983.0,64831.0,65264.0,690.25756009
2024-03-21 20:00:00,65205.0,65900.0,64537.0,65485.0,505.04527866
2024-03-22 00:00:00,65477.0,66153.0,65129.0,65964.0,192.53175174
2024-03-22 04:00:00,65985.0,66631.0,65766.0,66170.0,257.74492759
2024-03-22 08:00:00,66175.0,66359.0,64089.0,64233.0,448.71630151
2024-03-22 12:00:00,64230.0,64678.0,62598.0,63869.0,913.17863311
2024-03-22 16:00:00,63877.0,64145.0,62771.0,63883.0,305.85772325
2024-03-22 20:00:00,63884.0,63973.0,62332.0,63807.0,302.52902502
2024-03-23 00:00:00,63812.0,64375.0,63016.0,63577.0,258.98029707
2024-03-23 04:00:00,63548.0,64844.0,63546.0,64579.0,137.92645731
2024-03-23 08:00:00,64587.0,64832.0,64205.0,64634.0,203.46167026
2024-03-23 12:00:00,64638.0,65404.0,64298.0,65108.0,245.44489956
2024-03-23 16:00:00,65108.0,66027.0,64808.0,64893.0,285.2341908
2024-03-23 20:00:00,64961.0,65205.0,63921.0,64001.0,121.46606181
2024-03-24 00:00:00,64007.0,64698.0,63959.0,63982.0,148.17603169
2024-03-24 04:00:00,63991.0,64592.0,63807.0,64586.0,179.38582221
2024-03-24 08:00:00,64550.0,65358.0,64483.0,65340.0,215.45107119
2024-03-24 12:00:00,65340.0,65898.0,65207.0,65659.0,228.27816077
2024-03-24 16:00:00,65671.0,66031.0,64614.0,65846.0,319.81889945
2024-03-24 20:00:00,65884.0,67613.0,65736.0,67188.0,300.82507181
2024-03-25 00:00:00,67208.0,67338.0,66407.0,67338.0,294.01201816
2024-03-25 04:00:00,67339.0,67735.0,66767.0,66852.0,186.25965671
2024-03-25 08:00:00,66841.0,67359.0,66783.0,66836.0,178.40292183
2024-03-25 12:00:00,66827.0,70049.0,66807.0,69821.0,1139.96612672
2024-03-25 16:00:00,69817.0,71099.0,69464.0,71043.0,730.39849428
2024-03-25 20:00:00,71095.0,71213.0,69584.0,69898.0,520.15246835
2024-03-26 00:00:00,69889.0,70623.0,69756.0,70471.0,100.9653154
2024-03-26 04:00:00,70444.0,71572.0,70300.0,70512.0,214.84303518
2024-03-26 08:00:00,70517.0,71284.0,70319.0,70700.0,240.64581304
2024-03-26 12:00:00,70694.0,71126.0,69257.0,70279.0,925.6769776
2024-03-26 16:00:00,70265.0,70531.0,69405.0,69456.0,773.93607985
2024-03-26 20:00:00,69456.0,70294.0,69377.0,69997.0,223.88077236
2024-03-27 00:00:00,69999.0,70725.0,69820.0,70381.0,170.32446286
2024-03-27 04:00:00,70397.0,70557.0,69664.0,69741.0,237.1581507
2024-03-27 08:00:00,69741.0,70344.0,69438.0,70213.0,172.42042816
2024-03-27 12:00:00,70232.0,71754.0,68557.0,68850.0,1290.7092368
2024-03-27 16:00:00,68867.0,69397.0,68362.0,68595.0,270.04068956
2024-03-27 20:00:00,68579.0,69578.0,68579.0,69421.0,165.71726201
2024-03-28 00:00:00,69406.0,69944.0,68863.0,69281.0,210.69464687
2024-03-28 04:00:00,69242.0,70420.0,69238.0,70387.0,179.57219053
2024-03-28 08:00:00,70383.0,70912.0,70293.0,70605.0,343.07825822
2024-03-28 12:00:00,70632.0,71587.0,70320.0,71296.0,841.41487164
2024-03-28 16:00:00,71310.0,71336.0,70398.0,70847.0,375.36570944
2024-03-28 20:00:00,70850.0,71065.0,70590.0,70803.0,196.02361897
2024-03-29 00:00:00,70769.0,70929.0,70320.0,70462.0,82.34523559
2024-03-29 04:00:00,70459.0,70539.0,69782.0,69800.0,154.84418155
2024-03-29 08:00:00,69799.0,70332.0,69597.0,70167.0,228.95932471
2024-03-29 12:00:00,70161.0,70623.0,69073.0,69186.0,347.29502363
2024-03-29 16:00:00,69195.0,69706.0,69106.0,69706.0,183.43441561
2024-03-29 20:00:00,69702.0,69957.0,69347.0,69903.0,134.25452652
2024-03-30 00:00:00,69934.0,70197.0,69776.0,69829.0,88.47231191
2024-03-30 04:00:00,69829.0,70344.0,69807.0,69898.0,104.76293267
2024-03-30 08:00:00,69898.0,70218.0,69857.0,70218.0,92.78271546
2024-03-30 12:00:00,70218.0,70302.0,69915.0,70055.0,94.38820827
2024-03-30 16:00:00,70046.0,70319.0,69739.0,69946.0,131.81055782
2024-03-30 20:00:00,69904.0,69947.0,69586.0,69613.0,77.62420551
2024-03-31 00:00:00,69616.0,70150.0,69594.0,69939.0,94.55344613
2024-03-31 04:00:00,69941.0,70462.0,69884.0,70292.0,81.18942723
2024-03-31 08:00:00,70310.0,70471.0,70176.0,70379.0,78.89405725
2024-03-31 12:00:00,70399.0,70750.0,70311.0,70395.0,154.59356968
2024-03-31 16:00:00,70402.0,71219.0,70339.0,71034.0,255.22001944
2024-03-31 20:00:00,71088.0,71391.0,70657.0,71285.0,193.52915051
2024-04-01 00:00:00,71296.0,71296.0,70549.0,70619.0,171.08437775
2024-04-01 04:00:00,70577.0,70672.0,68900.0,69625.0,408.51409873
2024-04-01 08:00:00,69620.0,69822.0,69215.0,69478.0,149.29642139
2024-04-01 12:00:00,69470.0,70092.0,68168.0,68231.0,588.57766749
2024-04-01 16:00:00,68183.0,69865.0,68073.0,69713.0,631.75516249
2024-04-01 20:00:00,69720.0,69915.0,69372.0,69699.0,83.53779951
2024-04-02 00:00:00,69694.0,69706.0,66013.0,66756.0,944.7241878
2024-04-02 04:00:00,66749.0,67177.0,66177.0,66528.0,253.7049618
2024-04-02 08:00:00,66522.0,66756.0,65047.0,65623.0,578.60977627
2024-04-02 12:00:00,65613.0,66272.0,64545.0,64900.0,714.44131774
2024-04-02 16:00:00,64900.0,66240.0,64615.0,66000.0,564.03747062
2024-04-02 20:00:00,65938.0,66134.0,65239.0,65469.0,476.10283437
2024-04-03 00:00:00,65471.0,66292.0,64511.0,66243.0,300.54302624
2024-04-03 04:00:00,66241.0,66514.0,65971.0,66188.0,198.63911561
2024-04-03 08:00:00,66192.0,66673.0,65599.0,66099.0,259.52401658
2024-04-03 12:00:00,66098.0,66942.0,65670.0,65839.0,654.81167855
2024-04-03 16:00:00,65843.0,66606.0,65511.0,65816.0,225.56710427
2024-04-03 20:00:00,65831.0,66323.0,65528.0,65988.0,237.03776241
2024-04-04 00:00:00,65984.0,66390.0,65528.0,65651.0,108.62024585
2024-04-04 04:00:00,65636.0,66264.0,65100.0,66076.0,218.72760943
2024-04-04 08:00:00,66025.0,66455.0,66014.0,66356.0,173.5091849
2024-04-04 12:00:00,66352.0,67973.0,66324.0,67655.0,807.71347239
2024-04-04 16:00:00,67696.0,69328.0,67552.0,68498.0,726.67483253
2024-04-04 20:00:00,68520.0,68598.0,67362.0,68538.0,297.12199923
2024-04-05 00:00:00,68522.0,68767.0,67497.0,67882.0,237.99814085
2024-04-05 04:00:00,67882.0,68049.0,66431.0,66930.0,247.56399762
2024-04-05 08:00:00,66935.0,67661.0,66397.0,66498.0,188.16785882
2024-04-05 12:00:00,66513.0,68627.0,65999.0,68250.0,961.25694741
2024-04-05 16:00:00,68224.0,68413.0,67287.0,67422.0,429.41082045
2024-04-05 20:00:00,67412.0,68000.0,67378.0,67857.0,136.59654489
2024-04-06 00:00:00,67851.0,68085.0,67476.0,67828.0,100.33354022
2024-04-06 04:00:00,67838.0,68243.0,67644.0,68026.0,97.98337585
2024-04-06 08:00:00,68022.0,68141.0,67654.0,67679.0,84.09173064
2024-04-06 12:00:00,67691.0,68306.0,67589.0,68125.0,116.13005147
2024-04-06 16:00:00,68126.0,68495.0,67971.0,68280.0,120.35205621
2024-04-06 20:00:00,68298.0,69680.0,68200.0,68917.0,210.67220648
2024-04-07 00:00:00,68907.0,69781.0,68858.0,69441.0,332.6129563
2024-04-07 04:00:00,69432.0,69521.0,69112.0,69390.0,132.54683644
2024-04-07 08:00:00,69388.0,69505.0,69239.0,69374.0,47.79168691
2024-04-07 12:00:00,69384.0,69881.0,69239.0,69568.0,160.1882957
2024-04-07 16:00:00,69558.0,70310.0,68915.0,69079.0,316.58025528
2024-04-07 20:00:00,69073.0,69464.0,68924.0,69358.0,134.20858873
2024-04-08 00:00:00,69336.0,69814.0,69073.0,69457.0,255.4851555
2024-04-08 04:00:00,69471.0,70832.0,69284.0,70702.0,219.2215414
2024-04-08 08:00:00,70708.0,72606.0,70644.0,72370.0,757.71745897
2024-04-08 12:00:00,72372.0,72756.0,71245.0,71781.0,600.48368976
2024-04-08 16:00:00,71770.0,72136.0,71306.0,71738.0,243.83738998
2024-04-08 20:00:00,71778.0,71984.0,71491.0,71613.0,171.23051427
2024-04-09 00:00:00,71623.0,71748.0,70877.0,71277.0,192.90843079
2024-04-09 04:00:00,71288.0,71322.0,70197.0,70394.0,233.11993543
2024-04-09 08:00:00,70398.0,70898.0,69635.0,70792.0,374.74556016
2024-04-09 12:00:00,70797.0,70948.0,68544.0,69239.0,822.65967533
2024-04-09 16:00:00,69244.0,69289.0,68217.0,69001.0,477.89635366
2024-04-09 20:00:00,68939.0,69384.0,68866.0,69135.0,218.74206024
2024-04-10 00:00:00,69100.0,69564.0,68484.0,69145.0,328.14239053
2024-04-10 04:00:00,69145.0,69513.0,69000.0,69328.0,76.19662482
2024-04-10 08:00:00,69310.0,69313.0,68645.0,69045.0,217.06978491
2024-04-10 12:00:00,69043.0,69190.0,67482.0,68663.0,938.61458064
2024-04-10 16:00:00,68645.0,70075.0,68560.0,70075.0,580.66509883
2024-04-10 20:00:00,70075.0,71150.0,69592.0,70630.0,353.62817698
2024-04-11 00:00:00,70638.0,71049.0,70274.0,70841.0,384.9523872
2024-04-11 04:00:00,70871.0,71287.0,70403.0,70742.0,184.61515844
2024-04-11 08:00:00,70745.0,71244.0,69865.0,70007.0,222.88380756
2024-04-11 12:00:00,70000.0,71074.0,69555.0,69993.0,523.06656425
2024-04-11 16:00:00,69995.0,70543.0,69568.0,70489.0,463.71118649
2024-04-11 20:00:00,70483.0,70769.0,69848.0,70015.0,196.90499581
2024-04-12 00:00:00,70019.0,71031.0,70007.0,71010.0,155.56026041
2024-04-12 04:00:00,70995.0,71236.0,70589.0,70768.0,236.07188894
2024-04-12 08:00:00,70764.0,70948.0,70530.0,70882.0,126.01141732
2024-04-12 12:00:00,70881.0,70963.0,69178.0,69316.0,540.13339828
2024-04-12 16:00:00,69299.0,69554.0,65230.0,66856.0,1587.35728591
2024-04-12 20:00:00,66861.0,67480.0,66715.0,67150.0,210.19582074
2024-04-13 00:00:00,67146.0,67181.0,65781.0,67168.0,327.95077245
2024-04-13 04:00:00,67167.0,67929.0,67030.0,67458.0,201.96263645
2024-04-13 08:00:00,67464.0,67808.0,67122.0,67368.0,162.66205757
2024-04-13 12:00:00,67389.0,67930.0,67193.0,67708.0,172.42256439
2024-04-13 16:00:00,67672.0,67777.0,63803.0,64886.0,1083.53925408
2024-04-13 20:00:00,64759.0,65654.0,61308.0,64054.0,1690.03489644
2024-04-14 00:00:00,64039.0,64429.0,62162.0,63466.0,633.00581004
2024-04-14 04:00:00,63462.0,64911.0,63427.0,64516.0,369.54290818
2024-04-14 08:00:00,64506.0,64918.0,63933.0,64215.0,252.72045874
2024-04-14 12:00:00,64212.0,64871.0,63485.0,64212.0,316.3039916
2024-04-14 16:00:00,64214.0,64755.0,62638.0,64206.0,567.7092823
2024-04-14 20:00:00,64219.0,65859.0,63377.0,65749.0,536.66865477
2024-04-15 00:00:00,65748.0,65934.0,64996.0,65210.0,238.34099118
2024-04-15 04:00:00,65193.0,66623.0,64763.0,66341.0,353.97576099
2024-04-15 08:00:00,66340.0,66900.0,65899.0,65934.0,426.58578092
2024-04-15 12:00:00,65945.0,66476.0,63852.0,64617.0,742.43316914
2024-04-15 16:00:00,64615.0,64900.0,62340.0,63349.0,663.66267617
2024-04-15 20:00:00,63316.0,63651.0,62662.0,63438.0,194.51109099
2024-04-16 00:00:00,63467.0,63925.0,62806.0,63003.0,322.91045483
2024-04-16 04:00:00,62996.0,63810.0,61750.0,63534.0,506.92337994
2024-04-16 08:00:00,63546.0,63691.0,61654.0,63105.0,433.49615062
2024-04-16 12:00:00,63087.0,63451.0,61774.0,61794.0,757.99893538
2024-04-16 16:00:00,61792.0,63274.0,61714.0,62735.0,408.9706419
2024-04-16 20:00:00,62717.0,64376.0,62565.0,63830.0,254.97352488
2024-04-17 00:00:00,63821.0,64370.0,63622.0,63859.0,306.57759315
2024-04-17 04:00:00,63848.0,64636.0,63325.0,63332.0,359.60303143
2024-04-17 08:00:00,63331.0,63603.0,62579.0,62620.0,313.10511471
2024-04-17 12:00:00,62666.0,62977.0,59827.0,60291.0,1345.37021522
2024-04-17 16:00:00,60321.0,61963.0,59672.0,61004.0,743.046257
2024-04-17 20:00:00,60996.0,61753.0,60795.0,61278.0,159.4899839
2024-04-18 00:00:00,61256.0,62211.0,60962.0,62001.0,205.8457564
2024-04-18 04:00:00,61982.0,62076.0,60830.0,61191.0,189.33067579
2024-04-18 08:00:00,61197.0,63095.0,60894.0,62623.0,396.1393203
2024-04-18 12:00:00,62619.0,64182.0,61639.0,63537.0,964.78804519
2024-04-18 16:00:00,63538.0,63924.0,62368.0,63554.0,491.84551629
2024-04-18 20:00:00,63545.0,63859.0,63213.0,63515.0,105.20300887
2024-04-19 00:00:00,63512.0,63512.0,59629.0,61792.0,1383.61734409
2024-04-19 04:00:00,61772.0,65190.0,61772.0,64574.0,446.770052
2024-04-19 08:00:00,64576.0,65433.0,64205.0,64927.0,375.20842054
2024-04-19 12:00:00,64932.0,65506.0,63899.0,64447.0,596.88114319
2024-04-19 16:00:00,64454.0,64832.0,63555.0,64340.0,572.12746236
2024-04-19 20:00:00,64341.0,64528.0,63007.0,63821.0,381.71977647
2024-04-20 00:00:00,63847.0,64257.0,63136.0,64007.0,203.26881252
2024-04-20 04:00:00,63994.0,64283.0,63860.0,63987.0,81.09548251
2024-04-20 08:00:00,64009.0,64009.0,63318.0,63731.0,278.04167223
2024-04-20 12:00:00,63733.0,64973.0,63600.0,64824.0,198.59954012
2024-04-20 16:00:00,64837.0,65450.0,64491.0,64895.0,331.0596056
2024-04-20 20:00:00,64918.0,65021.0,64592.0,64990.0,86.79680977
2024-04-21 00:00:00,64978.0,65710.0,64646.0,65219.0,196.03363523
2024-04-21 04:00:00,65184.0,65254.0,64910.0,65153.0,112.47208897
2024-04-21 08:00:00,65182.0,65442.0,64809.0,65263.0,154.15939221
2024-04-21 12:00:00,65302.0,65386.0,64817.0,65050.0,119.53750293
2024-04-21 16:00:00,65086.0,65107.0,64294.0,64554.0,106.67425414
2024-04-21 20:00:00,64553.0,65152.0,64380.0,64950.0,182.77419115
2024-04-22 00:00:00,64951.0,66101.0,64545.0,65726.0,313.51783906
2024-04-22 04:00:00,65733.0,66503.0,65544.0,66027.0,205.76709002
2024-04-22 08:00:00,66026.0,66243.0,65757.0,65911.0,144.21782063
2024-04-22 12:00:00,65914.0,66546.0,65686.0,66027.0,595.36760737
2024-04-22 16:00:00,66029.0,66855.0,65970.0,66555.0,439.28777398
2024-04-22 20:00:00,66558.0,67241.0,66375.0,66855.0,321.42945015
2024-04-23 00:00:00,66845.0,67201.0,66479.0,66485.0,143.31412042
2024-04-23 04:00:00,66482.0,66671.0,66089.0,66132.0,126.24709088
2024-04-23 08:00:00,66135.0,66319.0,65899.0,66064.0,82.15646546
2024-04-23 12:00:00,66064.0,67166.0,65837.0,66393.0,557.54603977
2024-04-23 16:00:00,66449.0,66910.0,66390.0,66485.0,170.31350014
2024-04-23 20:00:00,66485.0,66485.0,65970.0,66421.0,120.76900746
2024-04-24 00:00:00,66413.0,66886.0,66413.0,66598.0,119.08687988
2024-04-24 04:00:00,66614.0,67057.0,66567.0,66642.0,116.91720276
2024-04-24 08:00:00,66641.0,66730.0,66216.0,66570.0,230.38796479
2024-04-24 12:00:00,66577.0,66744.0,64480.0,64577.0,1143.15342786
2024-04-24 16:00:00,64566.0,65112.0,63733.0,63939.0,247.69047787
2024-04-24 20:00:00,63946.0,64375.0,63554.0,64259.0,215.01278951
2024-04-25 00:00:00,64254.0,64708.0,63875.0,64262.0,198.24803145
2024-04-25 04:00:00,64270.0,64368.0,63822.0,64008.0,145.04834789
2024-04-25 08:00:00,64008.0,64162.0,63356.0,63830.0,263.03203913
2024-04-25 12:00:00,63834.0,64262.0,62785.0,64104.0,675.68314911
2024-04-25 16:00:00,64091.0,64910.0,63942.0,64708.0,318.21092164
2024-04-25 20:00:00,64713.0,65286.0,64446.0,64493.0,251.47157674
2024-04-26 00:00:00,64488.0,64655.0,63921.0,64371.0,120.17920417
2024-04-26 04:00:00,64378.0,64599.0,64028.0,64269.0,171.16314958
2024-04-26 08:00:00,64277.0,64561.0,64068.0,64229.0,168.93597346
2024-04-26 12:00:00,64228.0,64793.0,63348.0,63483.0,474.3070797
2024-04-26 16:00:00,63476.0,64128.0,63306.0,63714.0,187.89347601
2024-04-26 20:00:00,63719.0,64067.0,63676.0,63745.0,91.38064655
2024-04-27 00:00:00,63746.0,63903.0,62405.0,63055.0,293.22831851
2024-04-27 04:00:00,63050.0,63144.0,62788.0,62927.0,89.95294937
2024-04-27 08:00:00,62932.0,63019.0,62653.0,62813.0,47.91473361
2024-04-27 12:00:00,62821.0,63363.0,62792.0,62918.0,98.09753797
2024-04-27 16:00:00,62914.0,63584.0,62713.0,63315.0,223.26919599
2024-04-27 20:00:00,63317.0,63516.0,63121.0,63429.0,80.70738853
2024-04-28 00:00:00,63417.0,64310.0,63417.0,63991.0,106.50901364
2024-04-28 04:00:00,63988.0,64018.0,63768.0,63885.0,81.10513875
2024-04-28 08:00:00,63881.0,63949.0,63352.0,63467.0,129.22709057
2024-04-28 12:00:00,63459.0,63828.0,63391.0,63520.0,115.82180794
2024-04-28 16:00:00,63515.0,63940.0,63460.0,63732.0,114.58044663
2024-04-28 20:00:00,63707.0,63718.0,62811.0,63098.0,259.99352115
2024-04-29 00:00:00,63106.0,63333.0,62226.0,62288.0,165.34024059
2024-04-29 04:00:00,62270.0,62628.0,61943.0,62397.0,223.70874717
2024-04-29 08:00:00,62398.0,62660.0,62173.0,62241.0,146.60031565
2024-04-29 12:00:00,62226.0,63090.0,61764.0,63033.0,431.0054342
2024-04-29 16:00:00,63038.0,63211.0,62532.0,62966.0,263.70254921
2024-04-29 20:00:00,62965.0,64181.0,62812.0,63832.0,266.14423974
2024-04-30 00:00:00,63849.0,64714.0,63084.0,63630.0,373.99878347
2024-04-30 04:00:00,63676.0,63687.0,63079.0,63145.0,122.51276087
2024-04-30 08:00:00,63140.0,63224.0,61019.0,61181.0,507.62855825
2024-04-30 12:00:00,61154.0,61506.0,60525.0,60741.0,655.15971941
2024-04-30 16:00:00,60748.0,60836.0,59068.0,59150.0,779.08437794
2024-04-30 20:00:00,59160.0,60956.0,59160.0,60632.0,301.9634025
2024-05-01 00:00:00,60611.0,60786.0,59523.0,60183.0,244.47358846
2024-05-01 04:00:00,60176.0,60278.0,57082.0,57441.0,673.27443295
2024-05-01 08:00:00,57408.0,57834.0,56500.0,57831.0,878.63956876
2024-05-01 12:00:00,57830.0,58203.0,56600.0,56800.0,454.92907121
2024-05-01 16:00:00,56810.0,59395.0,56564.0,56893.0,1009.75083757
2024-05-01 20:00:00,56879.0,58462.0,56702.0,58256.0,262.23346311
2024-05-02 00:00:00,58272.0,58497.0,56932.0,57393.0,208.83415349
2024-05-02 04:00:00,57368.0,57875.0,57154.0,57637.0,188.73699626
2024-05-02 08:00:00,57649.0,58652.0,57565.0,58537.0,277.68300048
2024-05-02 12:00:00,58532.0,59465.0,58238.0,59285.0,487.80814186
2024-05-02 16:00:00,59277.0,59579.0,58947.0,59369.0,221.86246851
2024-05-02 20:00:00,59341.0,59623.0,58672.0,59099.0,315.1707553
2024-05-03 00:00:00,59076.0,60000.0,58829.0,59733.0,286.64631697
2024-05-03 04:00:00,59729.0,59850.0,59082.0,59170.0,170.30621553
2024-05-03 08:00:00,59183.0,59566.0,58863.0,59282.0,354.25099164
2024-05-03 12:00:00,59290.0,62109.0,59011.0,61701.0,945.24872583
2024-05-03 16:00:00,61704.0,62196.0,61566.0,62102.0,357.00326067
2024-05-03 20:00:00,62100.0,63340.0,61997.0,62915.0,446.58551033
2024-05-04 00:00:00,62907.0,63576.0,62585.0,62712.0,270.77592934
2024-05-04 04:00:00,62737.0,63444.0,62707.0,62994.0,329.26466025
2024-05-04 08:00:00,62993.0,64522.0,62942.0,63868.0,351.27400208
2024-05-04 12:00:00,63885.0,64158.0,63487.0,63618.0,215.60585634
2024-05-04 16:00:00,63630.0,64013.0,63352.0,63927.0,91.49076199
2024-05-04 20:00:00,63923.0,64198.0,63577.0,63899.0,142.06817778
2024-05-05 00:00:00,63901.0,64182.0,62947.0,63253.0,215.43180059
2024-05-05 04:00:00,63244.0,63951.0,63151.0,63760.0,78.14700617
2024-05-05 08:00:00,63760.0,63936.0,63577.0,63878.0,147.83575079
2024-05-05 12:00:00,63870.0,64625.0,63656.0,64431.0,260.06034839
2024-05-05 16:00:00,64430.0,64544.0,63863.0,63888.0,116.46641797
2024-05-05 20:00:00,63880.0,64236.0,63610.0,64021.0,100.84195132
2024-05-06 00:00:00,64024.0,64499.0,63745.0,63887.0,147.08165133
2024-05-06 04:00:00,63887.0,64568.0,63780.0,64546.0,118.78820446
2024-05-06 08:00:00,64550.0,65513.0,63844.0,64220.0,454.58531774
2024-05-06 12:00:00,64244.0,64313.0,62931.0,63644.0,614.59361871
2024-05-06 16:00:00,63630.0,63755.0,62720.0,63193.0,111.20491396
2024-05-06 20:00:00,63218.0,63610.0,63039.0,63164.0,196.88344608
2024-05-07 00:00:00,63159.0,63951.0,62864.0,63243.0,356.98349307
2024-05-07 04:00:00,63242.0,63894.0,63105.0,63686.0,126.74992089
2024-05-07 08:00:00,63673.0,64389.0,63386.0,63496.0,189.06428046
2024-05-07 12:00:00,63497.0,64309.0,63090.0,63726.0,232.3904826
2024-05-07 16:00:00,63738.0,63882.0,62818.0,63067.0,273.11980835
2024-05-07 20:00:00,63043.0,63186.0,62278.0,62320.0,178.81400608
2024-05-08 00:00:00,62310.0,62953.0,62151.0,62882.0,279.76708361
2024-05-08 04:00:00,62889.0,62996.0,62074.0,62210.0,181.67404835
2024-05-08 08:00:00,62198.0,62503.0,62054.0,62220.0,84.20617626
2024-05-08 12:00:00,62231.0,62794.0,61779.0,62259.0,379.21312099
2024-05-08 16:00:00,62257.0,62735.0,61952.0,62154.0,225.87051471
2024-05-08 20:00:00,62147.0,62218.0,60873.0,61181.0,318.47116131
2024-05-09 00:00:00,61143.0,61757.0,61124.0,61652.0,134.8044553
2024-05-09 04:00:00,61659.0,61750.0,61116.0,61237.0,68.28534444
2024-05-09 08:00:00,61220.0,61410.0,60634.0,61040.0,200.02763685
2024-05-09 12:00:00,61039.0,62241.0,60860.0,62139.0,378.38854145
2024-05-09 16:00:00,62132.0,62653.0,61768.0,62442.0,437.2880027
2024-05-09 20:00:00,62440.0,63409.0,62343.0,63075.0,167.36069399
2024-05-10 00:00:00,63072.0,63098.0,62675.0,62908.0,110.60790973
2024-05-10 04:00:00,62910.0,63876.0,62683.0,63076.0,347.1515468
2024-05-10 08:00:00,63068.0,63320.0,62806.0,63303.0,328.32876184
2024-05-10 12:00:00,63291.0,63455.0,60683.0,60892.0,821.26476629
2024-05-10 16:00:00,60893.0,61278.0,60176.0,60625.0,515.85268447
2024-05-10 20:00:00,60644.0,60996.0,60442.0,60793.0,106.3551825
2024-05-11 00:00:00,60799.0,61069.0,60628.0,60707.0,118.08526458
2024-05-11 04:00:00,60720.0,61042.0,60707.0,61007.0,46.6285859
2024-05-11 08:00:00,61019.0,61046.0,60474.0,60659.0,67.17901489
2024-05-11 12:00:00,60659.0,61454.0,60619.0,61150.0,161.98039173
2024-05-11 16:00:00,61154.0,61388.0,60999.0,61122.0,80.02988489
2024-05-11 20:00:00,61128.0,61138.0,60758.0,60816.0,42.51579539
2024-05-12 00:00:00,60813.0,61064.0,60794.0,60910.0,60.30822903
2024-05-12 04:00:00,60906.0,61094.0,60600.0,60787.0,83.76820475
2024-05-12 08:00:00,60794.0,61329.0,60779.0,61105.0,82.49614805
2024-05-12 12:00:00,61111.0,61520.0,61057.0,61391.0,93.93462318
2024-05-12 16:00:00,61391.0,61848.0,61182.0,61394.0,146.63657477
2024-05-12 20:00:00,61388.0,61506.0,60903.0,61462.0,171.30354436
2024-05-13 00:00:00,61446.0,61772.0,60758.0,61136.0,131.03102965
2024-05-13 04:00:00,61137.0,62417.0,60794.0,62327.0,199.79679371
2024-05-13 08:00:00,62304.0,63262.0,62304.0,62718.0,366.66164648
2024-05-13 12:00:00,62709.0,63184.0,62413.0,63000.0,671.7601135
2024-05-13 16:00:00,62999.0,63444.0,62560.0,63174.0,374.80841184
2024-05-13 20:00:00,63166.0,63177.0,62720.0,62934.0,87.83101818
2024-05-14 00:00:00,62917.0,63075.0,62315.0,62448.0,336.47558725
2024-05-14 04:00:00,62407.0,62683.0,61440.0,61993.0,315.330739
2024-05-14 08:00:00,61995.0,61995.0,61500.0,61761.0,106.27603726
2024-05-14 12:00:00,61760.0,62293.0,61108.0,61748.0,575.62679547
2024-05-14 16:00:00,61749.0,61791.0,61138.0,61559.0,142.72800468
2024-05-14 20:00:00,61556.0,61756.0,61446.0,61543.0,84.32874884
2024-05-15 00:00:00,61552.0,61995.0,61322.0,61923.0,102.29098999
2024-05-15 04:00:00,61922.0,62256.0,61798.0,62188.0,198.08203469
2024-05-15 08:00:00,62196.0,62984.0,61933.0,62452.0,361.03283373
2024-05-15 12:00:00,62463.0,65097.0,62427.0,64745.0,1443.93916706
2024-05-15 16:00:00,64733.0,66461.0,64733.0,66099.0,1061.29746868
2024-05-15 20:00:00,66083.0,66471.0,65786.0,66242.0,627.9701732
2024-05-16 00:00:00,66234.0,66688.0,65804.0,66006.0,172.56976298
2024-05-16 04:00:00,65986.0,66311.0,65686.0,66209.0,332.2202083
2024-05-16 08:00:00,66179.0,66583.0,66049.0,66528.0,248.03812928
2024-05-16 12:00:00,66514.0,66766.0,65375.0,65842.0,638.35795351
2024-05-16 16:00:00,65837.0,65850.0,64598.0,65160.0,192.43263953
2024-05-16 20:00:00,65214.0,65497.0,65057.0,65252.0,176.45551723
2024-05-17 00:00:00,65252.0,65874.0,65129.0,65607.0,148.67623851
2024-05-17 04:00:00,65591.0,66500.0,65395.0,66431.0,278.24560659
2024-05-17 08:00:00,66429.0,66568.0,66089.0,66221.0,219.34111014
2024-05-17 12:00:00,66219.0,67482.0,65829.0,67244.0,705.4998992
2024-05-17 16:00:00,67238.0,67345.0,66280.0,67083.0,225.68307835
2024-05-17 20:00:00,67075.0,67080.0,66711.0,67053.0,126.53903768
2024-05-18 00:00:00,67059.0,67099.0,66783.0,66976.0,45.76151261
2024-05-18 04:00:00,66986.0,67241.0,66775.0,66928.0,96.31487581
2024-05-18 08:00:00,66882.0,67391.0,66882.0,67209.0,119.62124395
2024-05-18 12:00:00,67236.0,67267.0,66663.0,66843.0,131.02916033
2024-05-18 16:00:00,66835.0,66999.0,66734.0,66936.0,76.63115637
2024-05-18 20:00:00,66935.0,67055.0,66847.0,66930.0,56.95261272
2024-05-19 00:00:00,66923.0,67249.0,66853.0,67171.0,57.79834038
2024-05-19 04:00:00,67167.0,67297.0,66983.0,67297.0,54.68277326
2024-05-19 08:00:00,67297.0,67654.0,67031.0,67322.0,159.13981437
2024-05-19 12:00:00,67335.0,67335.0,66735.0,66907.0,95.70515668
2024-05-19 16:00:00,66906.0,66999.0,65901.0,66052.0,117.617462
2024-05-19 20:00:00,66032.0,66439.0,66019.0,66275.0,50.84952033
2024-05-20 00:00:00,66255.0,66751.0,66074.0,66668.0,175.85647494
2024-05-20 04:00:00,66670.0,67268.0,66304.0,66826.0,219.10656135
2024-05-20 08:00:00,66821.0,67322.0,66759.0,67005.0,207.81374238
2024-05-20 12:00:00,67009.0,67483.0,66769.0,67426.0,313.49044087
2024-05-20 16:00:00,67425.0,70121.0,67411.0,70057.0,918.11299936
2024-05-20 20:00:00,70057.0,71500.0,68949.0,71401.0,846.93723419
2024-05-21 00:00:00,71435.0,71958.0,70725.0,71285.0,410.96059374
2024-05-21 04:00:00,71282.0,71381.0,70823.0,70855.0,295.47846636
2024-05-21 08:00:00,70852.0,71433.0,70835.0,71120.0,232.59361935
2024-05-21 12:00:00,71121.0,71416.0,69658.0,69781.0,408.03338578
2024-05-21 16:00:00,69772.0,70209.0,69156.0,69264.0,404.67694682
2024-05-21 20:00:00,69241.0,70361.0,69237.0,70136.0,217.103324
2024-05-22 00:00:00,70155.0,70344.0,69823.0,69940.0,138.64626718
2024-05-22 04:00:00,69993.0,70040.0,69214.0,69715.0,177.13872929
2024-05-22 08:00:00,69728.0,70260.0,69634.0,69747.0,155.22375514
2024-05-22 12:00:00,69739.0,70560.0,69417.0,70461.0,480.96384717
2024-05-22 16:00:00,70436.0,70649.0,69253.0,69599.0,279.72249347
2024-05-22 20:00:00,69664.0,69956.0,68879.0,69118.0,305.5556878
2024-05-23 00:00:00,69151.0,69574.0,69151.0,69404.0,114.76739794
2024-05-23 04:00:00,69405.0,69806.0,69302.0,69690.0,93.34275853
2024-05-23 08:00:00,69691.0,70016.0,69513.0,69955.0,167.01980036
2024-05-23 12:00:00,69926.0,70024.0,67573.0,68030.0,478.0327305
2024-05-23 16:00:00,68022.0,68133.0,66704.0,67114.0,707.5982895
2024-05-23 20:00:00,67118.0,68281.0,66343.0,67945.0,600.02206935
2024-05-24 00:00:00,67915.0,67979.0,67607.0,67846.0,40.38647209
2024-05-24 04:00:00,67864.0,67875.0,66831.0,67151.0,247.71412801
2024-05-24 08:00:00,67162.0,67489.0,66623.0,67309.0,119.04449111
2024-05-24 12:00:00,67304.0,68380.0,66911.0,68306.0,287.98772223
2024-05-24 16:00:00,68309.0,69254.0,67906.0,69171.0,336.27166654
2024-05-24 20:00:00,69110.0,69210.0,68520.0,68548.0,101.50671419
2024-05-25 00:00:00,68549.0,68881.0,68503.0,68735.0,68.15429241
2024-05-25 04:00:00,68730.0,68807.0,68610.0,68732.0,32.488866
2024-05-25 08:00:00,68734.0,69580.0,68726.0,69106.0,180.93910225
2024-05-25 12:00:00,69107.0,69289.0,68866.0,68934.0,154.38827766
2024-05-25 16:00:00,68936.0,69239.0,68866.0,69149.0,40.86953582
2024-05-25 20:00:00,69170.0,69347.0,69038.0,69275.0,22.65988348
2024-05-26 00:00:00,69288.0,69315.0,68832.0,69066.0,70.9708423
2024-05-26 04:00:00,69044.0,69397.0,68924.0,69320.0,67.37770932
2024-05-26 08:00:00,69311.0,69500.0,68970.0,69100.0,97.90923276
2024-05-26 12:00:00,69097.0,69339.0,68668.0,68825.0,106.74778721
2024-05-26 16:00:00,68824.0,68932.0,68701.0,68868.0,82.066604
2024-05-26 20:00:00,68864.0,68864.0,68136.0,68489.0,185.42897941
2024-05-27 00:00:00,68471.0,69255.0,68441.0,68844.0,223.19579695
2024-05-27 04:00:00,68841.0,68856.0,68314.0,68612.0,108.7648512
2024-05-27 08:00:00,68618.0,68875.0,68225.0,68394.0,168.21081785
2024-05-27 12:00:00,68394.0,70446.0,68339.0,70311.0,475.90204041
2024-05-27 16:00:00,70310.0,70601.0,69026.0,69187.0,321.5521674
2024-05-27 20:00:00,69188.0,69803.0,69107.0,69392.0,108.88499884
2024-05-28 00:00:00,69363.0,69513.0,67728.0,68011.0,363.37782753
2024-05-28 04:00:00,68020.0,68092.0,67433.0,67638.0,114.14094013
2024-05-28 08:00:00,67624.0,68816.0,67546.0,68325.0,222.90648803
2024-05-28 12:00:00,68326.0,68498.0,67467.0,68298.0,664.65252834
2024-05-28 16:00:00,68311.0,68529.0,67193.0,68348.0,523.48261081
2024-05-28 20:00:00,68341.0,68601.0,68039.0,68327.0,396.55735632
2024-05-29 00:00:00,68347.0,68852.0,68216.0,68756.0,123.92458473
2024-05-29 04:00:00,68701.0,68841.0,67888.0,67888.0,136.2479614
2024-05-29 08:00:00,67929.0,67955.0,67556.0,67695.0,141.38764633
2024-05-29 12:00:00,67711.0,68211.0,67265.0,67354.0,403.16870527
2024-05-29 16:00:00,67329.0,67670.0,67109.0,67203.0,216.36818875
2024-05-29 20:00:00,67199.0,67747.0,67096.0,67564.0,251.98877801
2024-05-30 00:00:00,67566.0,68110.0,67410.0,68036.0,100.07691638
2024-05-30 04:00:00,68047.0,68337.0,67503.0,67554.0,227.85980794
2024-05-30 08:00:00,67553.0,68063.0,67105.0,67764.0,139.00715084
2024-05-30 12:00:00,67764.0,68800.0,67705.0,68515.0,545.64071711
2024-05-30 16:00:00,68513.0,69524.0,68373.0,68644.0,562.25098369
2024-05-30 20:00:00,68648.0,68648.0,68055.0,68338.0,182.66993726
2024-05-31 00:00:00,68330.0,68701.0,68260.0,68518.0,74.95514071
2024-05-31 04:00:00,68521.0,68633.0,68077.0,68160.0,153.70491306
2024-05-31 08:00:00,68171.0,68420.0,67865.0,68319.0,143.93367704
2024-05-31 12:00:00,68327.0,69010.0,67137.0,67154.0,786.38215841
2024-05-31 16:00:00,67150.0,67898.0,66624.0,67580.0,585.43442083
2024-05-31 20:00:00,67584.0,67705.0,67177.0,67477.0,135.64874813
2024-06-01 00:00:00,67513.0,67694.0,67387.0,67666.0,78.39684873
2024-06-01 04:00:00,67668.0,67750.0,67525.0,67567.0,24.53392522
2024-06-01 08:00:00,67575.0,67694.0,67564.0,67609.0,31.66864777
2024-06-01 12:00:00,67605.0,67808.0,67582.0,67631.0,83.75608095
2024-06-01 16:00:00,67630.0,67776.0,67524.0,67702.0,79.89446117
2024-06-01 20:00:00,67684.0,67810.0,67648.0,67723.0,70.37407335
2024-06-02 00:00:00,67722.0,67848.0,67598.0,67739.0,54.49451831
2024-06-02 04:00:00,67738.0,67808.0,67678.0,67686.0,28.93745556
2024-06-02 08:00:00,67678.0,68257.0,67346.0,68203.0,144.80200947
2024-06-02 12:00:00,68238.0,68405.0,67767.0,68096.0,155.55283323
2024-06-02 16:00:00,68098.0,68170.0,67281.0,67733.0,124.48498287
2024-06-02 20:00:00,67700.0,67947.0,67548.0,67752.0,36.08882486
2024-06-03 00:00:00,67744.0,68740.0,67590.0,68354.0,197.22003077
2024-06-03 04:00:00,68402.0,69164.0,68265.0,68876.0,278.64963888
2024-06-03 08:00:00,68920.0,69312.0,68232.0,69065.0,401.04316019
2024-06-03 12:00:00,69075.0,70268.0,68553.0,69580.0,1038.60818741
2024-06-03 16:00:00,69622.0,69689.0,68800.0,69186.0,306.13241119
2024-06-03 20:00:00,69190.0,69492.0,68735.0,68801.0,169.72249583
2024-06-04 00:00:00,68798.0,69339.0,68651.0,69146.0,79.2911478
2024-06-04 04:00:00,69111.0,69258.0,68747.0,68991.0,92.39629125
2024-06-04 08:00:00,68991.0,69156.0,68553.0,68933.0,109.87855523
2024-06-04 12:00:00,68937.0,70500.0,68836.0,70457.0,768.10491404
2024-06-04 16:00:00,70457.0,71074.0,70083.0,70446.0,782.20096798
2024-06-04 20:00:00,70444.0,70742.0,70191.0,70564.0,219.76163404
2024-06-05 00:00:00,70546.0,71286.0,70439.0,70966.0,212.17422541
2024-06-05 04:00:00,70949.0,71339.0,70837.0,71181.0,182.88373921
2024-06-05 08:00:00,71233.0,71235.0,70700.0,70951.0,181.51613912
2024-06-05 12:00:00,70953.0,71742.0,70387.0,71619.0,737.31765798
2024-06-05 16:00:00,71622.0,71759.0,69600.0,71284.0,492.41891906
2024-06-05 20:00:00,71312.0,71368.0,70761.0,71119.0,245.45922962
2024-06-06 00:00:00,71109.0,71244.0,70908.0,71062.0,65.83875004
2024-06-06 04:00:00,71065.0,71108.0,70818.0,71015.0,142.61087558
2024-06-06 08:00:00,71024.0,71151.0,70898.0,71145.0,184.05368845
2024-06-06 12:00:00,71138.0,71629.0,70980.0,71281.0,444.51629117
2024-06-06 16:00:00,71281.0,71361.0,70439.0,70459.0,443.5622524
2024-06-06 20:00:00,70451.0,70919.0,70116.0,70775.0,393.17901012
2024-06-07 00:00:00,70771.0,70989.0,70658.0,70980.0,237.32005522
2024-06-07 04:00:00,70982.0,71424.0,70975.0,71074.0,336.55139366
2024-06-07 08:00:00,71089.0,71665.0,70995.0,71645.0,451.65968262
2024-06-07 12:00:00,71665.0,71949.0,70615.0,71055.0,884.07329287
2024-06-07 16:00:00,71050.0,71165.0,68450.0,69228.0,1116.6384344
2024-06-07 20:00:00,69213.0,69508.0,68957.0,69326.0,114.72841283
2024-06-08 00:00:00,69321.0,69472.0,69267.0,69421.0,114.2153521
2024-06-08 04:00:00,69384.0,69538.0,69214.0,69538.0,52.9304418
2024-06-08 08:00:00,69529.0,69529.0,69306.0,69339.0,39.32313946
2024-06-08 12:00:00,69341.0,69480.0,69150.0,69419.0,70.39639703
2024-06-08 16:00:00,69418.0,69510.0,69302.0,69455.0,81.79512367
2024-06-08 20:00:00,69456.0,69468.0,69290.0,69306.0,69.36196012
2024-06-09 00:00:00,69306.0,69323.0,69131.0,69253.0,106.44309214
2024-06-09 04:00:00,69250.0,69397.0,69235.0,69287.0,41.66866924
2024-06-09 08:00:00,69281.0,69380.0,69280.0,69360.0,28.84905901
2024-06-09 12:00:00,69364.0,69756.0,69269.0,69508.0,156.30485594
2024-06-09 16:00:00,69503.0,69840.0,69493.0,69701.0,51.93607752
2024-06-09 20:00:00,69713.0,69805.0,69597.0,69640.0,79.15051163
2024-06-10 00:00:00,69649.0,69773.0,69430.0,69603.0,90.56651135
2024-06-10 04:00:00,69603.0,69639.0,69247.0,69271.0,87.61971385
2024-06-10 08:00:00,69265.0,69513.0,69173.0,69445.0,105.94588792
2024-06-10 12:00:00,69451.0,70167.0,69206.0,70031.0,241.60752672
2024-06-10 16:00:00,70058.0,70108.0,69383.0,69469.0,184.01019597
2024-06-10 20:00:00,69488.0,69664.0,69330.0,69501.0,120.40480836
2024-06-11 00:00:00,69506.0,69548.0,67888.0,68433.0,557.84009302
2024-06-11 04:00:00,68381.0,68397.0,67320.0,67536.0,398.25069701
2024-06-11 08:00:00,67509.0,67608.0,66696.0,66824.0,466.96376808
2024-06-11 12:00:00,66824.0,67242.0,66011.0,66220.0,581.72954987
2024-06-11 16:00:00,66209.0,67581.0,66145.0,67402.0,359.05976655
2024-06-11 20:00:00,67320.0,67573.0,67176.0,67306.0,72.83837083
2024-06-12 00:00:00,67306.0,67565.0,66911.0,67392.0,150.94903507
2024-06-12 04:00:00,67436.0,67573.0,67185.0,67438.0,87.4752757
2024-06-12 08:00:00,67444.0,68027.0,67359.0,67773.0,102.47071644
2024-06-12 12:00:00,67783.0,70007.0,67734.0,69748.0,910.82047972
2024-06-12 16:00:00,69745.0,69874.0,67230.0,67523.0,783.24894795
2024-06-12 20:00:00,67543.0,68627.0,67432.0,68243.0,413.07067324
2024-06-13 00:00:00,68240.0,68376.0,66983.0,67452.0,282.64029362
2024-06-13 04:00:00,67447.0,67711.0,67310.0,67711.0,64.51348594
2024-06-13 08:00:00,67717.0,67964.0,67168.0,67749.0,378.05578627
2024-06-13 12:00:00,67761.0,68433.0,66352.0,66447.0,673.77015737
2024-06-13 16:00:00,66416.0,67040.0,66242.0,66568.0,483.2111023
2024-06-13 20:00:00,66577.0,66957.0,66498.0,66733.0,114.4606632
2024-06-14 00:00:00,66765.0,66979.0,66463.0,66708.0,114.2970056
2024-06-14 04:00:00,66727.0,67160.0,66668.0,66864.0,123.36233971
2024-06-14 08:00:00,66861.0,67183.0,66727.0,66980.0,227.42861015
2024-06-14 12:00:00,66990.0,67314.0,66311.0,66356.0,451.6023256
2024-06-14 16:00:00,66348.0,66459.0,64936.0,65485.0,727.92700219
2024-06-14 20:00:00,65486.0,66567.0,65432.0,65996.0,746.85363573
2024-06-15 00:00:00,65995.0,66257.0,65937.0,66209.0,133.76127839
2024-06-15 04:00:00,66230.0,66368.0,66019.0,66029.0,78.52478566
2024-06-15 08:00:00,66053.0,66288.0,66049.0,66269.0,45.26834068
2024-06-15 12:00:00,66284.0,66415.0,66129.0,66279.0,163.69388411
2024-06-15 16:00:00,66277.0,66323.0,66034.0,66120.0,116.58494474
2024-06-15 20:00:00,66113.0,66240.0,65828.0,66182.0,121.5714685
2024-06-16 00:00:00,66181.0,66228.0,66034.0,66097.0,51.65393587
2024-06-16 04:00:00,66100.0,66311.0,66010.0,66224.0,62.85477156
2024-06-16 08:00:00,66225.0,66711.0,66145.0,66449.0,85.94869755
2024-06-16 12:00:00,66461.0,66735.0,66425.0,66671.0,107.61807165
2024-06-16 16:00:00,66662.0,66687.0,66471.0,66500.0,75.86511668
2024-06-16 20:00:00,66501.0,66914.0,66401.0,66622.0,354.09409639
2024-06-17 00:00:00,66622.0,66862.0,66113.0,66178.0,187.3099948
2024-06-17 04:00:00,66208.0,66503.0,65907.0,66139.0,148.30423656
2024-06-17 08:00:00,66136.0,66272.0,65521.0,65756.0,352.62088285
2024-06-17 12:00:00,65748.0,65774.0,65066.0,65337.0,756.07385483
2024-06-17 16:00:00,65333.0,67260.0,65150.0,66642.0,775.89439458
2024-06-17 20:00:00,66660.0,66722.0,66135.0,66475.0,242.96729188
2024-06-18 00:00:00,66475.0,66559.0,64050.0,65480.0,430.91458916
2024-06-18 04:00:00,65480.0,65828.0,65336.0,65668.0,197.55291545
2024-06-18 08:00:00,65668.0,65761.0,65110.0,65339.0,223.31549459
2024-06-18 12:00:00,65348.0,65399.0,64252.0,64666.0,711.82139052
2024-06-18 16:00:00,64647.0,64868.0,64032.0,64398.0,351.01283419
2024-06-18 20:00:00,64371.0,65270.0,64149.0,65145.0,296.08978665
2024-06-19 00:00:00,65141.0,65568.0,64786.0,65398.0,273.08176979
2024-06-19 04:00:00,65390.0,65702.0,65177.0,65309.0,180.05816746
2024-06-19 08:00:00,65338.0,65491.0,64989.0,65190.0,121.1770384
2024-06-19 12:00:00,65180.0,65274.0,64739.0,64897.0,135.28631062
2024-06-19 16:00:00,64888.0,65246.0,64775.0,64857.0,121.17983687
2024-06-19 20:00:00,64855.0,65066.0,64664.0,64946.0,96.79640509
2024-06-20 00:00:00,64947.0,65362.0,64809.0,65168.0,141.85185297
2024-06-20 04:00:00,65164.0,65937.0,65079.0,65839.0,367.05290141
2024-06-20 08:00:00,65854.0,66455.0,65568.0,66138.0,433.62467154
2024-06-20 12:00:00,66155.0,66264.0,64632.0,64794.0,713.35070272
2024-06-20 16:00:00,64793.0,65152.0,64516.0,64988.0,414.5824104
2024-06-20 20:00:00,65042.0,65144.0,64832.0,64845.0,114.86108264
2024-06-21 00:00:00,64841.0,65004.0,64338.0,64505.0,147.04250913
2024-06-21 04:00:00,64429.0,64697.0,64167.0,64199.0,150.26926981
2024-06-21 08:00:00,64213.0,64333.0,63501.0,63717.0,324.47559318
2024-06-21 12:00:00,63710.0,64309.0,63356.0,63661.0,556.44469587
2024-06-21 16:00:00,63684.0,64205.0,63425.0,64203.0,329.90300975
2024-06-21 20:00:00,64195.0,64404.0,63807.0,64102.0,148.26514094
2024-06-22 00:00:00,64116.0,64297.0,63917.0,64283.0,43.40155365
2024-06-22 04:00:00,64296.0,64483.0,64221.0,64463.0,58.05069573
2024-06-22 08:00:00,64468.0,64491.0,64198.0,64232.0,62.72087596
2024-06-22 12:00:00,64239.0,64357.0,64229.0,64277.0,42.49949326
2024-06-22 16:00:00,64277.0,64326.0,64214.0,64273.0,39.09434355
2024-06-22 20:00:00,64275.0,64305.0,64225.0,64233.0,32.07388327
2024-06-23 00:00:00,64245.0,64490.0,64244.0,64414.0,112.95937885
2024-06-23 04:00:00,64414.0,64415.0,64329.0,64385.0,40.30388543
2024-06-23 08:00:00,64382.0,64390.0,64236.0,64290.0,27.33939579
2024-06-23 12:00:00,64290.0,64383.0,64037.0,64061.0,140.70376794
2024-06-23 16:00:00,64057.0,64136.0,63898.0,64110.0,63.83912929
2024-06-23 20:00:00,64121.0,64121.0,63136.0,63154.0,248.00441376
2024-06-24 00:00:00,63152.0,63302.0,62683.0,62823.0,359.55733054
2024-06-24 04:00:00,62817.0,62905.0,62128.0,62394.0,324.67556366
2024-06-24 08:00:00,62452.0,62917.0,60580.0,61276.0,928.86333043
2024-06-24 12:00:00,61248.0,61661.0,60655.0,60801.0,657.48611841
2024-06-24 16:00:00,60811.0,60995.0,59026.0,59269.0,1042.4021187
2024-06-24 20:00:00,59272.0,60398.0,58456.0,60252.0,652.36276148
2024-06-25 00:00:00,60250.0,61592.0,60223.0,61287.0,422.31261617
2024-06-25 04:00:00,61299.0,61387.0,60598.0,60630.0,439.53259527
2024-06-25 08:00:00,60656.0,61513.0,60630.0,61156.0,307.10528973
2024-06-25 12:00:00,61134.0,62101.0,60949.0,61797.0,765.2590388
2024-06-25 16:00:00,61807.0,62395.0,61138.0,61984.0,541.93680875
2024-06-25 20:00:00,62026.0,62166.0,61650.0,61789.0,186.38194207
2024-06-26 00:00:00,61798.0,62458.0,61643.0,61922.0,174.13751045
2024-06-26 04:00:00,61927.0,61972.0,61520.0,61729.0,51.28599459
2024-06-26 08:00:00,61738.0,61749.0,61148.0,61427.0,258.42615886
2024-06-26 12:00:00,61413.0,61956.0,61189.0,61405.0,356.70956251
2024-06-26 16:00:00,61462.0,61540.0,60675.0,60955.0,348.32105175
2024-06-26 20:00:00,60954.0,61094.0,60685.0,60807.0,203.81438002
2024-06-27 00:00:00,60820.0,61228.0,60728.0,60989.0,234.86259009
2024-06-27 04:00:00,60995.0,61137.0,60561.0,60735.0,246.14808991
2024-06-27 08:00:00,60722.0,61380.0,60669.0,61134.0,256.9055748
2024-06-27 12:00:00,61130.0,62323.0,61086.0,61516.0,577.5207185
2024-06-27 16:00:00,61497.0,61972.0,61329.0,61368.0,229.28700884
2024-06-27 20:00:00,61380.0,61624.0,61270.0,61622.0,56.42229961
2024-06-28 00:00:00,61609.0,62151.0,61421.0,61773.0,286.87611008
2024-06-28 04:00:00,61772.0,61779.0,61167.0,61274.0,159.35485366
2024-06-28 08:00:00,61266.0,61698.0,61145.0,61609.0,92.41638317
2024-06-28 12:00:00,61613.0,61794.0,60655.0,60951.0,664.40241521
2024-06-28 16:00:00,60949.0,61017.0,59946.0,59969.0,376.35508075
2024-06-28 20:00:00,59980.0,60329.0,59923.0,60315.0,163.09994337
2024-06-29 00:00:00,60312.0,60889.0,60296.0,60655.0,121.53245468
2024-06-29 04:00:00,60652.0,61028.0,60613.0,60931.0,170.60629222
2024-06-29 08:00:00,60938.0,61114.0,60801.0,60999.0,95.078056
2024-06-29 12:00:00,61002.0,61072.0,60861.0,60991.0,69.50035328
2024-06-29 16:00:00,60991.0,61027.0,60837.0,60959.0,48.61897114
2024-06-29 20:00:00,60958.0,60991.0,60779.0,60879.0,75.45740249
2024-06-30 00:00:00,60882.0,60976.0,60670.0,60803.0,84.4505175
2024-06-30 04:00:00,60787.0,61668.0,60620.0,61409.0,204.35671133
2024-06-30 08:00:00,61410.0,61578.0,61247.0,61434.0,144.43388974
2024-06-30 12:00:00,61443.0,61730.0,61248.0,61596.0,99.00908902
2024-06-30 16:00:00,61611.0,61995.0,61477.0,61940.0,78.46963448
2024-06-30 20:00:00,61931.0,62931.0,61751.0,62676.0,358.36910762
2024-07-01 00:00:00,62676.0,63724.0,62488.0,63368.0,806.36444144
2024-07-01 04:00:00,63380.0,63400.0,63165.0,63210.0,236.01851546
2024-07-01 08:00:00,63211.0,63249.0,62525.0,62586.0,114.80617311
2024-07-01 12:00:00,62581.0,63060.0,62465.0,63011.0,392.66753152
2024-07-01 16:00:00,63042.0,63794.0,62881.0,63180.0,286.12573841
2024-07-01 20:00:00,63167.0,63349.0,62750.0,62829.0,100.69610298
2024-07-02 00:00:00,62822.0,63211.0,62720.0,63065.0,103.32403265
2024-07-02 04:00:00,63077.0,63162.0,62490.0,62531.0,117.46194068
2024-07-02 08:00:00,62516.0,62758.0,62346.0,62739.0,172.6212537
2024-07-02 12:00:00,62733.0,63060.0,61753.0,61860.0,479.93242715
2024-07-02 16:00:00,61869.0,62290.0,61731.0,61830.0,122.73109023
2024-07-02 20:00:00,61902.0,62089.0,61785.0,62033.0,133.66862203
2024-07-03 00:00:00,62046.0,62196.0,60561.0,60881.0,491.75668947
2024-07-03 04:00:00,60831.0,61086.0,60728.0,60775.0,287.47003024
2024-07-03 08:00:00,60768.0,60881.0,59544.0,60309.0,459.36685394
2024-07-03 12:00:00,60282.0,60624.0,59666.0,60100.0,405.00028135
2024-07-03 16:00:00,60096.0,60574.0,59591.0,59630.0,194.09848506
2024-07-03 20:00:00,59623.0,60293.0,59334.0,60142.0,195.37121474
2024-07-04 00:00:00,60165.0,60430.0,57885.0,59065.0,631.4463161
2024-07-04 04:00:00,59049.0,59109.0,58067.0,58167.0,326.3422952
2024-07-04 08:00:00,58154.0,58448.0,56952.0,57723.0,450.88559537
2024-07-04 12:00:00,57672.0,58299.0,56748.0,58091.0,535.34937061
2024-07-04 16:00:00,58064.0,58616.0,57744.0,58246.0,169.97391658
2024-07-04 20:00:00,58251.0,58736.0,56946.0,57045.0,309.2554555
2024-07-05 00:00:00,57030.0,57500.0,55090.0,55195.0,758.25975588
2024-07-05 04:00:00,55194.0,55338.0,53550.0,54400.0,702.93721068
2024-07-05 08:00:00,54385.0,55639.0,53901.0,55476.0,376.61973219
2024-07-05 12:00:00,55474.0,56679.0,54842.0,56658.0,942.35473214
2024-07-05 16:00:00,56678.0,57026.0,55842.0,56457.0,383.00562899
2024-07-05 20:00:00,56454.0,56870.0,56327.0,56632.0,71.05150322
2024-07-06 00:00:00,56632.0,56973.0,56196.0,56416.0,218.9597764
2024-07-06 04:00:00,56410.0,56675.0,56044.0,56617.0,150.37580587
2024-07-06 08:00:00,56597.0,56870.0,56476.0,56774.0,115.74850695
2024-07-06 12:00:00,56749.0,57431.0,56524.0,57309.0,271.74970967
2024-07-06 16:00:00,57333.0,58111.0,57197.0,57868.0,202.66867004
2024-07-06 20:00:00,57847.0,58488.0,57835.0,58251.0,243.86317012
2024-07-07 00:00:00,58253.0,58441.0,57856.0,57973.0,174.85949709
2024-07-07 04:00:00,57970.0,57993.0,57082.0,57372.0,117.33475075
2024-07-07 08:00:00,57389.0,57901.0,57358.0,57450.0,143.56799473
2024-07-07 12:00:00,57439.0,57611.0,56578.0,56822.0,204.96071655
2024-07-07 16:00:00,56815.0,57376.0,56739.0,57146.0,158.40972557
2024-07-07 20:00:00,57139.0,57309.0,55729.0,55829.0,281.75600129
2024-07-08 00:00:00,55852.0,56010.0,54296.0,55165.0,765.49382535
2024-07-08 04:00:00,55146.0,55869.0,54970.0,55862.0,284.63405855
2024-07-08 08:00:00,55858.0,58200.0,55739.0,57143.0,828.6434564
2024-07-08 12:00:00,57132.0,57588.0,55064.0,55745.0,789.99211989
2024-07-08 16:00:00,55751.0,56553.0,55462.0,56487.0,342.42280763
2024-07-08 20:00:00,56493.0,56947.0,56198.0,56710.0,187.69222794
2024-07-09 00:00:00,56697.0,57341.0,56300.0,57154.0,458.76647181
2024-07-09 04:00:00,57194.0,57737.0,57009.0,57098.0,349.68666289
2024-07-09 08:00:00,57111.0,57868.0,57026.0,57432.0,367.27789193
2024-07-09 12:00:00,57442.0,58102.0,56927.0,57476.0,553.00532105
2024-07-09 16:00:00,57475.0,58278.0,57380.0,57859.0,544.40600691
2024-07-09 20:00:00,57874.0,58252.0,57708.0,58033.0,131.75313631
2024-07-10 00:00:00,58028.0,58203.0,57357.0,58163.0,260.2037033
2024-07-10 04:00:00,58203.0,59459.0,58203.0,58972.0,470.74419084
2024-07-10 08:00:00,58999.0,59030.0,58315.0,58484.0,289.88744233
2024-07-10 12:00:00,58492.0,58556.0,57495.0,57704.0,470.94566972
2024-07-10 16:00:00,57695.0,57998.0,57353.0,57385.0,115.49316023
2024-07-10 20:00:00,57398.0,57857.0,57152.0,57733.0,254.35611631
2024-07-11 00:00:00,57700.0,58364.0,57072.0,57558.0,313.44858914
2024-07-11 04:00:00,57557.0,58294.0,57483.0,58184.0,115.48256152
2024-07-11 08:00:00,58201.0,58870.0,58063.0,58789.0,345.18976483
2024-07-11 12:00:00,58788.0,59516.0,57281.0,57408.0,1031.32803322
2024-07-11 16:00:00,57363.0,57981.0,57199.0,57374.0,201.30368412
2024-07-11 20:00:00,57370.0,57614.0,57164.0,57348.0,78.68659551
2024-07-12 00:00:00,57345.0,57564.0,56551.0,56918.0,342.36343856
2024-07-12 04:00:00,56947.0,57398.0,56733.0,57115.0,254.95930803
2024-07-12 08:00:00,57107.0,57322.0,56782.0,57208.0,371.06666265
2024-07-12 12:00:00,57213.0,58273.0,57110.0,58185.0,572.87093219
2024-07-12 16:00:00,58239.0,58539.0,57529.0,57607.0,445.24397478
2024-07-12 20:00:00,57601.0,57917.0,57168.0,57889.0,152.5954822
2024-07-13 00:00:00,57907.0,58007.0,57783.0,57825.0,101.0019698
2024-07-13 04:00:00,57831.0,58217.0,57785.0,58168.0,85.63943196
2024-07-13 08:00:00,58168.0,58840.0,57939.0,58546.0,221.49098902
2024-07-13 12:00:00,58535.0,58884.0,58456.0,58846.0,171.3511301
2024-07-13 16:00:00,58851.0,58969.0,58589.0,58653.0,74.58153127
2024-07-13 20:00:00,58616.0,59853.0,58311.0,59226.0,748.70509536
2024-07-14 00:00:00,59257.0,59854.0,59257.0,59483.0,306.90837235
2024-07-14 04:00:00,59462.0,60330.0,59440.0,60078.0,243.89742583
2024-07-14 08:00:00,60113.0,60423.0,59939.0,60117.0,124.33459565
2024-07-14 12:00:00,60134.0,60213.0,59509.0,60103.0,204.91204092
2024-07-14 16:00:00,60097.0,60191.0,59925.0,59942.0,138.54170242
2024-07-14 20:00:00,59929.0,61424.0,59906.0,60823.0,453.64742491
2024-07-15 00:00:00,60827.0,62818.0,60685.0,62692.0,618.84771693
2024-07-15 04:00:00,62720.0,63111.0,62475.0,62895.0,787.5896984
2024-07-15 08:00:00,62881.0,63259.0,62323.0,62474.0,440.70192197
2024-07-15 12:00:00,62522.0,63356.0,62489.0,63071.0,669.27510024
2024-07-15 16:00:00,63071.0,63874.0,62895.0,63418.0,882.9824348
2024-07-15 20:00:00,63435.0,64926.0,63320.0,64769.0,339.8227244
2024-07-16 00:00:00,64759.0,64991.0,64506.0,64791.0,121.0995657
2024-07-16 04:00:00,64791.0,65012.0,62758.0,62948.0,956.80147343
2024-07-16 08:00:00,62947.0,63882.0,62446.0,63763.0,462.20571483
2024-07-16 12:00:00,63784.0,65000.0,63105.0,64910.0,764.80314073
2024-07-16 16:00:00,64896.0,65222.0,64151.0,65202.0,429.42448966
2024-07-16 20:00:00,65205.0,65403.0,64181.0,65081.0,464.76465148
2024-07-17 00:00:00,65081.0,66129.0,64995.0,65736.0,452.28283774
2024-07-17 04:00:00,65728.0,66021.0,65246.0,65289.0,172.73472735
2024-07-17 08:00:00,65280.0,65521.0,64580.0,64719.0,393.94926076
2024-07-17 12:00:00,64736.0,65413.0,64561.0,64763.0,368.64533232
2024-07-17 16:00:00,64750.0,64787.0,63890.0,64574.0,382.0585591
2024-07-17 20:00:00,64632.0,64692.0,64071.0,64091.0,110.82019259
2024-07-18 00:00:00,64104.0,65090.0,63914.0,64873.0,294.55004107
2024-07-18 04:00:00,64865.0,65057.0,64421.0,64668.0,191.73264571
2024-07-18 08:00:00,64687.0,64964.0,64453.0,64763.0,89.58887872
2024-07-18 12:00:00,64770.0,65108.0,63413.0,63559.0,604.17201893
2024-07-18 16:00:00,63531.0,63947.0,63227.0,63504.0,169.71659053
2024-07-18 20:00:00,63540.0,64110.0,63436.0,63964.0,176.64735122
2024-07-19 00:00:00,63977.0,64351.0,63303.0,64308.0,285.33613911
2024-07-19 04:00:00,64324.0,64461.0,63615.0,63702.0,215.03440983
2024-07-19 08:00:00,63701.0,64170.0,63410.0,64095.0,186.43780643
2024-07-19 12:00:00,64108.0,65891.0,64034.0,65844.0,889.52182799
2024-07-19 16:00:00,65844.0,67466.0,65844.0,67226.0,1261.06613571
2024-07-19 20:00:00,67213.0,67398.0,66672.0,66705.0,274.88910143
2024-07-20 00:00:00,66705.0,66864.0,66284.0,66644.0,218.07641685
2024-07-20 04:00:00,66642.0,66791.0,66473.0,66608.0,107.17770889
2024-07-20 08:00:00,66607.0,66771.0,66512.0,66519.0,115.43355362
2024-07-20 12:00:00,66519.0,66847.0,66333.0,66847.0,199.42105857
2024-07-20 16:00:00,66847.0,67617.0,66723.0,67261.0,417.11314811
2024-07-20 20:00:00,67261.0,67469.0,66840.0,67155.0,129.30221497
2024-07-21 00:00:00,67164.0,67434.0,67000.0,67202.0,126.05002456
2024-07-21 04:00:00,67201.0,67252.0,66629.0,66722.0,119.27562897
2024-07-21 08:00:00,66723.0,67087.0,66689.0,66897.0,106.43143269
2024-07-21 12:00:00,66902.0,67522.0,66648.0,67199.0,269.17060942
2024-07-21 16:00:00,67198.0,67727.0,65833.0,67460.0,887.6863879
2024-07-21 20:00:00,67452.0,68364.0,67301.0,68158.0,372.84823259
2024-07-22 00:00:00,68170.0,68486.0,67759.0,67895.0,209.99140479
2024-07-22 04:00:00,67894.0,68009.0,67160.0,67250.0,303.52615043
2024-07-22 08:00:00,67249.0,67597.0,66975.0,67526.0,246.17534422
2024-07-22 12:00:00,67527.0,67979.0,66583.0,67071.0,551.91149852
2024-07-22 16:00:00,67082.0,68306.0,66832.0,68233.0,651.59518541
2024-07-22 20:00:00,68276.0,68298.0,67290.0,67562.0,412.00613679
2024-07-23 00:00:00,67561.0,67776.0,67233.0,67472.0,239.97670129
2024-07-23 04:00:00,67491.0,67546.0,66264.0,66577.0,422.36108125
2024-07-23 08:00:00,66587.0,67163.0,66466.0,66691.0,203.85411969
2024-07-23 12:00:00,66690.0,67361.0,65978.0,66615.0,889.59768785
2024-07-23 16:00:00,66613.0,66783.0,65452.0,65547.0,493.43590914
2024-07-23 20:00:00,65540.0,66048.0,65494.0,65944.0,167.95335508
2024-07-24 00:00:00,65943.0,66121.0,65473.0,66053.0,320.16898115
2024-07-24 04:00:00,66052.0,66069.0,65623.0,66063.0,133.11307871
2024-07-24 08:00:00,66065.0,66613.0,66005.0,66380.0,91.72265872
2024-07-24 12:00:00,66374.0,67112.0,66116.0,66189.0,473.83540936
2024-07-24 16:00:00,66182.0,66713.0,65576.0,65611.0,488.05009948
2024-07-24 20:00:00,65652.0,66072.0,65117.0,65376.0,289.92509233
2024-07-25 00:00:00,65363.0,65607.0,63860.0,64075.0,491.98760627
2024-07-25 04:00:00,64080.0,64375.0,63806.0,64112.0,298.02430162
2024-07-25 08:00:00,64112.0,64452.0,63882.0,64093.0,209.87071058
2024-07-25 12:00:00,64090.0,65001.0,63424.0,64763.0,369.40379742
2024-07-25 16:00:00,64776.0,65160.0,64377.0,64662.0,385.14837046
2024-07-25 20:00:00,64674.0,66135.0,64414.0,65796.0,268.24014414
2024-07-26 00:00:00,65794.0,67459.0,65712.0,67043.0,428.00438865
2024-07-26 04:00:00,67065.0,67184.0,66859.0,66910.0,135.56388963
2024-07-26 08:00:00,66901.0,67481.0,66901.0,67299.0,157.96569634
2024-07-26 12:00:00,67341.0,67991.0,66911.0,67564.0,468.09688459
2024-07-26 16:00:00,67563.0,68147.0,67315.0,68013.0,359.47542688
2024-07-26 20:00:00,68003.0,68214.0,67428.0,67921.0,236.92765368
2024-07-27 00:00:00,67952.0,68069.0,67654.0,67810.0,109.84987314
2024-07-27 04:00:00,67803.0,68298.0,67795.0,68060.0,69.32876581
2024-07-27 08:00:00,68054.0,68265.0,67907.0,68233.0,106.87526778
2024-07-27 12:00:00,68233.0,69404.0,68228.0,68864.0,445.0128026
2024-07-27 16:00:00,68862.0,69012.0,67792.0,68281.0,272.19779627
2024-07-27 20:00:00,68266.0,69114.0,66637.0,67892.0,871.91490039
2024-07-28 00:00:00,67837.0,68286.0,67269.0,67937.0,87.70846949
2024-07-28 04:00:00,67943.0,68034.0,67064.0,67569.0,190.81931466
2024-07-28 08:00:00,67560.0,67987.0,67233.0,67833.0,162.71189206
2024-07-28 12:00:00,67834.0,68109.0,67596.0,67643.0,157.62365167
2024-07-28 16:00:00,67652.0,68298.0,67617.0,68107.0,99.32966292
2024-07-28 20:00:00,68108.0,68265.0,67817.0,68264.0,163.76504217
2024-07-29 00:00:00,68240.0,69780.0,68165.0,69347.0,400.00479461
2024-07-29 04:00:00,69369.0,69848.0,69265.0,69519.0,130.20657279
2024-07-29 08:00:00,69537.0,69831.0,69385.0,69577.0,361.57819015
2024-07-29 12:00:00,69605.0,70016.0,67662.0,68086.0,658.22098698
2024-07-29 16:00:00,68083.0,68092.0,66445.0,67279.0,641.60913195
2024-07-29 20:00:00,67286.0,67540.0,66607.0,66780.0,172.07553565
2024-07-30 00:00:00,66765.0,66855.0,65867.0,66610.0,329.0011837
2024-07-30 04:00:00,66588.0,66982.0,66328.0,66935.0,107.2046101
2024-07-30 08:00:00,66933.0,66983.0,66407.0,66572.0,164.38242454
2024-07-30 12:00:00,66566.0,66919.0,65550.0,66194.0,498.85974484
2024-07-30 16:00:00,66189.0,66531.0,65550.0,65871.0,263.47009846
2024-07-30 20:00:00,65887.0,66335.0,65302.0,66171.0,198.16790686
2024-07-31 00:00:00,66170.0,66395.0,65875.0,66061.0,120.00181802
2024-07-31 04:00:00,66038.0,66521.0,65490.0,66194.0,218.09541255
2024-07-31 08:00:00,66194.0,66348.0,65924.0,66067.0,104.45827891
2024-07-31 12:00:00,66066.0,66814.0,65965.0,66360.0,425.66905952
2024-07-31 16:00:00,66360.0,66801.0,64934.0,65243.0,409.63069733
2024-07-31 20:00:00,65228.0,65397.0,64507.0,64612.0,351.40247623
2024-08-01 00:00:00,64612.0,64813.0,63723.0,63914.0,288.63818383
2024-08-01 04:00:00,63902.0,64452.0,63408.0,64302.0,381.03191399
2024-08-01 08:00:00,64274.0,64661.0,64271.0,64643.0,133.89889516
2024-08-01 12:00:00,64646.0,64917.0,62624.0,62849.0,753.16840775
2024-08-01 16:00:00,62849.0,63399.0,62233.0,63389.0,769.50687318
2024-08-01 20:00:00,63340.0,65568.0,63270.0,65293.0,564.36277287
2024-08-02 00:00:00,65293.0,65548.0,63616.0,64552.0,443.96708098
2024-08-02 04:00:00,64546.0,64584.0,63774.0,64131.0,337.58302419
2024-08-02 08:00:00,64094.0,64909.0,63997.0,64607.0,162.50594926
2024-08-02 12:00:00,64613.0,65466.0,62346.0,63354.0,1331.45816217
2024-08-02 16:00:00,63354.0,63550.0,62447.0,62551.0,542.24424118
2024-08-02 20:00:00,62560.0,63126.0,61169.0,61421.0,661.2883969
2024-08-03 00:00:00,61419.0,61911.0,60433.0,61836.0,324.14506061
2024-08-03 04:00:00,61837.0,61915.0,61338.0,61626.0,64.10866353
2024-08-03 08:00:00,61607.0,61950.0,61410.0,61881.0,107.71264582
2024-08-03 12:00:00,61881.0,62151.0,60795.0,60884.0,212.83020468
2024-08-03 16:00:00,60842.0,61231.0,59903.0,60206.0,732.76605033
2024-08-03 20:00:00,60206.0,60815.0,59839.0,60672.0,379.93633622
2024-08-04 00:00:00,60669.0,61073.0,60300.0,60711.0,192.32710245
2024-08-04 04:00:00,60706.0,60898.0,60235.0,60324.0,249.23581609
2024-08-04 08:00:00,60325.0,60975.0,60080.0,60873.0,162.8402917
2024-08-04 12:00:00,60867.0,61054.0,58934.0,59022.0,638.02612825
2024-08-04 16:00:00,59028.0,59474.0,57155.0,59240.0,878.14069257
2024-08-04 20:00:00,59240.0,59550.0,57988.0,58142.0,274.06307008
2024-08-05 00:00:00,58137.0,58280.0,53091.0,53893.0,1923.0197
2024-08-05 04:00:00,53893.0,54565.0,49647.0,52694.0,2109.99905647
2024-08-05 08:00:00,52694.0,53214.0,50669.0,51344.0,801.43421773
2024-08-05 12:00:00,51335.0,55025.0,49577.0,54385.0,2052.58743012
2024-08-05 16:00:00,54378.0,55562.0,52573.0,53483.0,844.48115275
2024-08-05 20:00:00,53483.0,55198.0,53483.0,54014.0,507.35056434
2024-08-06 00:00:00,54040.0,56274.0,53977.0,55689.0,456.82615607
2024-08-06 04:00:00,55692.0,56229.0,55290.0,56061.0,505.38242955
2024-08-06 08:00:00,56044.0,56151.0,54647.0,55243.0,544.9441161
2024-08-06 12:00:00,55236.0,56634.0,54420.0,56436.0,1178.98224132
2024-08-06 16:00:00,56428.0,57058.0,56280.0,56796.0,681.02365112
2024-08-06 20:00:00,56761.0,56952.0,55861.0,56053.0,402.56638921
2024-08-07 00:00:00,56048.0,57307.0,55600.0,56918.0,555.0375428
2024-08-07 04:00:00,56891.0,57280.0,56587.0,56959.0,609.61288818
2024-08-07 08:00:00,56966.0,57737.0,56905.0,56994.0,522.74331676
2024-08-07 12:00:00,57033.0,57502.0,55701.0,56106.0,989.62301439
2024-08-07 16:00:00,56104.0,56323.0,54675.0,54762.0,852.53624353
2024-08-07 20:00:00,54726.0,55568.0,54568.0,55136.0,464.21362719
2024-08-08 00:00:00,55132.0,57674.0,54748.0,57069.0,534.28670614
2024-08-08 04:00:00,57084.0,57439.0,56699.0,57206.0,188.23287452
2024-08-08 08:00:00,57212.0,57685.0,57023.0,57337.0,204.25021695
2024-08-08 12:00:00,57336.0,59546.0,56734.0,59443.0,1236.07479559
2024-08-08 16:00:00,59456.0,59889.0,59292.0,59462.0,846.95071744
2024-08-08 20:00:00,59472.0,62729.0,59343.0,61699.0,866.87671199
2024-08-09 00:00:00,61733.0,61740.0,60801.0,61369.0,358.57781716
2024-08-09 04:00:00,61369.0,61395.0,60604.0,60881.0,259.33629189
2024-08-09 08:00:00,60883.0,61218.0,60204.0,60668.0,335.0779213
2024-08-09 12:00:00,60671.0,61125.0,59571.0,59832.0,579.03871478
2024-08-09 16:00:00,59821.0,60767.0,59750.0,60698.0,340.21514084
2024-08-09 20:00:00,60706.0,61013.0,59964.0,60860.0,369.06484764
2024-08-10 00:00:00,60842.0,61476.0,60307.0,60452.0,252.41546486
2024-08-10 04:00:00,60428.0,60867.0,60270.0,60858.0,123.15850063
2024-08-10 08:00:00,60859.0,61114.0,60643.0,60936.0,186.15079752
2024-08-10 12:00:00,60942.0,60955.0,60433.0,60534.0,154.82447966
2024-08-10 16:00:00,60532.0,61184.0,60429.0,61023.0,191.79213792
2024-08-10 20:00:00,61026.0,61167.0,60780.0,60952.0,110.17613216
2024-08-11 00:00:00,60940.0,61373.0,60911.0,61102.0,196.2872362
2024-08-11 04:00:00,61103.0,61270.0,60895.0,61262.0,70.70274857
2024-08-11 08:00:00,61270.0,61868.0,60466.0,60697.0,324.98571081
2024-08-11 12:00:00,60688.0,60749.0,59959.0,60144.0,137.3795909
2024-08-11 16:00:00,60148.0,60363.0,59573.0,59631.0,159.09865427
2024-08-11 20:00:00,59634.0,59672.0,58315.0,58725.0,608.49992537
2024-08-12 00:00:00,58718.0,59085.0,58134.0,58508.0,349.68798028
2024-08-12 04:00:00,58502.0,58976.0,57681.0,58675.0,726.53666279
2024-08-12 08:00:00,58682.0,60000.0,58148.0,59887.0,547.1879437
2024-08-12 12:00:00,59890.0,60700.0,57834.0,60200.0,999.19572394
2024-08-12 16:00:00,60224.0,60416.0,58475.0,59051.0,443.05407205
2024-08-12 20:00:00,59059.0,59753.0,58574.0,59362.0,346.89829957
2024-08-13 00:00:00,59361.0,59931.0,58893.0,59070.0,205.42077863
2024-08-13 04:00:00,59058.0,59486.0,58856.0,59240.0,103.53708283
2024-08-13 08:00:00,59253.0,59338.0,58455.0,58851.0,153.10452772
2024-08-13 12:00:00,58850.0,59789.0,58736.0,59496.0,692.33582737
2024-08-13 16:00:00,59496.0,61600.0,59476.0,60851.0,1549.7726301
2024-08-13 20:00:00,60844.0,61125.0,60417.0,60620.0,170.76030696
2024-08-14 00:00:00,60607.0,61314.0,60447.0,60983.0,293.55971127
2024-08-14 04:00:00,60981.0,61174.0,60671.0,60927.0,125.69575345
2024-08-14 08:00:00,60928.0,61461.0,60671.0,61303.0,233.14924845
2024-08-14 12:00:00,61343.0,61809.0,58883.0,59450.0,1406.68088535
2024-08-14 16:00:00,59454.0,59470.0,58711.0,58921.0,544.39723541
2024-08-14 20:00:00,58895.0,59189.0,58456.0,58697.0,424.5068283
2024-08-15 00:00:00,58694.0,59047.0,58031.0,58446.0,453.55973797
2024-08-15 04:00:00,58448.0,58636.0,57717.0,58046.0,248.29093346
2024-08-15 08:00:00,58046.0,58863.0,57971.0,58747.0,153.70520404
2024-08-15 12:00:00,58739.0,59775.0,58586.0,59711.0,1185.12660374
2024-08-15 16:00:00,59710.0,59851.0,56707.0,57051.0,719.11987995
2024-08-15 20:00:00,57062.0,57882.0,56138.0,57557.0,480.54105829
2024-08-16 00:00:00,57556.0,58490.0,57104.0,57893.0,386.54400037
2024-08-16 04:00:00,57891.0,58636.0,57812.0,58461.0,247.19911252
2024-08-16 08:00:00,58461.0,58678.0,58245.0,58418.0,504.25528647
2024-08-16 12:00:00,58412.0,58895.0,57550.0,58086.0,843.05268821
2024-08-16 16:00:00,58082.0,59841.0,58017.0,59695.0,761.19252382
2024-08-16 20:00:00,59696.0,59738.0,58758.0,58883.0,202.92970783
2024-08-17 00:00:00,58883.0,59403.0,58828.0,59163.0,213.23477003
2024-08-17 04:00:00,59164.0,59277.0,59075.0,59267.0,97.62226015
2024-08-17 08:00:00,59264.0,59466.0,59076.0,59143.0,90.62964866
2024-08-17 12:00:00,59137.0,59652.0,59122.0,59395.0,122.09456427
2024-08-17 16:00:00,59396.0,59704.0,59317.0,59473.0,216.28266378
2024-08-17 20:00:00,59473.0,59495.0,59164.0,59487.0,173.55570145
2024-08-18 00:00:00,59487.0,60242.0,59324.0,59349.0,308.04878873
2024-08-18 04:00:00,59347.0,59684.0,59268.0,59561.0,163.52004621
2024-08-18 08:00:00,59574.0,60177.0,59446.0,60022.0,354.82498692
2024-08-18 12:00:00,59992.0,60271.0,59691.0,59863.0,111.11358437
2024-08-18 16:00:00,59863.0,59947.0,59400.0,59718.0,144.7983168
2024-08-18 20:00:00,59717.0,59860.0,58414.0,58430.0,292.73910354
2024-08-19 00:00:00,58440.0,58765.0,58238.0,58747.0,380.88029865
2024-08-19 04:00:00,58738.0,58750.0,58386.0,58519.0,123.02674304
2024-08-19 08:00:00,58523.0,58679.0,57844.0,58402.0,372.53186411
2024-08-19 12:00:00,58402.0,58983.0,58105.0,58557.0,511.05170511
2024-08-19 16:00:00,58554.0,59306.0,58400.0,58974.0,330.65110843
2024-08-19 20:00:00,58982.0,59631.0,58921.0,59497.0,326.9561533
2024-08-20 00:00:00,59462.0,60932.0,59396.0,60661.0,596.01414332
2024-08-20 04:00:00,60663.0,61424.0,60623.0,60940.0,410.08232269
2024-08-20 08:00:00,60941.0,60991.0,60466.0,60545.0,136.68915922
2024-08-20 12:00:00,60550.0,60974.0,58553.0,58830.0,1120.41043533
2024-08-20 16:00:00,58830.0,59594.0,58583.0,59473.0,101.72830409
2024-08-20 20:00:00,59483.0,59702.0,58887.0,59012.0,204.45439225
2024-08-21 00:00:00,59012.0,59506.0,58816.0,59303.0,172.13711774
2024-08-21 04:00:00,59310.0,59744.0,59211.0,59726.0,147.22752283
2024-08-21 08:00:00,59738.0,59908.0,59118.0,59387.0,247.49058682
2024-08-21 12:00:00,59383.0,60213.0,58875.0,59532.0,684.29691718
2024-08-21 16:00:00,59532.0,61655.0,59397.0,61602.0,699.64358625
2024-08-21 20:00:00,61622.0,61838.0,60937.0,61159.0,557.21889199
2024-08-22 00:00:00,61169.0,61234.0,59774.0,60573.0,286.84069744
2024-08-22 04:00:00,60568.0,61128.0,60476.0,61014.0,363.31525229
2024-08-22 08:00:00,61012.0,61416.0,60830.0,61358.0,351.75221446
2024-08-22 12:00:00,61343.0,61413.0,60113.0,60443.0,543.32743184
2024-08-22 16:00:00,60415.0,60613.0,60150.0,60312.0,251.68457695
2024-08-22 20:00:00,60303.0,60690.0,60293.0,60383.0,132.38610021
2024-08-23 00:00:00,60383.0,60953.0,60348.0,60605.0,196.88513808
2024-08-23 04:00:00,60606.0,61359.0,60598.0,61076.0,231.09828505
2024-08-23 08:00:00,61082.0,61336.0,60700.0,60736.0,206.25397258
2024-08-23 12:00:00,60737.0,62323.0,60737.0,61534.0,1069.94867236
2024-08-23 16:00:00,61544.0,63856.0,61366.0,63700.0,821.76396746
2024-08-23 20:00:00,63656.0,64988.0,63543.0,64085.0,944.12120175
2024-08-24 00:00:00,64095.0,64236.0,63676.0,63884.0,338.32859131
2024-08-24 04:00:00,63905.0,64352.0,63905.0,64349.0,147.25736305
2024-08-24 08:00:00,64342.0,64506.0,63944.0,63944.0,139.12085232
2024-08-24 12:00:00,63936.0,64259.0,63913.0,64006.0,106.70448312
2024-08-24 16:00:00,64006.0,64460.0,63975.0,64243.0,201.88064984
2024-08-24 20:00:00,64230.0,64368.0,63594.0,64174.0,230.60615853
2024-08-25 00:00:00,64176.0,64600.0,64037.0,64130.0,160.71722784
2024-08-25 04:00:00,64130.0,64227.0,63829.0,63906.0,140.55974302
2024-08-25 08:00:00,63893.0,64036.0,63814.0,63895.0,86.47429582
2024-08-25 12:00:00,63896.0,64298.0,63844.0,64161.0,57.48788432
2024-08-25 16:00:00,64161.0,64267.0,64045.0,64220.0,63.1465673
2024-08-25 20:00:00,64213.0,65103.0,64159.0,64262.0,410.28044661
2024-08-26 00:00:00,64248.0,64502.0,63791.0,64131.0,255.41739839
2024-08-26 04:00:00,64131.0,64221.0,63606.0,63657.0,315.25526532
2024-08-26 08:00:00,63649.0,64050.0,63128.0,63876.0,311.20162194
2024-08-26 12:00:00,63865.0,63980.0,63098.0,63572.0,221.67895122
2024-08-26 16:00:00,63565.0,63903.0,63234.0,63326.0,205.81065839
2024-08-26 20:00:00,63340.0,63586.0,62826.0,62852.0,151.37103456
2024-08-27 00:00:00,62822.0,63211.0,62673.0,62988.0,160.9444871
2024-08-27 04:00:00,62988.0,63236.0,62743.0,62904.0,120.1256333
2024-08-27 08:00:00,62906.0,63010.0,62242.0,62410.0,119.58765195
2024-08-27 12:00:00,62409.0,62473.0,61455.0,61687.0,640.064256
2024-08-27 16:00:00,61689.0,62181.0,61520.0,62059.0,178.39892749
2024-08-27 20:00:00,62097.0,62099.0,58090.0,59427.0,1321.47977078
2024-08-28 00:00:00,59433.0,59664.0,58927.0,59640.0,113.08487299
2024-08-28 04:00:00,59640.0,59665.0,58539.0,58623.0,479.75527506
2024-08-28 08:00:00,58623.0,60212.0,58556.0,59943.0,482.57902247
2024-08-28 12:00:00,59944.0,60162.0,58476.0,59003.0,592.4961679
2024-08-28 16:00:00,59003.0,59843.0,57866.0,58898.0,898.46309704
2024-08-28 20:00:00,58905.0,59593.0,58665.0,59033.0,216.0984782
2024-08-29 00:00:00,59033.0,59340.0,58891.0,59146.0,113.92991295
2024-08-29 04:00:00,59146.0,59772.0,59076.0,59601.0,145.47198786
2024-08-29 08:00:00,59600.0,60497.0,59390.0,60090.0,319.36882449
2024-08-29 12:00:00,60090.0,61182.0,60012.0,60804.0,971.39150823
2024-08-29 16:00:00,60795.0,60981.0,58926.0,59250.0,711.57358958
2024-08-29 20:00:00,59265.0,59643.0,58701.0,59365.0,249.48805977
2024-08-30 00:00:00,59363.0,59473.0,58913.0,59028.0,206.17153854
2024-08-30 04:00:00,59031.0,59581.0,58688.0,59297.0,320.55455608
2024-08-30 08:00:00,59278.0,59665.0,59277.0,59402.0,147.62491491
2024-08-30 12:00:00,59401.0,59905.0,57939.0,58091.0,877.08234284
2024-08-30 16:00:00,58089.0,59356.0,57721.0,58703.0,369.22437658
2024-08-30 20:00:00,58693.0,59274.0,58693.0,59113.0,119.09049411
2024-08-31 00:00:00,59113.0,59431.0,59068.0,59226.0,111.72025411
2024-08-31 04:00:00,59226.0,59338.0,59066.0,59102.0,156.87945226
2024-08-31 08:00:00,59101.0,59167.0,58821.0,59114.0,74.4102082
2024-08-31 12:00:00,59113.0,59231.0,58899.0,59014.0,135.35302158
2024-08-31 16:00:00,59014.0,59125.0,58750.0,58856.0,157.38616696
2024-08-31 20:00:00,58857.0,59118.0,58786.0,58967.0,103.00507255
2024-09-01 00:00:00,58967.0,59060.0,58275.0,58508.0,170.69916916
2024-09-01 04:00:00,58508.0,58581.0,57779.0,58462.0,356.84891917
2024-09-01 08:00:00,58465.0,58485.0,57845.0,58217.0,326.53011004
2024-09-01 12:00:00,58216.0,58340.0,57230.0,58207.0,393.0404957
2024-09-01 16:00:00,58208.0,58764.0,57866.0,58497.0,151.4234526
2024-09-01 20:00:00,58498.0,58644.0,57205.0,57310.0,251.8898134
2024-09-02 00:00:00,57278.0,57737.0,57131.0,57737.0,281.31638251
2024-09-02 04:00:00,57727.0,57961.0,57364.0,57544.0,342.81305121
2024-09-02 08:00:00,57543.0,58656.0,57517.0,58429.0,298.88801616
2024-09-02 12:00:00,58434.0,58791.0,58113.0,58538.0,226.5377149
2024-09-02 16:00:00,58541.0,58651.0,58301.0,58444.0,118.23216788
2024-09-02 20:00:00,58460.0,59411.0,58394.0,59133.0,375.12532129
2024-09-03 00:00:00,59123.0,59803.0,59040.0,59089.0,161.65817019
2024-09-03 04:00:00,59140.0,59246.0,58878.0,59105.0,110.99331254
2024-09-03 08:00:00,59107.0,59174.0,58715.0,59062.0,91.64761816
2024-09-03 12:00:00,59049.0,59344.0,57556.0,57736.0,575.34940494
2024-09-03 16:00:00,57700.0,58232.0,57581.0,58021.0,341.82826851
2024-09-03 20:00:00,58024.0,58216.0,57402.0,57493.0,195.45758056
2024-09-04 00:00:00,57506.0,57915.0,55602.0,56638.0,583.56456519
2024-09-04 04:00:00,56649.0,56863.0,56172.0,56729.0,284.18883694
2024-09-04 08:00:00,56736.0,56883.0,56450.0,56568.0,86.57559217
2024-09-04 12:00:00,56563.0,58161.0,56192.0,58130.0,775.67780249
2024-09-04 16:00:00,58132.0,58518.0,57638.0,58027.0,257.54512041
2024-09-04 20:00:00,58060.0,58384.0,57874.0,57956.0,90.23468106
2024-09-05 00:00:00,57974.0,58315.0,56925.0,57101.0,174.51199562
2024-09-05 04:00:00,57106.0,57274.0,56550.0,57152.0,168.7230732
2024-09-05 08:00:00,57151.0,57216.0,56624.0,56685.0,106.48696308
2024-09-05 12:00:00,56682.0,57327.0,55816.0,55979.0,663.78783564
2024-09-05 16:00:00,55958.0,56691.0,55788.0,56023.0,239.2955693
2024-09-05 20:00:00,56039.0,56240.0,55649.0,56158.0,132.88700427
2024-09-06 00:00:00,56179.0,56829.0,55976.0,56571.0,118.83755371
2024-09-06 04:00:00,56600.0,56724.0,55282.0,55776.0,257.50853612
2024-09-06 08:00:00,55806.0,56238.0,55633.0,55986.0,203.33537687
2024-09-06 12:00:00,56018.0,56984.0,53810.0,54015.0,1259.33061499
2024-09-06 16:00:00,54012.0,54388.0,53232.0,53484.0,685.13258107
2024-09-06 20:00:00,53478.0,53959.0,52546.0,53955.0,414.25351334
2024-09-07 00:00:00,53947.0,54066.0,53731.0,53806.0,84.18330463
2024-09-07 04:00:00,53806.0,54374.0,53806.0,54275.0,159.79965289
2024-09-07 08:00:00,54273.0,54479.0,54187.0,54324.0,137.7003415
2024-09-07 12:00:00,54323.0,54813.0,54323.0,54782.0,263.1222118
2024-09-07 16:00:00,54784.0,54839.0,54036.0,54415.0,177.27231997
2024-09-07 20:00:00,54410.0,54423.0,53823.0,54147.0,224.78610121
2024-09-08 00:00:00,54150.0,54498.0,53972.0,54383.0,97.39171405
2024-09-08 04:00:00,54392.0,54554.0,54266.0,54428.0,101.51131876
2024-09-08 08:00:00,54427.0,54698.0,54349.0,54554.0,128.66471025
2024-09-08 12:00:00,54557.0,54566.0,53681.0,53686.0,210.42446641
2024-09-08 16:00:00,53693.0,54518.0,53636.0,54340.0,254.8879995
2024-09-08 20:00:00,54340.0,55306.0,54199.0,54866.0,444.89924254
2024-09-09 00:00:00,54876.0,55361.0,54712.0,55114.0,143.76388863
2024-09-09 04:00:00,55114.0,55143.0,54587.0,54975.0,147.79500628
2024-09-09 08:00:00,54965.0,55614.0,54952.0,55267.0,350.91966176
2024-09-09 12:00:00,55267.0,55790.0,54820.0,55377.0,597.71851647
2024-09-09 16:00:00,55383.0,57180.0,55351.0,57103.0,714.65111261
2024-09-09 20:00:00,57102.0,58070.0,56816.0,57059.0,689.27183757
2024-09-10 00:00:00,57056.0,57072.0,56531.0,56535.0,169.91143815
2024-09-10 04:00:00,56531.0,57288.0,56406.0,57208.0,171.8607793
2024-09-10 08:00:00,57207.0,57371.0,56899.0,57233.0,140.91952116
2024-09-10 12:00:00,57221.0,57469.0,56530.0,56601.0,396.79951657
2024-09-10 16:00:00,56600.0,58042.0,56565.0,57971.0,742.03752452
2024-09-10 20:00:00,57960.0,57974.0,57474.0,57659.0,257.03271532
2024-09-11 00:00:00,57646.0,57751.0,56686.0,56809.0,469.96237852
2024-09-11 04:00:00,56808.0,56808.0,56099.0,56707.0,225.26650463
2024-09-11 08:00:00,56705.0,56863.0,56354.0,56787.0,445.37748716
2024-09-11 12:00:00,56796.0,57150.0,55554.0,56702.0,981.90849824
2024-09-11 16:00:00,56701.0,58000.0,56643.0,57644.0,787.19029827
2024-09-11 20:00:00,57611.0,57691.0,57230.0,57342.0,114.65328641
2024-09-12 00:00:00,57342.0,58470.0,57342.0,58256.0,417.98657552
2024-09-12 04:00:00,58250.0,58438.0,57855.0,58140.0,312.77331859
2024-09-12 08:00:00,58140.0,58350.0,57906.0,58059.0,163.63479044
2024-09-12 12:00:00,58059.0,58560.0,57335.0,57510.0,831.37782033
2024-09-12 16:00:00,57510.0,58448.0,57494.0,58380.0,262.4896465
2024-09-12 20:00:00,58394.0,58394.0,57793.0,58139.0,403.75670001
2024-09-13 00:00:00,58139.0,58244.0,57842.0,57854.0,238.9580331
2024-09-13 04:00:00,57854.0,58135.0,57751.0,58134.0,173.74178689
2024-09-13 08:00:00,58119.0,58336.0,57825.0,57868.0,140.15304514
2024-09-13 12:00:00,57875.0,59748.0,57640.0,59687.0,732.23321398
2024-09-13 16:00:00,59689.0,60018.0,59336.0,59748.0,404.84884638
2024-09-13 20:00:00,59759.0,60670.0,59666.0,60545.0,932.34659038
2024-09-14 00:00:00,60551.0,60655.0,60330.0,60360.0,113.16449319
2024-09-14 04:00:00,60353.0,60369.0,59778.0,60168.0,169.76206659
2024-09-14 08:00:00,60163.0,60180.0,59632.0,59729.0,94.94957415
2024-09-14 12:00:00,59724.0,60018.0,59654.0,59895.0,126.19514035
2024-09-14 16:00:00,59894.0,59991.0,59438.0,59826.0,161.64746316
2024-09-14 20:00:00,59826.0,60132.0,59789.0,60012.0,79.09680153
2024-09-15 00:00:00,60012.0,60311.0,60005.0,60174.0,111.57788914
2024-09-15 04:00:00,60174.0,60240.0,60113.0,60212.0,23.79241236
2024-09-15 08:00:00,60208.0,60222.0,59903.0,60019.0,80.59657012
2024-09-15 12:00:00,60005.0,60388.0,59900.0,60342.0,248.1611376
2024-09-15 16:00:00,60342.0,60363.0,59724.0,59889.0,426.43903203
2024-09-15 20:00:00,59870.0,59946.0,58708.0,59130.0,487.17506523
2024-09-16 00:00:00,59121.0,59209.0,58124.0,58583.0,278.54611722
2024-09-16 04:00:00,58546.0,58967.0,58312.0,58907.0,205.13353116
2024-09-16 08:00:00,58904.0,59152.0,58504.0,58666.0,228.66001938
2024-09-16 12:00:00,58653.0,58783.0,57565.0,57875.0,353.87189245
2024-09-16 16:00:00,57873.0,58245.0,57488.0,57918.0,244.47767672
2024-09-16 20:00:00,57920.0,58402.0,57605.0,58212.0,381.43153868
2024-09-17 00:00:00,58208.0,58349.0,57627.0,58049.0,248.03089201
2024-09-17 04:00:00,58049.0,58750.0,58025.0,58695.0,135.90038851
2024-09-17 08:00:00,58693.0,59294.0,58638.0,59108.0,287.34255166
2024-09-17 12:00:00,59092.0,61331.0,58891.0,61128.0,1229.9577743
2024-09-17 16:00:00,61128.0,61269.0,59650.0,59970.0,562.82499839
2024-09-17 20:00:00,59969.0,60430.0,59743.0,60316.0,213.14215481
2024-09-18 00:00:00,60318.0,60758.0,59893.0,60517.0,107.28932691
2024-09-18 04:00:00,60511.0,60702.0,60206.0,60444.0,212.56300991
2024-09-18 08:00:00,60403.0,60419.0,59388.0,59853.0,267.60232874
2024-09-18 12:00:00,59823.0,60154.0,59326.0,59428.0,342.62672811
2024-09-18 16:00:00,59420.0,61343.0,59189.0,60062.0,1563.280765
2024-09-18 20:00:00,60054.0,61787.0,59495.0,61757.0,744.46868673
2024-09-19 00:00:00,61765.0,62591.0,61584.0,62125.0,421.19968843
2024-09-19 04:00:00,62126.0,62182.0,61823.0,62093.0,232.08756012
2024-09-19 08:00:00,62097.0,62729.0,61895.0,62666.0,400.42405645
2024-09-19 12:00:00,62666.0,63508.0,62619.0,63159.0,800.13898846
2024-09-19 16:00:00,63160.0,63882.0,62969.0,63255.0,914.90241859
2024-09-19 20:00:00,63261.0,63262.0,62661.0,62940.0,282.06331672
2024-09-20 00:00:00,62950.0,63737.0,62630.0,63737.0,224.9728075
2024-09-20 04:00:00,63713.0,64121.0,63416.0,63539.0,390.60978294
2024-09-20 08:00:00,63510.0,63792.0,63049.0,63464.0,283.17274403
2024-09-20 12:00:00,63444.0,63549.0,62578.0,63169.0,461.4460296
2024-09-20 16:00:00,63190.0,63280.0,62353.0,62838.0,193.63193968
2024-09-20 20:00:00,62829.0,63293.0,62722.0,63211.0,92.89176994
2024-09-21 00:00:00,63189.0,63295.0,62823.0,62891.0,185.10581104
2024-09-21 04:00:00,62905.0,63128.0,62760.0,63099.0,55.07081526
2024-09-21 08:00:00,63114.0,63136.0,62969.0,63095.0,57.19718871
2024-09-21 12:00:00,63103.0,63303.0,63049.0,63177.0,125.65690296
2024-09-21 16:00:00,63191.0,63401.0,63113.0,63217.0,80.46367176
2024-09-21 20:00:00,63194.0,63574.0,63075.0,63364.0,75.32636028
2024-09-22 00:00:00,63364.0,63455.0,62849.0,63108.0,118.50868765
2024-09-22 04:00:00,63116.0,63200.0,62850.0,62949.0,54.22110111
2024-09-22 08:00:00,62926.0,63026.0,62578.0,62791.0,97.09815145
2024-09-22 12:00:00,62811.0,62924.0,62480.0,62665.0,122.68038345
2024-09-22 16:00:00,62644.0,63213.0,62485.0,63155.0,194.3529509
2024-09-22 20:00:00,63176.0,63990.0,62390.0,63563.0,345.70980875
2024-09-23 00:00:00,63577.0,64730.0,62585.0,64342.0,355.00300339
2024-09-23 04:00:00,64347.0,64434.0,63400.0,63550.0,106.76665099
2024-09-23 08:00:00,63542.0,63683.0,63311.0,63402.0,172.69380792
2024-09-23 12:00:00,63412.0,63760.0,63075.0,63613.0,312.28667324
2024-09-23 16:00:00,63602.0,63798.0,63105.0,63302.0,101.23456323
2024-09-23 20:00:00,63298.0,63480.0,63114.0,63325.0,65.09381934
2024-09-24 00:00:00,63360.0,63396.0,62720.0,63107.0,349.17572176
2024-09-24 04:00:00,63120.0,63554.0,62940.0,63553.0,58.42170492
2024-09-24 08:00:00,63553.0,63929.0,63387.0,63466.0,131.87618497
2024-09-24 12:00:00,63501.0,63759.0,62738.0,63180.0,518.25008619
2024-09-24 16:00:00,63185.0,64367.0,63110.0,64366.0,314.52918987
2024-09-24 20:00:00,64290.0,64677.0,63974.0,64260.0,249.24943645
2024-09-25 00:00:00,64291.0,64795.0,64013.0,64454.0,215.23090439
2024-09-25 04:00:00,64443.0,64443.0,63646.0,63847.0,205.7814987
2024-09-25 08:00:00,63847.0,63905.0,63419.0,63837.0,133.49645429
2024-09-25 12:00:00,63835.0,63982.0,63318.0,63495.0,233.81637007
2024-09-25 16:00:00,63503.0,63662.0,63000.0,63139.0,193.65282327
2024-09-25 20:00:00,63186.0,63538.0,62941.0,63147.0,190.78621195
2024-09-26 00:00:00,63121.0,63522.0,62675.0,63479.0,197.95097165
2024-09-26 04:00:00,63500.0,63856.0,63335.0,63840.0,75.64599356
2024-09-26 08:00:00,63856.0,64484.0,63592.0,64387.0,222.39531543
2024-09-26 12:00:00,64409.0,65552.0,64173.0,65268.0,772.64878954
2024-09-26 16:00:00,65267.0,65851.0,64708.0,64729.0,357.69557396
2024-09-26 20:00:00,64739.0,65246.0,64651.0,65175.0,132.43756164
2024-09-27 00:00:00,65171.0,65414.0,64840.0,65384.0,190.31586273
2024-09-27 04:00:00,65361.0,65565.0,65121.0,65494.0,114.18499153
2024-09-27 08:00:00,65490.0,65991.0,65341.0,65451.0,287.8585804
2024-09-27 12:00:00,65450.0,66508.0,65346.0,66034.0,396.79435395
2024-09-27 16:00:00,66034.0,66359.0,65536.0,65670.0,224.29567003
2024-09-27 20:00:00,65743.0,65969.0,65641.0,65781.0,48.36597487
2024-09-28 00:00:00,65809.0,66255.0,65740.0,66062.0,58.23798934
2024-09-28 04:00:00,66076.0,66089.0,65766.0,65823.0,156.20870864
2024-09-28 08:00:00,65817.0,65817.0,65482.0,65798.0,97.49742936
2024-09-28 12:00:00,65771.0,65812.0,65442.0,65639.0,87.1570397
2024-09-28 16:00:00,65639.0,65820.0,65517.0,65739.0,45.88182279
2024-09-28 20:00:00,65734.0,65978.0,65452.0,65876.0,112.52075761
2024-09-29 00:00:00,65875.0,65978.0,65662.0,65818.0,124.30070178
2024-09-29 04:00:00,65801.0,65806.0,65451.0,65491.0,32.04674293
2024-09-29 08:00:00,65500.0,65725.0,65450.0,65699.0,51.7938868
2024-09-29 12:00:00,65725.0,65852.0,65607.0,65748.0,95.96409798
2024-09-29 16:00:00,65754.0,65970.0,65670.0,65970.0,61.25603527
2024-09-29 20:00:00,65969.0,66071.0,65545.0,65601.0,121.83040518
2024-09-30 00:00:00,65605.0,65634.0,64198.0,64539.0,278.3813341
2024-09-30 04:00:00,64519.0,64716.0,64336.0,64570.0,135.2351615
2024-09-30 08:00:00,64565.0,64565.0,63259.0,63828.0,441.42171552
2024-09-30 12:00:00,63820.0,64136.0,63542.0,63542.0,353.84777763
2024-09-30 16:00:00,63546.0,63699.0,63049.0,63421.0,269.44621267
2024-09-30 20:00:00,63457.0,63831.0,62859.0,63302.0,281.37509403
2024-10-01 00:00:00,63331.0,63699.0,62985.0,63687.0,208.96800581
2024-10-01 04:00:00,63681.0,64122.0,63623.0,64034.0,110.21828651
2024-10-01 08:00:00,64013.0,64090.0,63713.0,63728.0,129.33715008
2024-10-01 12:00:00,63722.0,63794.0,61801.0,62627.0,958.86936503
2024-10-01 16:00:00,62550.0,62751.0,61070.0,61690.0,929.41045537
2024-10-01 20:00:00,61756.0,61756.0,60164.0,60807.0,461.17383617
2024-10-02 00:00:00,60760.0,61866.0,60721.0,61736.0,343.56111147
2024-10-02 04:00:00,61735.0,61928.0,61352.0,61710.0,244.99299432
2024-10-02 08:00:00,61712.0,61893.0,60896.0,61183.0,296.63709594
2024-10-02 12:00:00,61152.0,61928.0,60549.0,61879.0,456.13298937
2024-10-02 16:00:00,61882.0,62350.0,59972.0,60177.0,834.53609102
2024-10-02 20:00:00,60190.0,60970.0,60113.0,60634.0,261.86484743
2024-10-03 00:00:00,60627.0,61447.0,60528.0,61447.0,186.49815084
2024-10-03 04:00:00,61447.0,61461.0,60838.0,60953.0,135.61636136
2024-10-03 08:00:00,60925.0,61050.0,60135.0,60753.0,367.99942807
2024-10-03 12:00:00,60738.0,60866.0,59860.0,60614.0,448.18015358
2024-10-03 16:00:00,60613.0,61007.0,59918.0,61007.0,240.49283855
2024-10-03 20:00:00,60960.0,61090.0,60609.0,60745.0,33.81675444
2024-10-04 00:00:00,60747.0,61254.0,60474.0,60928.0,201.72316557
2024-10-04 04:00:00,60954.0,61498.0,60939.0,61429.0,221.84052687
2024-10-04 08:00:00,61432.0,61631.0,61255.0,61436.0,99.50320289
2024-10-04 12:00:00,61447.0,61980.0,60794.0,61852.0,516.55045612
2024-10-04 16:00:00,61861.0,62465.0,61633.0,62367.0,248.37957581
2024-10-04 20:00:00,62365.0,62473.0,61980.0,62081.0,106.48110181
2024-10-05 00:00:00,62080.0,62196.0,61699.0,61858.0,75.09174246
2024-10-05 04:00:00,61858.0,62256.0,61816.0,62084.0,62.16862385
2024-10-05 08:00:00,62084.0,62308.0,62084.0,62176.0,37.62055587
2024-10-05 12:00:00,62178.0,62368.0,62107.0,62177.0,107.46980984
2024-10-05 16:00:00,62157.0,62182.0,61788.0,61847.0,100.6689663
2024-10-05 20:00:00,61844.0,62091.0,61705.0,62063.0,66.63454351
2024-10-06 00:00:00,62057.0,62131.0,61891.0,61891.0,71.67058049
2024-10-06 04:00:00,61883.0,62012.0,61816.0,61957.0,44.14502102
2024-10-06 08:00:00,61951.0,62151.0,61926.0,62101.0,45.05138697
2024-10-06 12:00:00,62100.0,62757.0,62062.0,62720.0,211.4465361
2024-10-06 16:00:00,62711.0,62962.0,62555.0,62638.0,338.331505
2024-10-06 20:00:00,62622.0,62901.0,62293.0,62814.0,136.08705633
2024-10-07 00:00:00,62831.0,63975.0,62696.0,63520.0,301.76207592
2024-10-07 04:00:00,63517.0,63722.0,63318.0,63535.0,180.01105174
2024-10-07 08:00:00,63534.0,63691.0,62646.0,63128.0,149.46642921
2024-10-07 12:00:00,63116.0,64444.0,62818.0,63651.0,734.11132134
2024-10-07 16:00:00,63650.0,63879.0,62735.0,63346.0,255.31778613
2024-10-07 20:00:00,63365.0,63394.0,62130.0,62212.0,194.59970768
2024-10-08 00:00:00,62211.0,62786.0,62158.0,62607.0,110.39051491
2024-10-08 04:00:00,62612.0,62760.0,61986.0,62293.0,92.14934222
2024-10-08 08:00:00,62272.0,62630.0,62176.0,62594.0,43.59533104
2024-10-08 12:00:00,62598.0,63172.0,61861.0,62274.0,682.40233679
2024-10-08 16:00:00,62241.0,62554.0,61839.0,62203.0,93.50932857
2024-10-08 20:00:00,62233.0,62518.0,61997.0,62133.0,94.25592996
2024-10-09 00:00:00,62114.0,62464.0,61981.0,62356.0,127.47462884
2024-10-09 04:00:00,62347.0,62503.0,62173.0,62239.0,59.20574178
2024-10-09 08:00:00,62238.0,62238.0,62009.0,62145.0,57.23754055
2024-10-09 12:00:00,62147.0,62353.0,61586.0,62269.0,419.11712253
2024-10-09 16:00:00,62269.0,62295.0,60779.0,60980.0,385.04859296
2024-10-09 20:00:00,60978.0,61070.0,60268.0,60582.0,306.82580647
2024-10-10 00:00:00,60589.0,60896.0,60323.0,60806.0,145.03300731
2024-10-10 04:00:00,60808.0,61160.0,60652.0,60824.0,183.79751567
2024-10-10 08:00:00,60824.0,61232.0,60570.0,61189.0,194.83633271
2024-10-10 12:00:00,61189.0,61246.0,60387.0,60725.0,340.45951623
2024-10-10 16:00:00,60747.0,60955.0,58867.0,59664.0,732.68406473
2024-10-10 20:00:00,59663.0,60278.0,59528.0,60278.0,202.67685291
2024-10-11 00:00:00,60278.0,60699.0,60041.0,60577.0,129.37378396
2024-10-11 04:00:00,60563.0,60872.0,60535.0,60638.0,72.93895664
2024-10-11 08:00:00,60631.0,61225.0,60613.0,61138.0,143.190639
2024-10-11 12:00:00,61138.0,62446.0,61093.0,62291.0,444.99754915
2024-10-11 16:00:00,62263.0,63409.0,62138.0,63105.0,600.72820727
2024-10-11 20:00:00,63084.0,63158.0,62345.0,62452.0,191.4759472
2024-10-12 00:00:00,62511.0,63052.0,62474.0,62551.0,133.17443423
2024-10-12 04:00:00,62549.0,62766.0,62549.0,62743.0,44.41071349
2024-10-12 08:00:00,62734.0,63227.0,62651.0,62925.0,72.68568579
2024-10-12 12:00:00,62922.0,63455.0,62814.0,63150.0,243.25021084
2024-10-12 16:00:00,63161.0,63371.0,62916.0,62989.0,101.04521886
2024-10-12 20:00:00,62998.0,63348.0,62989.0,63194.0,91.12660261
2024-10-13 00:00:00,63193.0,63271.0,62653.0,62683.0,95.83637151
2024-10-13 04:00:00,62684.0,62969.0,62684.0,62835.0,51.69755926
2024-10-13 08:00:00,62827.0,62924.0,62518.0,62528.0,67.13321633
2024-10-13 12:00:00,62543.0,62791.0,62039.0,62217.0,130.81586638
2024-10-13 16:00:00,62157.0,62856.0,62157.0,62713.0,196.05967846
2024-10-13 20:00:00,62713.0,63090.0,62593.0,62849.0,111.62341684
2024-10-14 00:00:00,62850.0,64333.0,62450.0,64251.0,352.64329245
2024-10-14 04:00:00,64285.0,64761.0,63665.0,64580.0,412.9357724
2024-10-14 08:00:00,64600.0,65090.0,64307.0,64870.0,202.29099623
2024-10-14 12:00:00,64870.0,66264.0,64483.0,65841.0,772.365726
2024-10-14 16:00:00,65846.0,66049.0,65482.0,65920.0,410.33872269
2024-10-14 20:00:00,65921.0,66479.0,65734.0,66070.0,239.81487608
2024-10-15 00:00:00,66070.0,66338.0,65309.0,65326.0,208.23978016
2024-10-15 04:00:00,65368.0,65800.0,65192.0,65618.0,130.77091777
2024-10-15 08:00:00,65617.0,65804.0,65269.0,65365.0,139.09268428
2024-10-15 12:00:00,65383.0,67922.0,64802.0,65992.0,1289.16468784
2024-10-15 16:00:00,65995.0,67371.0,65962.0,66966.0,432.55059777
2024-10-15 20:00:00,66981.0,67134.0,66131.0,67061.0,289.17312183
2024-10-16 00:00:00,67061.0,67548.0,66744.0,67087.0,252.5073253
2024-10-16 04:00:00,67080.0,67345.0,66788.0,66968.0,177.66203128
2024-10-16 08:00:00,66967.0,68388.0,66911.0,67891.0,422.03872847
2024-10-16 12:00:00,67891.0,68290.0,67117.0,67733.0,606.93043767
2024-10-16 16:00:00,67742.0,68077.0,67470.0,67723.0,154.79053012
2024-10-16 20:00:00,67731.0,67949.0,67485.0,67622.0,103.03064523
2024-10-17 00:00:00,67608.0,67914.0,67401.0,67586.0,140.70506114
2024-10-17 04:00:00,67574.0,67574.0,67072.0,67265.0,77.43975894
2024-10-17 08:00:00,67265.0,67483.0,66791.0,66859.0,184.26737853
2024-10-17 12:00:00,66847.0,67664.0,66631.0,67564.0,619.27240466
2024-10-17 16:00:00,67553.0,67571.0,66685.0,66786.0,153.01749941
2024-10-17 20:00:00,66802.0,67443.0,66784.0,67392.0,123.51936026
2024-10-18 00:00:00,67392.0,68209.0,67176.0,67528.0,292.09511979
2024-10-18 04:00:00,67527.0,68355.0,67521.0,67941.0,163.84180705
2024-10-18 08:00:00,67950.0,68025.0,67655.0,67657.0,90.45481872
2024-10-18 12:00:00,67678.0,68874.0,67629.0,68713.0,511.58515874
2024-10-18 16:00:00,68728.0,68998.0,68364.0,68625.0,233.16492774
2024-10-18 20:00:00,68602.0,68686.0,68200.0,68420.0,143.18943764
2024-10-19 00:00:00,68420.0,68668.0,68301.0,68446.0,95.44462636
2024-10-19 04:00:00,68446.0,68549.0,68301.0,68340.0,26.50633156
2024-10-19 08:00:00,68356.0,68454.0,68093.0,68093.0,56.06003902
2024-10-19 12:00:00,68085.0,68331.0,68047.0,68224.0,98.23811894
2024-10-19 16:00:00,68227.0,68233.0,68020.0,68182.0,47.25674247
2024-10-19 20:00:00,68183.0,68399.0,68170.0,68359.0,91.40570762
2024-10-20 00:00:00,68367.0,68429.0,68102.0,68184.0,49.39681977
2024-10-20 04:00:00,68182.0,68421.0,68168.0,68358.0,54.43185834
2024-10-20 08:00:00,68358.0,68478.0,68347.0,68412.0,42.5705209
2024-10-20 12:00:00,68412.0,68740.0,68208.0,68602.0,146.0845766
2024-10-20 16:00:00,68601.0,68641.0,68413.0,68496.0,39.04420243
2024-10-20 20:00:00,68493.0,69363.0,68430.0,69011.0,274.57511569
2024-10-21 00:00:00,69011.0,69487.0,68587.0,68907.0,279.1412036
2024-10-21 04:00:00,68907.0,69156.0,68464.0,68465.0,125.83071167
2024-10-21 08:00:00,68483.0,68627.0,68102.0,68208.0,66.9574929
2024-10-21 12:00:00,68184.0,68279.0,66815.0,67297.0,425.00098934
2024-10-21 16:00:00,67297.0,67898.0,66865.0,67703.0,560.46708728
2024-10-21 20:00:00,67746.0,67898.0,67339.0,67340.0,295.32305848
2024-10-22 00:00:00,67345.0,67654.0,66559.0,67355.0,227.18052271
2024-10-22 04:00:00,67356.0,67765.0,67244.0,67356.0,130.27046125
2024-10-22 08:00:00,67355.0,67459.0,66712.0,67246.0,211.33711255
2024-10-22 12:00:00,67246.0,67651.0,66592.0,67228.0,562.62948166
2024-10-22 16:00:00,67234.0,67589.0,66872.0,67425.0,313.01049014
2024-10-22 20:00:00,67412.0,67784.0,67258.0,67382.0,182.43157729
2024-10-23 00:00:00,67382.0,67409.0,66851.0,67030.0,114.3443133
2024-10-23 04:00:00,67030.0,67241.0,66751.0,66799.0,105.97095682
2024-10-23 08:00:00,66790.0,66969.0,66160.0,66349.0,312.37673525
2024-10-23 12:00:00,66372.0,66823.0,65850.0,66153.0,405.04726427
2024-10-23 16:00:00,66153.0,66467.0,65000.0,66386.0,853.34557729
2024-10-23 20:00:00,66387.0,66735.0,66251.0,66601.0,136.7568626
2024-10-24 00:00:00,66602.0,67524.0,66455.0,67152.0,483.27390714
2024-10-24 04:00:00,67139.0,67400.0,67008.0,67049.0,111.71029574
2024-10-24 08:00:00,67047.0,67241.0,66672.0,67181.0,193.13680544
2024-10-24 12:00:00,67210.0,67915.0,67196.0,67628.0,693.67569124
2024-10-24 16:00:00,67628.0,68265.0,67280.0,68241.0,450.17303227
2024-10-24 20:00:00,68243.0,68800.0,67948.0,68155.0,208.11845284
2024-10-25 00:00:00,68155.0,68235.0,67801.0,67956.0,276.6911194
2024-10-25 04:00:00,67963.0,67995.0,67217.0,67483.0,391.14418604
2024-10-25 08:00:00,67492.0,68122.0,67288.0,68054.0,229.49615248
2024-10-25 12:00:00,68063.0,68726.0,67419.0,67654.0,542.29492141
2024-10-25 16:00:00,67649.0,67808.0,65853.0,66697.0,859.8341879
2024-10-25 20:00:00,66729.0,67257.0,65521.0,66578.0,431.35306271
2024-10-26 00:00:00,66576.0,66930.0,66344.0,66817.0,65.26467306
2024-10-26 04:00:00,66806.0,67167.0,66696.0,66963.0,75.10628075
2024-10-26 08:00:00,66929.0,67168.0,66888.0,67056.0,52.41692443
2024-10-26 12:00:00,67056.0,67097.0,66656.0,66794.0,76.41813968
2024-10-26 16:00:00,66787.0,67101.0,66699.0,67100.0,86.49383539
2024-10-26 20:00:00,67053.0,67352.0,67001.0,67003.0,133.62592922
2024-10-27 00:00:00,67009.0,67217.0,66850.0,67176.0,110.32398814
2024-10-27 04:00:00,67176.0,67222.0,67032.0,67112.0,33.076646
2024-10-27 08:00:00,67112.0,67175.0,66968.0,67042.0,66.87407468
2024-10-27 12:00:00,67042.0,67759.0,67033.0,67708.0,188.56482997
2024-10-27 16:00:00,67728.0,67895.0,67468.0,67750.0,159.66863926
2024-10-27 20:00:00,67750.0,68232.0,67654.0,67938.0,181.47077947
2024-10-28 00:00:00,67937.0,68035.0,67605.0,67654.0,141.94526256
2024-10-28 04:00:00,67653.0,68553.0,67541.0,68329.0,197.79960027
2024-10-28 08:00:00,68331.0,68742.0,68160.0,68679.0,231.90857271
2024-10-28 12:00:00,68680.0,69222.0,68397.0,68424.0,614.83114798
2024-10-28 16:00:00,68432.0,69865.0,68388.0,69590.0,517.97938697
2024-10-28 20:00:00,69606.0,70218.0,69414.0,69918.0,359.39935408
2024-10-29 00:00:00,69918.0,71500.0,69716.0,70871.0,449.60584653
2024-10-29 04:00:00,70888.0,71279.0,70810.0,70940.0,411.92494045
2024-10-29 08:00:00,70976.0,71575.0,70928.0,71421.0,246.28041735
2024-10-29 12:00:00,71420.0,72434.0,70620.0,72377.0,1160.04614304
2024-10-29 16:00:00,72400.0,73600.0,72349.0,72512.0,1131.10875307
2024-10-29 20:00:00,72541.0,72949.0,71481.0,72729.0,576.72410266
2024-10-30 00:00:00,72727.0,72765.0,72000.0,72214.0,169.80047692
2024-10-30 04:00:00,72215.0,72573.0,72098.0,72200.0,95.86349243
2024-10-30 08:00:00,72212.0,72582.0,71918.0,71969.0,243.69662706
2024-10-30 12:00:00,71983.0,72445.0,71313.0,72049.0,652.4221315
2024-10-30 16:00:00,72047.0,72194.0,71628.0,71827.0,554.71940034
2024-10-30 20:00:00,71818.0,72928.0,71648.0,72331.0,547.18141766
2024-10-31 00:00:00,72330.0,72556.0,72010.0,72330.0,147.67194192
2024-10-31 04:00:00,72333.0,72560.0,72147.0,72403.0,166.90366074
2024-10-31 08:00:00,72404.0,72660.0,72148.0,72210.0,117.8810023
2024-10-31 12:00:00,72209.0,72252.0,70412.0,70553.0,750.74362489
2024-10-31 16:00:00,70572.0,70857.0,69919.0,69951.0,316.16631769
2024-10-31 20:00:00,69974.0,70545.0,69591.0,70231.0,277.04260739
2024-11-01 00:00:00,70202.0,70370.0,68777.0,69279.0,346.61966844
2024-11-01 04:00:00,69277.0,69613.0,69042.0,69220.0,141.76338516
2024-11-01 08:00:00,69203.0,70142.0,69173.0,69961.0,254.94349166
2024-11-01 12:00:00,69940.0,71596.0,69032.0,69336.0,1166.81997147
2024-11-01 16:00:00,69372.0,70471.0,68768.0,69201.0,490.89682635
2024-11-01 20:00:00,69211.0,69628.0,68808.0,69490.0,316.42844987
2024-11-02 00:00:00,69468.0,69887.0,69453.0,69579.0,64.84318228
2024-11-02 04:00:00,69581.0,69773.0,69441.0,69773.0,54.01849463
2024-11-02 08:00:00,69773.0,69798.0,69375.0,69581.0,114.98417539
2024-11-02 12:00:00,69575.0,69664.0,69015.0,69372.0,361.5995654
2024-11-02 16:00:00,69372.0,69572.0,69215.0,69504.0,238.00158538
2024-11-02 20:00:00,69505.0,69558.0,69143.0,69330.0,213.67768376
2024-11-03 00:00:00,69339.0,69354.0,67823.0,68365.0,554.30107922
2024-11-03 04:00:00,68365.0,68726.0,68279.0,68342.0,178.74898252
2024-11-03 08:00:00,68342.0,68553.0,68177.0,68348.0,143.77705688
2024-11-03 12:00:00,68338.0,68516.0,67459.0,68073.0,490.95199109
2024-11-03 16:00:00,68039.0,68647.0,67686.0,68645.0,233.21869112
2024-11-03 20:00:00,68646.0,69314.0,68490.0,68738.0,314.47377251
2024-11-04 00:00:00,68738.0,69444.0,68216.0,68998.0,212.70745834
2024-11-04 04:00:00,69019.0,69339.0,68530.0,68536.0,273.31101092
2024-11-04 08:00:00,68543.0,68970.0,68421.0,68740.0,191.73963824
2024-11-04 12:00:00,68747.0,69197.0,68176.0,68619.0,433.14630553
2024-11-04 16:00:00,68618.0,68758.0,67208.0,67804.0,745.53579784
2024-11-04 20:00:00,67803.0,68044.0,66798.0,67818.0,681.90059134
2024-11-05 00:00:00,67817.0,68231.0,67443.0,68205.0,233.9121653
2024-11-05 04:00:00,68204.0,68928.0,68179.0,68851.0,153.7702413
2024-11-05 08:00:00,68861.0,69047.0,68590.0,68772.0,181.33185284
2024-11-05 12:00:00,68801.0,70294.0,68651.0,69600.0,843.35978323
2024-11-05 16:00:00,69626.0,70538.0,68759.0,69123.0,766.03073733
2024-11-05 20:00:00,68997.0,69883.0,68817.0,69386.0,192.30040293
2024-11-06 00:00:00,69396.0,75080.0,69284.0,74348.0,2246.1952333
2024-11-06 04:00:00,74351.0,75397.0,73126.0,73372.0,1563.3951023
2024-11-06 08:00:00,73543.0,74612.0,72713.0,74303.0,619.65269622
2024-11-06 12:00:00,74306.0,74801.0,73546.0,74372.0,1044.37732293
2024-11-06 16:00:00,74372.0,75959.0,74182.0,75914.0,1382.14818219
2024-11-06 20:00:00,75915.0,76481.0,75595.0,75637.0,876.232757
2024-11-07 00:00:00,75638.0,76053.0,75062.0,75101.0,267.15003683
2024-11-07 04:00:00,75101.0,75101.0,74479.0,74799.0,220.3185202
2024-11-07 08:00:00,74795.0,75170.0,74715.0,74757.0,123.71143015
2024-11-07 12:00:00,74793.0,76140.0,74564.0,76140.0,744.72855918
2024-11-07 16:00:00,76128.0,76780.0,75650.0,76618.0,1118.73730873
2024-11-07 20:00:00,76627.0,76990.0,75557.0,75921.0,790.7877178
2024-11-08 00:00:00,75918.0,76415.0,75665.0,75969.0,93.43009458
2024-11-08 04:00:00,75969.0,76315.0,75773.0,76274.0,96.35669524
2024-11-08 08:00:00,76269.0,76389.0,75859.0,76023.0,185.15258022
2024-11-08 12:00:00,76018.0,76636.0,75695.0,76491.0,573.85751237
2024-11-08 16:00:00,76490.0,77270.0,75896.0,77020.0,1044.66543701
2024-11-08 20:00:00,77017.0,77191.0,76356.0,76561.0,473.06341175
2024-11-09 00:00:00,76560.0,76681.0,76197.0,76403.0,146.04807078
2024-11-09 04:00:00,76392.0,76821.0,76349.0,76581.0,102.22768324
2024-11-09 08:00:00,76581.0,76756.0,76425.0,76526.0,70.07318213
2024-11-09 12:00:00,76526.0,76581.0,76316.0,76350.0,112.54026758
2024-11-09 16:00:00,76347.0,76724.0,75648.0,76245.0,257.19498032
2024-11-09 20:00:00,76213.0,76941.0,76210.0,76722.0,149.74327014
2024-11-10 00:00:00,76707.0,77679.0,76554.0,77270.0,330.47047543
2024-11-10 04:00:00,77270.0,79780.0,77200.0,78863.0,590.75954383
2024-11-10 08:00:00,78863.0,80076.0,78863.0,79915.0,295.44411185
2024-11-10 12:00:00,79882.0,80116.0,79257.0,79751.0,288.70560927
2024-11-10 16:00:00,79751.0,81100.0,79417.0,79788.0,568.64340295
2024-11-10 20:00:00,79811.0,81482.0,78532.0,80425.0,665.74246192
2024-11-11 00:00:00,80426.0,81888.0,80280.0,81686.0,292.12620035
2024-11-11 04:00:00,81675.0,81755.0,80531.0,81198.0,203.25840954
2024-11-11 08:00:00,81197.0,82410.0,81094.0,82230.0,467.42393729
2024-11-11 12:00:00,82206.0,84390.0,81571.0,84200.0,1362.18471692
2024-11-11 16:00:00,84211.0,86800.0,83965.0,86278.0,1926.14024972
2024-11-11 20:00:00,86278.0,89643.0,86242.0,88770.0,2444.02320161
2024-11-12 00:00:00,88771.0,89584.0,86729.0,88199.0,797.47417067
2024-11-12 04:00:00,88192.0,89983.0,87837.0,89136.0,421.73973958
2024-11-12 08:00:00,89174.0,89475.0,85208.0,87251.0,1062.61938229
2024-11-12 12:00:00,87259.0,87913.0,85121.0,86707.0,1528.72043921
2024-11-12 16:00:00,86723.0,89919.0,85816.0,88870.0,2621.72776146
2024-11-12 20:00:00,88874.0,90243.0,87507.0,88031.0,1605.23304111
2024-11-13 00:00:00,88038.0,88623.0,87160.0,87232.0,566.55478418
2024-11-13 04:00:00,87292.0,87821.0,86263.0,87502.0,852.99637284
2024-11-13 08:00:00,87502.0,88180.0,87218.0,87801.0,316.50460579
2024-11-13 12:00:00,87787.0,92897.0,87643.0,92762.0,2402.43738267
2024-11-13 16:00:00,92741.0,93483.0,90080.0,90337.0,1989.81373843
2024-11-13 20:00:00,90318.0,91284.0,88060.0,90521.0,1209.72284379
2024-11-14 00:00:00,90498.0,90629.0,89596.0,90032.0,491.59150421
2024-11-14 04:00:00,90023.0,90915.0,89158.0,90850.0,195.59774281
2024-11-14 08:00:00,90850.0,91705.0,90400.0,91561.0,455.69487699
2024-11-14 12:00:00,91558.0,91804.0,87881.0,87955.0,1062.48701816
2024-11-14 16:00:00,87976.0,89896.0,87580.0,89463.0,800.5308938
2024-11-14 20:00:00,89508.0,89508.0,86685.0,87333.0,799.85960493
2024-11-15 00:00:00,87298.0,88493.0,87252.0,88257.0,148.92917214
2024-11-15 04:00:00,88246.0,88420.0,87119.0,87681.0,256.99031789
2024-11-15 08:00:00,87662.0,89765.0,87410.0,89759.0,263.02913259
2024-11-15 12:00:00,89759.0,90699.0,87766.0,88451.0,1803.85358171
2024-11-15 16:00:00,88441.0,90850.0,88404.0,90399.0,1158.95234307
2024-11-15 20:00:00,90396.0,91909.0,90378.0,91070.0,859.39652173
2024-11-16 00:00:00,91069.0,91727.0,90886.0,91314.0,269.23686515
2024-11-16 04:00:00,91300.0,91778.0,90975.0,91199.0,138.14120239
2024-11-16 08:00:00,91198.0,91596.0,91016.0,91195.0,117.35226002
2024-11-16 12:00:00,91203.0,91328.0,90100.0,90565.0,289.41139355
2024-11-16 16:00:00,90524.0,91420.0,90254.0,91156.0,302.35423578
2024-11-16 20:00:00,91154.0,91230.0,90368.0,90608.0,422.38122065
2024-11-17 00:00:00,90643.0,90917.0,89424.0,90286.0,290.83599243
2024-11-17 04:00:00,90286.0,90894.0,90197.0,90533.0,229.06476463
2024-11-17 08:00:00,90551.0,91429.0,90471.0,90688.0,507.87256366
2024-11-17 12:00:00,90684.0,91166.0,89910.0,90263.0,290.16467868
2024-11-17 16:00:00,90262.0,90617.0,89706.0,90044.0,246.16959844
2024-11-17 20:00:00,90052.0,90207.0,88709.0,89861.0,451.99007851
2024-11-18 00:00:00,89865.0,90928.0,89652.0,90675.0,225.42858135
2024-11-18 04:00:00,90674.0,92234.0,90461.0,91713.0,355.78173982
2024-11-18 08:00:00,91714.0,92208.0,90075.0,90272.0,424.50821804
2024-11-18 12:00:00,90285.0,92624.0,89392.0,92320.0,963.17430956
2024-11-18 16:00:00,92360.0,92595.0,89750.0,90689.0,1040.29886013
2024-11-18 20:00:00,90691.0,92088.0,90304.0,90512.0,1266.99650746
2024-11-19 00:00:00,90514.0,91576.0,90407.0,91472.0,466.58105917
2024-11-19 04:00:00,91475.0,92159.0,91190.0,91669.0,495.24052505
2024-11-19 08:00:00,91690.0,92247.0,91232.0,91720.0,248.15567042
2024-11-19 12:00:00,91715.0,92836.0,91049.0,92466.0,829.4897756
2024-11-19 16:00:00,92488.0,94057.0,92161.0,93295.0,1134.3156335
2024-11-19 20:00:00,93355.0,93679.0,91400.0,92424.0,711.09996063
2024-11-20 00:00:00,92434.0,92545.0,91407.0,92157.0,2486.32007941
2024-11-20 04:00:00,92155.0,92952.0,91919.0,92935.0,1319.64601784
2024-11-20 08:00:00,92928.0,93742.0,92820.0,93568.0,524.55519466
2024-11-20 12:00:00,93600.0,94942.0,93428.0,94852.0,1287.72725997
2024-11-20 16:00:00,94852.0,94942.0,93266.0,94133.0,2350.82282434
2024-11-20 20:00:00,94147.0,94717.0,93854.0,94373.0,1324.89891576
2024-11-21 00:00:00,94374.0,96000.0,94106.0,95899.0,1412.1770551
2024-11-21 04:00:00,95894.0,97903.0,95894.0,96969.0,1515.01977871
2024-11-21 08:00:00,96989.0,98367.0,96770.0,97989.0,601.49209473
2024-11-21 12:00:00,98003.0,98250.0,95639.0,96698.0,1204.28182785
2024-11-21 16:00:00,96699.0,99121.0,96313.0,97947.0,1550.40388569
2024-11-21 20:00:00,97928.0,98842.0,97671.0,98451.0,997.3949403
2024-11-22 00:00:00,98451.0,99388.0,97956.0,98963.0,534.89320166
2024-11-22 04:00:00,98955.0,99500.0,98528.0,99322.0,543.81961519
2024-11-22 08:00:00,99297.0,99378.0,98318.0,98951.0,374.33448301
2024-11-22 12:00:00,98951.0,99025.0,97236.0,98821.0,1033.7285718
2024-11-22 16:00:00,98777.0,99800.0,98373.0,99391.0,1187.98459137
2024-11-22 20:00:00,99391.0,99616.0,98712.0,99013.0,971.33408183
2024-11-23 00:00:00,99010.0,99015.0,98434.0,98801.0,263.66335035
2024-11-23 04:00:00,98800.0,98931.0,98410.0,98692.0,291.36496673
2024-11-23 08:00:00,98692.0,98744.0,98372.0,98554.0,229.76396776
2024-11-23 12:00:00,98556.0,98966.0,98542.0,98600.0,209.74403733
2024-11-23 16:00:00,98601.0,98649.0,97500.0,97616.0,542.95480076
2024-11-23 20:00:00,97615.0,98127.0,97226.0,97775.0,181.63362169
2024-11-24 00:00:00,97765.0,98660.0,97759.0,98291.0,284.11125244
2024-11-24 04:00:00,98291.0,98504.0,98033.0,98504.0,118.94157148
2024-11-24 08:00:00,98516.0,98540.0,97388.0,97403.0,93.68615505
2024-11-24 12:00:00,97403.0,97692.0,95972.0,95972.0,301.79638512
2024-11-24 16:00:00,95972.0,96794.0,95796.0,96367.0,620.21143167
2024-11-24 20:00:00,96303.0,98445.0,96231.0,98007.0,395.26077634
2024-11-25 00:00:00,98021.0,98150.0,97017.0,97978.0,156.08428935
2024-11-25 04:00:00,98017.0,98483.0,97680.0,98156.0,195.48058761
2024-11-25 08:00:00,98156.0,98966.0,97983.0,98290.0,181.2386811
2024-11-25 12:00:00,98290.0,98402.0,94600.0,96015.0,1003.4039149
2024-11-25 16:00:00,96025.0,96492.0,94396.0,94670.0,631.44028452
2024-11-25 20:00:00,94655.0,95339.0,92584.0,93035.0,801.90065785
2024-11-26 00:00:00,93006.0,94920.0,92768.0,94508.0,397.86152087
2024-11-26 04:00:00,94500.0,94999.0,93550.0,93778.0,320.43776852
2024-11-26 08:00:00,93698.0,93765.0,91412.0,92346.0,783.88620747
2024-11-26 12:00:00,92310.0,93558.0,91690.0,92857.0,534.86747649
2024-11-26 16:00:00,92845.0,94726.0,91591.0,91687.0,885.67487718
2024-11-26 20:00:00,91615.0,92324.0,90742.0,91928.0,652.36958024
2024-11-27 00:00:00,91929.0,93006.0,91760.0,92576.0,452.84460505
2024-11-27 04:00:00,92583.0,93613.0,92346.0,93581.0,383.16326452
2024-11-27 08:00:00,93594.0,93896.0,93125.0,93377.0,233.08815955
2024-11-27 12:00:00,93373.0,95938.0,92857.0,95686.0,675.03699569
2024-11-27 16:00:00,95658.0,96779.0,95277.0,96779.0,789.18101493
2024-11-27 20:00:00,96774.0,97353.0,95857.0,95978.0,465.82011824
2024-11-28 00:00:00,95945.0,96658.0,94939.0,95582.0,639.21349561
2024-11-28 04:00:00,95610.0,95988.0,95170.0,95348.0,137.98192188
2024-11-28 08:00:00,95352.0,95788.0,94670.0,95501.0,374.06725822
2024-11-28 12:00:00,95495.0,96226.0,94921.0,95019.0,290.61505173
2024-11-28 16:00:00,95025.0,95443.0,94862.0,95131.0,221.93148566
2024-11-28 20:00:00,95133.0,96022.0,94725.0,95661.0,406.4615552
2024-11-29 00:00:00,95670.0,96869.0,95410.0,96589.0,300.79690637
2024-11-29 04:00:00,96636.0,96637.0,95630.0,95630.0,110.3810004
2024-11-29 08:00:00,95639.0,97398.0,95639.0,97293.0,297.8802151
2024-11-29 12:00:00,97295.0,98745.0,96817.0,98141.0,885.05159471
2024-11-29 16:00:00,98153.0,98566.0,96945.0,97448.0,535.24096827
2024-11-29 20:00:00,97437.0,97706.0,97090.0,97512.0,281.4912931
2024-11-30 00:00:00,97510.0,97510.0,96375.0,96677.0,164.73978491
2024-11-30 04:00:00,96659.0,97259.0,96584.0,96823.0,179.85560044
2024-11-30 08:00:00,96823.0,97003.0,96112.0,96290.0,96.09552369
2024-11-30 12:00:00,96304.0,96770.0,96304.0,96691.0,79.98757773
2024-11-30 16:00:00,96675.0,97094.0,96564.0,97065.0,33.40566263
2024-11-30 20:00:00,97063.0,97096.0,96388.0,96441.0,92.13663137
2024-12-01 00:00:00,96471.0,96700.0,95758.0,96362.0,218.68616123
2024-12-01 04:00:00,96368.0,96561.0,96240.0,96530.0,96.73953066
2024-12-01 08:00:00,96530.0,97201.0,96483.0,97176.0,147.63030553
2024-12-01 12:00:00,97171.0,97458.0,96747.0,97104.0,173.20907657
2024-12-01 16:00:00,97105.0,97575.0,97026.0,97250.0,121.07393963
2024-12-01 20:00:00,97249.0,97880.0,96863.0,97291.0,127.31664688
2024-12-02 00:00:00,97260.0,98200.0,96457.0,96541.0,339.19634549
2024-12-02 04:00:00,96542.0,96957.0,95824.0,96050.0,413.13183943
2024-12-02 08:00:00,96038.0,96160.0,94712.0,95143.0,347.94229493
2024-12-02 12:00:00,95108.0,97271.0,94807.0,97186.0,538.59279605
2024-12-02 16:00:00,97112.0,97423.0,94403.0,95844.0,878.74250351
2024-12-02 20:00:00,95827.0,96352.0,95119.0,95859.0,707.41523689
2024-12-03 00:00:00,95858.0,96301.0,95421.0,96099.0,607.97625194
2024-12-03 04:00:00,96096.0,96248.0,95295.0,95592.0,368.67161513
2024-12-03 08:00:00,95556.0,95683.0,94649.0,95005.0,238.2824457
2024-12-03 12:00:00,94996.0,96281.0,93590.0,95729.0,758.48444735
2024-12-03 16:00:00,95728.0,96201.0,94914.0,95446.0,981.86904133
2024-12-03 20:00:00,95450.0,96180.0,95302.0,95926.0,529.62532343
2024-12-04 00:00:00,95926.0,96680.0,95322.0,95836.0,322.20302515
2024-12-04 04:00:00,95830.0,96768.0,95774.0,96657.0,113.99994229
2024-12-04 08:00:00,96657.0,97003.0,96250.0,96253.0,165.09112268
2024-12-04 12:00:00,96253.0,96620.0,95401.0,95862.0,793.32806468
2024-12-04 16:00:00,95867.0,97422.0,94661.0,97422.0,1051.61682562
2024-12-04 20:00:00,97381.0,99250.0,97296.0,98773.0,1863.70575545
2024-12-05 00:00:00,98751.0,103521.0,98070.0,103028.0,2286.04610523
2024-12-05 04:00:00,103043.0,103620.0,101222.0,102300.0,555.51313908
2024-12-05 08:00:00,102297.0,103235.0,102297.0,102644.0,343.71062802
2024-12-05 12:00:00,102644.0,103647.0,101054.0,101397.0,1011.50660388
2024-12-05 16:00:00,101381.0,102103.0,98641.0,99057.0,702.44158126
2024-12-05 20:00:00,99051.0,99577.0,92092.0,97057.0,2551.23213001
2024-12-06 00:00:00,96968.0,98836.0,96463.0,97682.0,192.20222309
2024-12-06 04:00:00,97780.0,98330.0,97452.0,98211.0,125.49348571
2024-12-06 08:00:00,98218.0,98771.0,97614.0,98153.0,328.84273953
2024-12-06 12:00:00,98162.0,99597.0,97602.0,99406.0,588.93818229
2024-12-06 16:00:00,99429.0,101959.0,98892.0,101599.0,994.29835092
2024-12-06 20:00:00,101642.0,102098.0,99304.0,99898.0,383.43607073
2024-12-07 00:00:00,99898.0,100575.0,99713.0,100324.0,50.34277821
2024-12-07 04:00:00,99731.0,99814.0,99121.0,99560.0,141.74361198
2024-12-07 08:00:00,99541.0,99945.0,99438.0,99730.0,54.98563302
2024-12-07 12:00:00,99748.0,99885.0,99168.0,99864.0,170.16458241
2024-12-07 16:00:00,99855.0,100352.0,99561.0,100161.0,40.57843739
2024-12-07 20:00:00,100200.0,100505.0,99707.0,99929.0,130.06170208
2024-12-08 00:00:00,99969.0,100402.0,99741.0,100017.0,175.91814958
2024-12-08 04:00:00,100077.0,100085.0,99440.0,99782.0,55.87805842
2024-12-08 08:00:00,99750.0,99873.0,98752.0,99762.0,213.12729935
2024-12-08 12:00:00,99762.0,100543.0,99440.0,99971.0,164.99375924
2024-12-08 16:00:00,99972.0,100209.0,99539.0,100130.0,176.6374077
2024-12-08 20:00:00,100177.0,101407.0,99789.0,101204.0,286.77295962
2024-12-09 00:00:00,101188.0,101271.0,98528.0,99162.0,258.8531395
2024-12-09 04:00:00,99163.0,99748.0,98386.0,99622.0,193.72845689
2024-12-09 08:00:00,99614.0,99708.0,98033.0,98066.0,205.6938457
2024-12-09 12:00:00,98043.0,100438.0,97493.0,97822.0,662.69906339
2024-12-09 16:00:00,97714.0,98340.0,96933.0,96986.0,310.60736533
2024-12-09 20:00:00,97012.0,97551.0,94249.0,97468.0,837.21096773
2024-12-10 00:00:00,97318.0,98159.0,95638.0,96796.0,279.063228
2024-12-10 04:00:00,96843.0,97528.0,95957.0,97210.0,141.9318596
2024-12-10 08:00:00,97212.0,97962.0,97014.0,97815.0,136.00559325
2024-12-10 12:00:00,97794.0,98300.0,95685.0,95703.0,457.78744183
2024-12-10 16:00:00,95722.0,96516.0,94306.0,95933.0,682.72384651
2024-12-10 20:00:00,95904.0,97245.0,95661.0,96648.0,394.98527203
2024-12-11 00:00:00,96658.0,97666.0,95725.0,97445.0,296.46395104
2024-12-11 04:00:00,97434.0,97804.0,97261.0,97446.0,151.97939547
2024-12-11 08:00:00,97379.0,98491.0,97352.0,98321.0,265.94375968
2024-12-11 12:00:00,98349.0,100841.0,98147.0,100484.0,567.50088652
2024-12-11 16:00:00,100497.0,101253.0,99713.0,101248.0,556.68522252
2024-12-11 20:00:00,101253.0,101961.0,100970.0,101201.0,357.60815987
2024-12-12 00:00:00,101238.0,101921.0,100438.0,101045.0,195.50494282
2024-12-12 04:00:00,101117.0,101241.0,100462.0,100525.0,79.43335253
2024-12-12 08:00:00,100532.0,101130.0,100215.0,100366.0,128.2821398
2024-12-12 12:00:00,100422.0,101900.0,100409.0,101863.0,454.37865688
2024-12-12 16:00:00,101887.0,102582.0,99309.0,99482.0,307.60760532
2024-12-12 20:00:00,99472.0,100498.0,99472.0,100068.0,227.98672456
2024-12-13 00:00:00,99998.0,100364.0,99250.0,99747.0,65.91775597
2024-12-13 04:00:00,99762.0,100245.0,99534.0,100149.0,92.49721012
2024-12-13 08:00:00,100157.0,100767.0,99926.0,100378.0,117.38481009
2024-12-13 12:00:00,100384.0,101393.0,99750.0,99937.0,346.59109499
2024-12-13 16:00:00,99879.0,101918.0,99822.0,101493.0,284.18799627
2024-12-13 20:00:00,101488.0,101884.0,101048.0,101435.0,123.91534709
2024-12-14 00:00:00,101433.0,102643.0,101172.0,102099.0,166.80077632
2024-12-14 04:00:00,102098.0,102155.0,101626.0,101836.0,60.84529097
2024-12-14 08:00:00,101836.0,101872.0,101346.0,101586.0,50.01423837
2024-12-14 12:00:00,101566.0,101736.0,100846.0,101622.0,119.553344
2024-12-14 16:00:00,101621.0,101711.0,100845.0,101323.0,76.57303066
2024-12-14 20:00:00,101325.0,101455.0,100643.0,101382.0,92.74992858
2024-12-15 00:00:00,101408.0,102151.0,101243.0,101730.0,68.22085665
2024-12-15 04:00:00,101728.0,102800.0,101544.0,101745.0,188.24212672
2024-12-15 08:00:00,101722.0,102651.0,101618.0,102651.0,312.20797477
2024-12-15 12:00:00,102636.0,103290.0,102447.0,102688.0,168.80616872
2024-12-15 16:00:00,102656.0,103414.0,102570.0,103241.0,146.44565276
2024-12-15 20:00:00,103241.0,105149.0,102618.0,104427.0,486.06520592
2024-12-16 00:00:00,104476.0,106533.0,104269.0,104556.0,546.91604499
2024-12-16 04:00:00,104570.0,105362.0,104449.0,104956.0,206.62679876
2024-12-16 08:00:00,104954.0,104985.0,103621.0,103716.0,183.27196211
2024-12-16 12:00:00,103716.0,106495.0,103322.0,106371.0,480.13146491
2024-12-16 16:00:00,106330.0,107821.0,105820.0,106639.0,547.44174108
2024-12-16 20:00:00,106639.0,106650.0,105526.0,106073.0,207.3846252
2024-12-17 00:00:00,106109.0,106983.0,105736.0,106895.0,150.44051744
2024-12-17 04:00:00,106888.0,107123.0,106395.0,106841.0,172.76092871
2024-12-17 08:00:00,106844.0,107509.0,106746.0,106844.0,126.92872349
2024-12-17 12:00:00,106800.0,108364.0,105731.0,106483.0,394.8109603
2024-12-17 16:00:00,106485.0,107664.0,106161.0,106479.0,324.8444428
2024-12-17 20:00:00,106464.0,106879.0,105363.0,106187.0,236.15343292
2024-12-18 00:00:00,106214.0,106523.0,104588.0,104852.0,262.05043777
2024-12-18 04:00:00,104708.0,104708.0,103173.0,104242.0,263.64543752
2024-12-18 08:00:00,104242.0,105010.0,103733.0,105010.0,185.1086596
2024-12-18 12:00:00,104992.0,105330.0,103635.0,104411.0,291.20575284
2024-12-18 16:00:00,104425.0,104972.0,102759.0,102829.0,563.40018689
2024-12-18 20:00:00,102768.0,102918.0,99997.0,100153.0,991.87767392
2024-12-19 00:00:00,100133.0,101221.0,98695.0,101118.0,914.73083677
2024-12-19 04:00:00,101103.0,101675.0,100590.0,101611.0,133.01465288
2024-12-19 08:00:00,101598.0,102557.0,101333.0,102385.0,157.18391963
2024-12-19 12:00:00,102385.0,102747.0,99433.0,100609.0,762.46194388
2024-12-19 16:00:00,100571.0,101114.0,96160.0,97080.0,784.3037069
2024-12-19 20:00:00,97087.0,98315.0,95537.0,97375.0,673.80648484
2024-12-20 00:00:00,97416.0,97701.0,95895.0,97002.0,375.65096671
2024-12-20 04:00:00,97014.0,98123.0,96330.0,97655.0,194.67267269
2024-12-20 08:00:00,97690.0,97755.0,92502.0,92600.0,711.31599975
2024-12-20 12:00:00,92654.0,97493.0,92118.0,96926.0,676.93747474
2024-12-20 16:00:00,96929.0,97726.0,96292.0,97065.0,389.17388259
2024-12-20 20:00:00,97103.0,97760.0,95395.0,97760.0,358.49044076
2024-12-21 00:00:00,97745.0,97787.0,97175.0,97440.0,94.4297796
2024-12-21 04:00:00,97496.0,99514.0,97353.0,98995.0,475.92969578
2024-12-21 08:00:00,99053.0,99146.0,97787.0,98240.0,211.65656767
2024-12-21 12:00:00,98236.0,98236.0,96399.0,97473.0,385.06696503
2024-12-21 16:00:00,97490.0,97684.0,96782.0,97228.0,237.81480708
2024-12-21 20:00:00,97219.0,97988.0,96527.0,97211.0,335.14542413
2024-12-22 00:00:00,97245.0,97376.0,96521.0,96921.0,228.39474579
2024-12-22 04:00:00,96907.0,96987.0,95839.0,96070.0,359.34646076
2024-12-22 08:00:00,96269.0,97259.0,96216.0,97045.0,458.51743287
2024-12-22 12:00:00,97018.0,97211.0,95081.0,95304.0,237.00242386
2024-12-22 16:00:00,95302.0,96342.0,94623.0,94692.0,384.45492171
2024-12-22 20:00:00,94751.0,95725.0,94200.0,95098.0,407.79275833
2024-12-23 00:00:00,95100.0,95915.0,93639.0,95914.0,322.5905627
2024-12-23 04:00:00,95888.0,96376.0,94650.0,95287.0,238.42397887
2024-12-23 08:00:00,95258.0,96420.0,94945.0,95811.0,245.22286454
2024-12-23 12:00:00,95829.0,96295.0,92995.0,93104.0,671.18208605
2024-12-23 16:00:00,93130.0,94113.0,92558.0,92924.0,412.49440998
2024-12-23 20:00:00,92890.0,95358.0,92389.0,94750.0,538.69036258
2024-12-24 00:00:00,94750.0,94750.0,93461.0,94211.0,135.9111927
2024-12-24 04:00:00,94242.0,94510.0,93697.0,94088.0,113.14534337
2024-12-24 08:00:00,94100.0,94500.0,93730.0,94281.0,75.53959896
2024-12-24 12:00:00,94268.0,98200.0,93933.0,98200.0,349.3122893
2024-12-24 16:00:00,98200.0,99419.0,97519.0,97562.0,600.33730173
2024-12-24 20:00:00,97577.0,98995.0,97224.0,98596.0,170.28996385
2024-12-25 00:00:00,98637.0,98768.0,97676.0,97962.0,139.05001074
2024-12-25 04:00:00,97942.0,98482.0,97811.0,98018.0,61.58433588
2024-12-25 08:00:00,98014.0,99258.0,97750.0,97837.0,236.51526441
2024-12-25 12:00:00,97899.0,98741.0,97576.0,98413.0,121.77006148
2024-12-25 16:00:00,98445.0,99180.0,98068.0,98929.0,92.33364139
2024-12-25 20:00:00,98951.0,99478.0,98305.0,99374.0,198.25893438
2024-12-26 00:00:00,99357.0,99881.0,98422.0,98935.0,218.19996522
2024-12-26 04:00:00,98903.0,98903.0,97650.0,97674.0,118.96756789
2024-12-26 08:00:00,97673.0,97699.0,95111.0,95584.0,512.2355567
2024-12-26 12:00:00,95532.0,96157.0,95135.0,95982.0,252.56257845
2024-12-26 16:00:00,95953.0,96566.0,95354.0,96033.0,148.1777009
2024-12-26 20:00:00,96013.0,96039.0,95215.0,95687.0,251.22439702
2024-12-27 00:00:00,95666.0,96305.0,95295.0,96305.0,168.77585274
2024-12-27 04:00:00,96306.0,96739.0,94570.0,94988.0,365.48577406
2024-12-27 08:00:00,95003.0,97337.0,94986.0,96841.0,507.26631846
2024-12-27 12:00:00,96829.0,96923.0,93833.0,94437.0,478.79237228
2024-12-27 16:00:00,94428.0,94839.0,93282.0,94593.0,615.74065725
2024-12-27 20:00:00,94605.0,94680.0,93922.0,94168.0,280.18134766
2024-12-28 00:00:00,94159.0,94555.0,94026.0,94440.0,64.68857672
2024-12-28 04:00:00,94465.0,94623.0,94181.0,94231.0,69.14456452
2024-12-28 08:00:00,94236.0,94709.0,94170.0,94611.0,186.52840233
2024-12-28 12:00:00,94645.0,95146.0,94127.0,94293.0,188.38602838
2024-12-28 16:00:00,94315.0,95067.0,94236.0,94863.0,225.6973661
2024-12-28 20:00:00,94871.0,95529.0,94700.0,95139.0,105.06024298
2024-12-29 00:00:00,95119.0,95119.0,94681.0,95006.0,51.99479689
2024-12-29 04:00:00,94996.0,95101.0,94829.0,95101.0,40.24817386
2024-12-29 08:00:00,95101.0,95124.0,94885.0,94886.0,30.26192888
2024-12-29 12:00:00,94885.0,95056.0,93899.0,94351.0,387.87309726
2024-12-29 16:00:00,94352.0,94408.0,93237.0,93431.0,157.83621227
2024-12-29 20:00:00,93443.0,93757.0,92868.0,93557.0,183.59134005
2024-12-30 00:00:00,93564.0,94046.0,93200.0,93522.0,139.27814352
2024-12-30 04:00:00,93503.0,93820.0,93045.0,93579.0,129.85473655
2024-12-30 08:00:00,93555.0,93876.0,93313.0,93750.0,80.81226316
2024-12-30 12:00:00,93754.0,94091.0,91315.0,91929.0,695.49292598
2024-12-30 16:00:00,91933.0,94580.0,91635.0,94254.0,415.17971788
2024-12-30 20:00:00,94303.0,94891.0,91778.0,92628.0,380.42529683
2024-12-31 00:00:00,92637.0,92711.0,91900.0,92342.0,75.10172837
2024-12-31 04:00:00,92376.0,92885.0,92233.0,92713.0,72.27063326
2024-12-31 08:00:00,92723.0,94532.0,92711.0,94088.0,213.49296537
2024-12-31 12:00:00,94088.0,96117.0,94088.0,95285.0,402.41371892
2024-12-31 16:00:00,95322.0,95453.0,93081.0,94008.0,259.77918427
2024-12-31 20:00:00,94025.0,94059.0,93227.0,93381.0,105.76970658
2025-01-01 00:00:00,93347.0,94272.0,93318.0,93629.0,129.91451195
2025-01-01 04:00:00,93629.0,93668.0,93338.0,93475.0,63.83326418
2025-01-01 08:00:00,93495.0,93541.0,92768.0,93278.0,181.62154074
2025-01-01 12:00:00,93261.0,94281.0,93204.0,94240.0,157.34779153
2025-01-01 16:00:00,94213.0,94600.0,93562.0,94419.0,123.00282234
2025-01-01 20:00:00,94423.0,94951.0,94357.0,94388.0,121.41949473
2025-01-02 00:00:00,94380.0,95300.0,94205.0,94833.0,222.60762624
2025-01-02 04:00:00,94836.0,95811.0,94819.0,95700.0,124.96301364
2025-01-02 08:00:00,95699.0,96747.0,95489.0,96618.0,116.04497906
2025-01-02 12:00:00,96646.0,97284.0,95869.0,96363.0,364.12274778
2025-01-02 16:00:00,96401.0,97700.0,95964.0,97212.0,336.11214421
2025-01-02 20:00:00,97303.0,97745.0,96616.0,96907.0,55.34319651
2025-01-03 00:00:00,96895.0,97234.0,96585.0,96998.0,178.88323677
2025-01-03 04:00:00,96974.0,96974.0,96216.0,96247.0,57.28786348
2025-01-03 08:00:00,96226.0,96747.0,96042.0,96690.0,130.56238032
2025-01-03 12:00:00,96690.0,97588.0,96423.0,97461.0,352.38874333
2025-01-03 16:00:00,97455.0,98951.0,97364.0,98573.0,292.95136411
2025-01-03 20:00:00,98557.0,98731.0,98024.0,98133.0,147.34550994
2025-01-04 00:00:00,98133.0,98269.0,97787.0,98200.0,88.28292378
2025-01-04 04:00:00,98160.0,98289.0,97866.0,98215.0,45.60413797
2025-01-04 08:00:00,98237.0,98254.0,97540.0,97882.0,76.34136614
2025-01-04 12:00:00,97856.0,98127.0,97540.0,97683.0,104.54755064
2025-01-04 16:00:00,97660.0,98324.0,97577.0,98151.0,48.30816926
2025-01-04 20:00:00,98162.0,98753.0,98148.0,98209.0,82.40715557
2025-01-05 00:00:00,98218.0,98372.0,98039.0,98165.0,33.34563041
2025-01-05 04:00:00,98208.0,98481.0,98204.0,98257.0,57.56738097
2025-01-05 08:00:00,98256.0,98256.0,97582.0,97620.0,69.48755677
2025-01-05 12:00:00,97620.0,98210.0,97277.0,98005.0,117.47638025
2025-01-05 16:00:00,98008.0,98302.0,97588.0,98063.0,62.76800585
2025-01-05 20:00:00,98075.0,98799.0,97999.0,98327.0,114.07523732
2025-01-06 00:00:00,98389.0,99252.0,97919.0,99019.0,217.60970275
2025-01-06 04:00:00,99031.0,99857.0,99031.0,99279.0,76.22753218
2025-01-06 08:00:00,99277.0,99586.0,98683.0,99221.0,104.49385038
2025-01-06 12:00:00,99234.0,102496.0,98705.0,102138.0,614.61776295
2025-01-06 16:00:00,102183.0,102514.0,101306.0,101853.0,456.64492641
2025-01-06 20:00:00,101892.0,102407.0,101633.0,102280.0,273.01911726
2025-01-07 00:00:00,102278.0,102760.0,101557.0,101742.0,88.57882603
2025-01-07 04:00:00,101723.0,102017.0,101629.0,101664.0,55.093496
2025-01-07 08:00:00,101759.0,101989.0,100498.0,100855.0,128.49532246
2025-01-07 12:00:00,100860.0,100945.0,97124.0,97915.0,707.402984
2025-01-07 16:00:00,97914.0,98302.0,96296.0,96394.0,291.57035162
2025-01-07 20:00:00,96410.0,97200.0,96130.0,96946.0,219.45898711
2025-01-08 00:00:00,96922.0,97248.0,96216.0,96506.0,140.66268584
2025-01-08 04:00:00,96519.0,96620.0,95239.0,95630.0,194.07157603
2025-01-08 08:00:00,95610.0,96095.0,94511.0,95104.0,432.79354266
2025-01-08 12:00:00,95104.0,96030.0,94614.0,95458.0,452.8189584
2025-01-08 16:00:00,95459.0,95484.0,92502.0,94226.0,690.83598285
2025-01-08 20:00:00,94222.0,95274.0,93600.0,95065.0,169.86188172
2025-01-09 00:00:00,95034.0,95333.0,93439.0,93989.0,343.05957064
2025-01-09 04:00:00,93979.0,94570.0,93179.0,93179.0,92.01919362
2025-01-09 08:00:00,93181.0,93887.0,92679.0,93414.0,330.51223606
2025-01-09 12:00:00,93409.0,94532.0,91761.0,94223.0,410.43300028
2025-01-09 16:00:00,94221.0,94661.0,91916.0,91916.0,343.60907212
2025-01-09 20:00:00,91915.0,92703.0,91215.0,92542.0,358.16751597
2025-01-10 00:00:00,92545.0,93708.0,92465.0,93699.0,87.15770461
2025-01-10 04:00:00,93699.0,94976.0,93503.0,94517.0,262.72307734
2025-01-10 08:00:00,94511.0,95238.0,94430.0,95092.0,189.82802919
2025-01-10 12:00:00,95091.0,95174.0,92227.0,93739.0,899.99583571
2025-01-10 16:00:00,93726.0,95797.0,93200.0,95313.0,315.47790683
2025-01-10 20:00:00,95300.0,95430.0,94580.0,94702.0,43.78743847
2025-01-11 00:00:00,94702.0,94702.0,94102.0,94195.0,90.52968339
2025-01-11 04:00:00,94183.0,94396.0,93843.0,94216.0,49.43601753
2025-01-11 08:00:00,94252.0,94723.0,94032.0,94574.0,68.38785354
2025-01-11 12:00:00,94589.0,94606.0,94306.0,94379.0,38.87944644
2025-01-11 16:00:00,94425.0,94657.0,93944.0,94188.0,236.1675224
2025-01-11 20:00:00,94192.0,94975.0,94138.0,94568.0,156.47687768
2025-01-12 00:00:00,94573.0,94634.0,94283.0,94571.0,44.47756067
2025-01-12 04:00:00,94580.0,94604.0,94251.0,94277.0,46.79333183
2025-01-12 08:00:00,94282.0,94347.0,93685.0,94201.0,138.41075881
2025-01-12 12:00:00,94196.0,95363.0,94113.0,95029.0,136.96615526
2025-01-12 16:00:00,95027.0,95238.0,94550.0,94613.0,105.8008443
2025-01-12 20:00:00,94610.0,94768.0,93775.0,94497.0,98.53011575
2025-01-13 00:00:00,94498.0,95846.0,93871.0,94225.0,288.63239723
2025-01-13 04:00:00,94224.0,94828.0,93239.0,93479.0,165.59119825
2025-01-13 08:00:00,93521.0,93584.0,90754.0,90775.0,345.09713473
2025-01-13 12:00:00,90764.0,93062.0,89164.0,92102.0,795.54264455
2025-01-13 16:00:00,92133.0,92460.0,91197.0,92277.0,191.0064342
2025-01-13 20:00:00,92258.0,94669.0,91851.0,94505.0,339.99251838
2025-01-14 00:00:00,94537.0,95229.0,94345.0,94835.0,192.84323153
2025-01-14 04:00:00,94865.0,95421.0,94737.0,94832.0,85.44924181
2025-01-14 08:00:00,94827.0,97339.0,94827.0,96500.0,304.87648433
2025-01-14 12:00:00,96621.0,97188.0,95742.0,96437.0,404.52535047
2025-01-14 16:00:00,96420.0,97051.0,95332.0,96487.0,317.69403969
2025-01-14 20:00:00,96547.0,96863.0,96101.0,96523.0,172.42109543
2025-01-15 00:00:00,96560.0,97493.0,96474.0,97269.0,195.43166877
2025-01-15 04:00:00,97271.0,97657.0,96736.0,97269.0,110.53310812
2025-01-15 08:00:00,97279.0,97481.0,96515.0,96728.0,68.53309296
2025-01-15 12:00:00,96724.0,99769.0,96516.0,98985.0,708.82633316
2025-01-15 16:00:00,98986.0,99985.0,98623.0,99870.0,349.84622221
2025-01-15 20:00:00,99870.0,100715.0,99484.0,100512.0,378.64664073
2025-01-16 00:00:00,100512.0,100860.0,99168.0,99455.0,157.79355654
2025-01-16 04:00:00,99455.0,99869.0,99295.0,99772.0,58.20382073
2025-01-16 08:00:00,99781.0,99802.0,98622.0,99135.0,168.20861225
2025-01-16 12:00:00,99132.0,99466.0,97319.0,99251.0,486.79271791
2025-01-16 16:00:00,99251.0,100414.0,99075.0,100394.0,623.45534925
2025-01-16 20:00:00,100397.0,100640.0,99383.0,99975.0,323.32054906
2025-01-17 00:00:00,99975.0,102088.0,99944.0,100999.0,229.89819409
2025-01-17 04:00:00,100999.0,101848.0,100920.0,101461.0,195.30755047
2025-01-17 08:00:00,101431.0,102528.0,101429.0,102244.0,265.16953008
2025-01-17 12:00:00,102217.0,104360.0,102177.0,104053.0,980.31234179
2025-01-17 16:00:00,104047.0,105932.0,103885.0,105912.0,993.47525499
2025-01-17 20:00:00,105913.0,105928.0,104119.0,104119.0,423.23420925
2025-01-18 00:00:00,104119.0,104701.0,103053.0,103558.0,162.75056249
2025-01-18 04:00:00,103557.0,103718.0,102569.0,102771.0,291.22818043
2025-01-18 08:00:00,102769.0,103799.0,102238.0,103521.0,154.48501644
2025-01-18 12:00:00,103535.0,104909.0,103087.0,104500.0,302.34497365
2025-01-18 16:00:00,104501.0,104611.0,103088.0,104268.0,252.29230138
2025-01-18 20:00:00,104268.0,104604.0,103679.0,104436.0,143.3269937
2025-01-19 00:00:00,104432.0,105313.0,103920.0,104856.0,254.84199774
2025-01-19 04:00:00,104856.0,105490.0,104122.0,105002.0,326.38517702
2025-01-19 08:00:00,104995.0,105283.0,103310.0,104171.0,474.04374622
2025-01-19 12:00:00,104173.0,105524.0,104134.0,104801.0,320.58766775
2025-01-19 16:00:00,104778.0,106077.0,104394.0,106077.0,157.55878883
2025-01-19 20:00:00,106056.0,106294.0,99528.0,101237.0,1069.02495711
2025-01-20 00:00:00,101191.0,102154.0,99462.0,101804.0,188.6958095
2025-01-20 04:00:00,101801.0,109356.0,101430.0,106945.0,1051.29976722
2025-01-20 08:00:00,106954.0,109030.0,106927.0,108099.0,358.10783157
2025-01-20 12:00:00,108099.0,108563.0,104361.0,104791.0,637.74477111
2025-01-20 16:00:00,104853.0,106902.0,100482.0,103583.0,1454.01832518
2025-01-20 20:00:00,103566.0,104191.0,101630.0,102141.0,232.00256424
2025-01-21 00:00:00,102155.0,103116.0,100087.0,102809.0,403.81186117
2025-01-21 04:00:00,102809.0,102834.0,101023.0,101887.0,195.14323192
2025-01-21 08:00:00,101852.0,103857.0,101619.0,103673.0,241.19722928
2025-01-21 12:00:00,103653.0,105206.0,102726.0,103846.0,502.16210372
2025-01-21 16:00:00,103832.0,107265.0,103745.0,107061.0,1386.21826355
2025-01-21 20:00:00,107061.0,107227.0,105459.0,106149.0,329.87764462
2025-01-22 00:00:00,106149.0,106370.0,105466.0,105598.0,114.47230225
2025-01-22 04:00:00,105607.0,105921.0,105052.0,105064.0,125.71117275
2025-01-22 08:00:00,105064.0,105431.0,104650.0,105049.0,198.6814155
2025-01-22 12:00:00,105085.0,105541.0,103659.0,104200.0,651.06577426
2025-01-22 16:00:00,104182.0,104708.0,103322.0,104622.0,373.94767659
2025-01-22 20:00:00,104622.0,104796.0,103613.0,103632.0,249.67534692
2025-01-23 00:00:00,103659.0,103766.0,102046.0,102390.0,211.9412107
2025-01-23 04:00:00,102387.0,102890.0,101540.0,102634.0,375.42179054
2025-01-23 08:00:00,102640.0,102640.0,101233.0,101904.0,194.35917548
2025-01-23 12:00:00,101905.0,106010.0,101273.0,105247.0,996.00040439
2025-01-23 16:00:00,105295.0,106848.0,103452.0,103835.0,618.60336434
2025-01-23 20:00:00,103802.0,106445.0,102275.0,103933.0,1393.84709637
2025-01-24 00:00:00,103922.0,104279.0,102754.0,103885.0,136.95649822
2025-01-24 04:00:00,103884.0,105305.0,103802.0,105042.0,289.08847184
2025-01-24 08:00:00,105046.0,105753.0,104916.0,105421.0,88.36941857
2025-01-24 12:00:00,105432.0,106303.0,104690.0,105864.0,420.32330393
2025-01-24 16:00:00,105864.0,107149.0,105616.0,105830.0,452.48275131
2025-01-24 20:00:00,105792.0,105794.0,104478.0,104855.0,338.01325568
2025-01-25 00:00:00,104855.0,105223.0,104377.0,105145.0,226.71449866
2025-01-25 04:00:00,105098.0,105122.0,104211.0,104342.0,218.53765444
2025-01-25 08:00:00,104342.0,104658.0,104126.0,104656.0,71.48334566
2025-01-25 12:00:00,104655.0,105072.0,104452.0,104904.0,65.23335147
2025-01-25 16:00:00,104902.0,105237.0,104470.0,105037.0,91.92029827
2025-01-25 20:00:00,105034.0,105237.0,104679.0,104738.0,62.00143653
2025-01-26 00:00:00,104741.0,105186.0,104520.0,105037.0,66.02928685
2025-01-26 04:00:00,105036.0,105424.0,104935.0,104975.0,62.79014927
2025-01-26 08:00:00,104973.0,105187.0,104445.0,104809.0,109.4641816
2025-01-26 12:00:00,104808.0,105048.0,104698.0,104953.0,38.31451485
2025-01-26 16:00:00,104953.0,105224.0,104909.0,105076.0,51.66997331
2025-01-26 20:00:00,105076.0,105161.0,102450.0,102573.0,470.07321309
2025-01-27 00:00:00,102573.0,103186.0,100682.0,101354.0,435.31535862
2025-01-27 04:00:00,101358.0,101361.0,97750.0,99025.0,558.37908925
2025-01-27 08:00:00,99021.0,99491.0,98223.0,98750.0,312.61026682
2025-01-27 12:00:00,98787.0,102311.0,98679.0,101105.0,938.05699676
2025-01-27 16:00:00,101119.0,101230.0,98823.0,99644.0,355.2243759
2025-01-27 20:00:00,99643.0,102366.0,99573.0,102090.0,610.54016686
2025-01-28 00:00:00,102065.0,102865.0,101335.0,102629.0,257.55661967
2025-01-28 04:00:00,102630.0,103347.0,102545.0,102808.0,180.01391431
2025-01-28 08:00:00,102808.0,103173.0,102410.0,102779.0,137.56861688
2025-01-28 12:00:00,102757.0,103745.0,101820.0,102765.0,511.86686169
2025-01-28 16:00:00,102793.0,103075.0,101803.0,102401.0,310.12704552
2025-01-28 20:00:00,102400.0,102515.0,100225.0,101292.0,324.5401542
2025-01-29 00:00:00,101291.0,102248.0,101288.0,102011.0,96.1639383
2025-01-29 04:00:00,102004.0,102791.0,101937.0,102687.0,94.22142831
2025-01-29 08:00:00,102709.0,102953.0,102164.0,102585.0,110.67670005
2025-01-29 12:00:00,102591.0,102761.0,101565.0,101969.0,309.87567231
2025-01-29 16:00:00,101968.0,103971.0,101360.0,103586.0,416.80007646
2025-01-29 20:00:00,103583.0,104769.0,102866.0,103747.0,508.1938439
2025-01-30 00:00:00,103768.0,105279.0,103313.0,105232.0,291.76332797
2025-01-30 04:00:00,105220.0,105563.0,104846.0,105131.0,155.26092494
2025-01-30 08:00:00,105148.0,105515.0,104948.0,105295.0,132.09457678
2025-01-30 12:00:00,105298.0,106447.0,104651.0,105584.0,542.8011762
2025-01-30 16:00:00,105614.0,106010.0,104782.0,105713.0,270.95950477
2025-01-30 20:00:00,105732.0,105844.0,104709.0,104738.0,150.25979129
2025-01-31 00:00:00,104737.0,105023.0,103944.0,104337.0,167.2717797
2025-01-31 04:00:00,104337.0,104783.0,103983.0,104188.0,117.83413806
2025-01-31 08:00:00,104189.0,104834.0,103925.0,104752.0,78.8983896
2025-01-31 12:00:00,104732.0,106046.0,104119.0,105473.0,643.23037992
2025-01-31 16:00:00,105460.0,105597.0,102066.0,102271.0,592.60753767
2025-01-31 20:00:00,102252.0,102452.0,101303.0,102412.0,416.67013421
2025-02-01 00:00:00,102408.0,102754.0,102189.0,102225.0,67.79106259
2025-02-01 04:00:00,102226.0,102557.0,102124.0,102148.0,63.7770443
2025-02-01 08:00:00,102148.0,102259.0,101418.0,102005.0,204.75625799
2025-02-01 12:00:00,102005.0,102285.0,101723.0,102052.0,120.41898385
2025-02-01 16:00:00,102052.0,102257.0,101456.0,101663.0,76.87706114
2025-02-01 20:00:00,101663.0,101663.0,100270.0,100638.0,251.86870696
2025-02-02 00:00:00,100638.0,101430.0,99150.0,99174.0,180.41776534
2025-02-02 04:00:00,99180.0,100473.0,99038.0,99605.0,173.95390325
2025-02-02 08:00:00,99601.0,100063.0,98646.0,98796.0,201.28316909
2025-02-02 12:00:00,98842.0,99395.0,98141.0,99337.0,243.4916988
2025-02-02 16:00:00,99343.0,99343.0,96800.0,98214.0,554.4334138
2025-02-02 20:00:00,98215.0,98579.0,96168.0,97675.0,394.3982567
2025-02-03 00:00:00,97670.0,97718.0,91530.0,94071.0,879.04653244
2025-02-03 04:00:00,94084.0,95520.0,92746.0,95440.0,354.20252299
2025-02-03 08:00:00,95407.0,96037.0,94888.0,95176.0,314.89445541
2025-02-03 12:00:00,95254.0,99621.0,94238.0,99031.0,1171.59667626
2025-02-03 16:00:00,99010.0,102065.0,98161.0,102065.0,863.0676086
2025-02-03 20:00:00,102070.0,102569.0,101045.0,101457.0,499.07622507
2025-02-04 00:00:00,101456.0,101785.0,100651.0,100710.0,193.12647747
2025-02-04 04:00:00,100711.0,100853.0,98374.0,98550.0,352.41820463
2025-02-04 08:00:00,98550.0,99514.0,97962.0,99056.0,194.72430886
2025-02-04 12:00:00,99111.0,100474.0,98379.0,99446.0,527.34474755
2025-02-04 16:00:00,99440.0,100846.0,98840.0,98955.0,314.84020222
2025-02-04 20:00:00,98952.0,99481.0,96147.0,97786.0,485.7134503
2025-02-05 00:00:00,97809.0,98937.0,97187.0,98091.0,158.43501032
2025-02-05 04:00:00,98079.0,98372.0,97398.0,97909.0,85.06639772
2025-02-05 08:00:00,97909.0,98291.0,97318.0,98271.0,131.99076022
2025-02-05 12:00:00,98292.0,99168.0,97798.0,98156.0,272.57969092
2025-02-05 16:00:00,98149.0,98299.0,96512.0,97383.0,598.8746428
2025-02-05 20:00:00,97430.0,97748.0,96181.0,96614.0,329.97572543
2025-02-06 00:00:00,96614.0,97481.0,96471.0,97373.0,111.6651106
2025-02-06 04:00:00,97373.0,98444.0,97286.0,98210.0,136.1761378
2025-02-06 08:00:00,98217.0,99174.0,97968.0,98931.0,287.22367526
2025-02-06 12:00:00,98931.0,99098.0,96974.0,97354.0,334.75951248
2025-02-06 16:00:00,97348.0,97587.0,95678.0,95995.0,537.24773309
2025-02-06 20:00:00,95993.0,97076.0,95819.0,96573.0,316.85304148
2025-02-07 00:00:00,96566.0,97784.0,96421.0,97450.0,142.70824183
2025-02-07 04:00:00,97450.0,97880.0,96631.0,96772.0,131.43514017
2025-02-07 08:00:00,96772.0,97766.0,96666.0,97766.0,83.94903644
2025-02-07 12:00:00,97766.0,100185.0,97250.0,98308.0,1084.39783898
2025-02-07 16:00:00,98324.0,98603.0,96914.0,96914.0,145.15874077
2025-02-07 20:00:00,96939.0,96940.0,95662.0,96535.0,349.28267955
2025-02-08 00:00:00,96534.0,96896.0,96382.0,96724.0,41.28039779
2025-02-08 04:00:00,96715.0,96715.0,95800.0,96213.0,114.95191308
2025-02-08 08:00:00,96213.0,96295.0,95869.0,96111.0,70.44452773
2025-02-08 12:00:00,96110.0,96479.0,95700.0,95840.0,121.93578664
2025-02-08 16:00:00,95835.0,96747.0,95747.0,96606.0,111.97715111
2025-02-08 20:00:00,96607.0,96712.0,96377.0,96472.0,155.12265604
2025-02-09 00:00:00,96472.0,97318.0,96400.0,97318.0,142.03250047
2025-02-09 04:00:00,97318.0,97337.0,96817.0,97088.0,67.37919284
2025-02-09 08:00:00,97074.0,97293.0,96593.0,96607.0,80.67880874
2025-02-09 12:00:00,96596.0,96729.0,95765.0,96528.0,110.2300076
2025-02-09 16:00:00,96504.0,96601.0,95927.0,96084.0,77.64066088
2025-02-09 20:00:00,96083.0,96745.0,94726.0,96477.0,530.70753663
2025-02-10 00:00:00,96533.0,97131.0,95307.0,96781.0,221.19894271
2025-02-10 04:00:00,96825.0,97642.0,96665.0,97435.0,131.26836456
2025-02-10 08:00:00,97433.0,97962.0,97386.0,97691.0,83.60868323
2025-02-10 12:00:00,97766.0,98349.0,96913.0,97262.0,212.90942479
2025-02-10 16:00:00,97260.0,97657.0,96903.0,97401.0,188.0007516
2025-02-10 20:00:00,97400.0,97521.0,97143.0,97469.0,157.12271187
2025-02-11 00:00:00,97465.0,98129.0,97447.0,97653.0,109.56946231
2025-02-11 04:00:00,97645.0,98490.0,97571.0,98290.0,187.06132065
2025-02-11 08:00:00,98286.0,98344.0,97916.0,98172.0,58.99625736
2025-02-11 12:00:00,98161.0,98161.0,96631.0,97003.0,259.09972161
2025-02-11 16:00:00,97041.0,97049.0,94853.0,95022.0,364.81282238
2025-02-11 20:00:00,95020.0,96480.0,94923.0,95754.0,304.93182654
2025-02-12 00:00:00,95756.0,96214.0,95079.0,95261.0,109.64383108
2025-02-12 04:00:00,95261.0,96157.0,95242.0,96059.0,61.84546516
2025-02-12 08:00:00,96058.0,96434.0,95917.0,96083.0,93.71528892
2025-02-12 12:00:00,96120.0,96596.0,94091.0,95784.0,541.14718477
2025-02-12 16:00:00,95808.0,97694.0,95106.0,97177.0,319.65690316
2025-02-12 20:00:00,97216.0,98144.0,96876.0,97882.0,350.46181906
2025-02-13 00:00:00,97882.0,98091.0,97389.0,97516.0,35.02729653
2025-02-13 04:00:00,97517.0,97580.0,95834.0,96050.0,132.12162359
2025-02-13 08:00:00,96081.0,96342.0,95605.0,95926.0,114.80937655
2025-02-13 12:00:00,95926.0,96453.0,95364.0,95989.0,293.263082
2025-02-13 16:00:00,96000.0,96387.0,95249.0,95607.0,160.79457247
2025-02-13 20:00:00,95623.0,96747.0,95614.0,96627.0,121.74298415
2025-02-14 00:00:00,96631.0,97197.0,96387.0,97132.0,80.63297646
2025-02-14 04:00:00,97138.0,97243.0,96596.0,96956.0,65.3733253
2025-02-14 08:00:00,96956.0,97189.0,96817.0,96904.0,99.28231883
2025-02-14 12:00:00,96904.0,97574.0,96300.0,96927.0,346.57126478
2025-02-14 16:00:00,96928.0,98871.0,96524.0,97990.0,516.77825505
2025-02-14 20:00:00,97988.0,98307.0,96750.0,97520.0,142.63454718
2025-02-15 00:00:00,97515.0,97974.0,97237.0,97680.0,83.63387001
2025-02-15 04:00:00,97679.0,97804.0,97379.0,97379.0,31.62858879
2025-02-15 08:00:00,97377.0,97739.0,97330.0,97632.0,47.00837435
2025-02-15 12:00:00,97633.0,97936.0,97447.0,97649.0,66.45929555
2025-02-15 16:00:00,97649.0,97715.0,97331.0,97540.0,43.3982841
2025-02-15 20:00:00,97558.0,97739.0,97434.0,97591.0,63.61639128
2025-02-16 00:00:00,97591.0,97727.0,97447.0,97553.0,29.01840405
2025-02-16 04:00:00,97552.0,97668.0,97225.0,97240.0,41.16272951
2025-02-16 08:00:00,97262.0,97388.0,97077.0,97347.0,46.80456064
2025-02-16 12:00:00,97347.0,97347.0,96689.0,96921.0,96.0080146
2025-02-16 16:00:00,96920.0,97166.0,96686.0,97074.0,74.0571783
2025-02-16 20:00:00,97073.0,97271.0,96066.0,96132.0,158.52292436
2025-02-17 00:00:00,96066.0,96631.0,96054.0,96234.0,39.90522672
2025-02-17 04:00:00,96234.0,96457.0,95836.0,96078.0,137.99071833
2025-02-17 08:00:00,96077.0,96388.0,95962.0,96066.0,91.09589221
2025-02-17 12:00:00,96066.0,97014.0,95583.0,95670.0,157.96254781
2025-02-17 16:00:00,95668.0,95938.0,95227.0,95555.0,242.8069086
2025-02-17 20:00:00,95540.0,96411.0,95493.0,95772.0,130.87677767
2025-02-18 00:00:00,95779.0,96313.0,95571.0,96202.0,59.39116246
2025-02-18 04:00:00,96197.0,96284.0,95261.0,95458.0,74.49829608
2025-02-18 08:00:00,95439.0,95845.0,95101.0,95604.0,148.51893032
2025-02-18 12:00:00,95606.0,96714.0,95178.0,95513.0,338.30813625
2025-02-18 16:00:00,95472.0,95592.0,93340.0,94025.0,558.98330254
2025-02-18 20:00:00,94046.0,95616.0,93696.0,95612.0,235.82919632
2025-02-19 00:00:00,95612.0,95880.0,95011.0,95666.0,168.38797538
2025-02-19 04:00:00,95664.0,95798.0,95033.0,95665.0,97.57185411
2025-02-19 08:00:00,95665.0,96430.0,95599.0,96406.0,104.52369185
2025-02-19 12:00:00,96423.0,96677.0,95539.0,95915.0,388.57355614
2025-02-19 16:00:00,95916.0,96471.0,95410.0,96203.0,355.2703419
2025-02-19 20:00:00,96178.0,96866.0,96047.0,96642.0,305.77730823
2025-02-20 00:00:00,96639.0,97353.0,96439.0,97084.0,122.59925861
2025-02-20 04:00:00,97080.0,97333.0,96806.0,96889.0,151.81717502
2025-02-20 08:00:00,96887.0,97376.0,96818.0,97211.0,92.9192778
2025-02-20 12:00:00,97211.0,98058.0,96840.0,96871.0,570.3770352
2025-02-20 16:00:00,96939.0,98561.0,96919.0,98459.0,513.72596867
2025-02-20 20:00:00,98456.0,98758.0,98056.0,98337.0,230.13778605
2025-02-21 00:00:00,98335.0,98536.0,98127.0,98162.0,131.43525151
2025-02-21 04:00:00,98166.0,98622.0,98156.0,98211.0,148.49714261
2025-02-21 08:00:00,98211.0,98952.0,98139.0,98656.0,196.21747006
2025-02-21 12:00:00,98656.0,99508.0,97172.0,98128.0,1017.54249102
2025-02-21 16:00:00,98133.0,98760.0,95178.0,95222.0,699.99300945
2025-02-21 20:00:00,95236.0,96145.0,94805.0,96131.0,645.09025433
2025-02-22 00:00:00,96137.0,96469.0,95750.0,96284.0,233.6106521
2025-02-22 04:00:00,96284.0,96563.0,96280.0,96296.0,101.00372617
2025-02-22 08:00:00,96297.0,96580.0,96137.0,96572.0,100.40549368
2025-02-22 12:00:00,96571.0,96967.0,96506.0,96598.0,147.76966175
2025-02-22 16:00:00,96597.0,96805.0,96379.0,96630.0,152.31845402
2025-02-22 20:00:00,96629.0,96712.0,96521.0,96572.0,60.61463852
2025-02-23 00:00:00,96571.0,96666.0,96403.0,96448.0,76.63418535
2025-02-23 04:00:00,96447.0,96572.0,96170.0,96529.0,94.0154583
2025-02-23 08:00:00,96527.0,96527.0,96111.0,96124.0,43.83046961
2025-02-23 12:00:00,96127.0,96163.0,95448.0,95457.0,121.95508392
2025-02-23 16:00:00,95446.0,95879.0,95260.0,95768.0,77.6710766
2025-02-23 20:00:00,95767.0,96319.0,95559.0,96262.0,125.80820152
2025-02-24 00:00:00,96264.0,96492.0,95342.0,95476.0,122.07661257
2025-02-24 04:00:00,95425.0,95949.0,95091.0,95896.0,121.96894331
2025-02-24 08:00:00,95895.0,96158.0,95395.0,95846.0,207.3846725
2025-02-24 12:00:00,95845.0,96076.0,93833.0,94304.0,441.25917397
2025-02-24 16:00:00,94316.0,95175.0,93685.0,93942.0,175.24856059
2025-02-24 20:00:00,93938.0,94540.0,91330.0,91554.0,624.20945091
2025-02-25 00:00:00,91516.0,92512.0,90928.0,92137.0,540.52120759
2025-02-25 04:00:00,92137.0,92310.0,87629.0,89342.0,824.07260542
2025-02-25 08:00:00,89197.0,89973.0,86314.0,89211.0,985.65193524
2025-02-25 12:00:00,89211.0,89507.0,85953.0,87070.0,465.13702669
2025-02-25 16:00:00,87123.0,87964.0,86055.0,87824.0,845.42281413
2025-02-25 20:00:00,87827.0,89386.0,87510.0,88576.0,623.81987372
2025-02-26 00:00:00,88573.0,89279.0,88046.0,88804.0,158.51714235
2025-02-26 04:00:00,88803.0,89128.0,88313.0,88636.0,169.58402688
2025-02-26 08:00:00,88632.0,89241.0,88107.0,88585.0,192.08077838
2025-02-26 12:00:00,88557.0,88615.0,85341.0,87457.0,675.47358769
2025-02-26 16:00:00,87468.0,87689.0,83365.0,83764.0,1023.94797538
2025-02-26 20:00:00,83763.0,85247.0,82133.0,84071.0,899.15127214
2025-02-27 00:00:00,84150.0,85317.0,83937.0,85151.0,381.67085645
2025-02-27 04:00:00,85127.0,86625.0,84622.0,86204.0,277.91915385
2025-02-27 08:00:00,86203.0,86988.0,85797.0,86620.0,242.15245784
2025-02-27 12:00:00,86620.0,86715.0,84590.0,85439.0,498.1348885
2025-02-27 16:00:00,85439.0,85606.0,83501.0,83983.0,495.19469287
2025-02-27 20:00:00,84005.0,84802.0,82615.0,84639.0,664.87703482
2025-02-28 00:00:00,84621.0,84798.0,79500.0,80348.0,1222.493167
2025-02-28 04:00:00,80346.0,80857.0,78764.0,79104.0,520.14692866
2025-02-28 08:00:00,79100.0,80776.0,78197.0,80470.0,491.8028563
2025-02-28 12:00:00,80466.0,84439.0,80025.0,84036.0,588.62288753
2025-02-28 16:00:00,84001.0,85082.0,83180.0,84460.0,517.76332545
2025-02-28 20:00:00,84412.0,84768.0,83592.0,84321.0,226.53880847
2025-03-01 00:00:00,84316.0,85600.0,83803.0,85292.0,271.81059714
2025-03-01 04:00:00,85317.0,86517.0,84713.0,84713.0,414.33840155
2025-03-01 08:00:00,84712.0,85483.0,84358.0,84600.0,157.92117609
2025-03-01 12:00:00,84605.0,84907.0,84317.0,84761.0,71.87043368
2025-03-01 16:00:00,84763.0,85504.0,84656.0,85436.0,228.46846558
2025-03-01 20:00:00,85439.0,86227.0,85274.0,86033.0,317.55694303
2025-03-02 00:00:00,86031.0,86448.0,85612.0,85841.0,110.65989817
2025-03-02 04:00:00,85840.0,86508.0,85510.0,86210.0,82.46056342
2025-03-02 08:00:00,86210.0,86217.0,85653.0,86079.0,68.06362579
2025-03-02 12:00:00,86078.0,88632.0,85029.0,87420.0,848.94938333
2025-03-02 16:00:00,87414.0,95152.0,87303.0,93533.0,1700.00529332
2025-03-02 20:00:00,93527.0,94848.0,93519.0,94273.0,342.89088599
2025-03-03 00:00:00,94272.0,94422.0,92431.0,92697.0,295.56659715
2025-03-03 04:00:00,92675.0,93315.0,91169.0,92362.0,332.27086697
2025-03-03 08:00:00,92320.0,92871.0,91135.0,92713.0,220.7125619
2025-03-03 12:00:00,92688.0,93695.0,89111.0,89989.0,967.82499459
2025-03-03 16:00:00,89993.0,90929.0,85500.0,85536.0,728.3644162
2025-03-03 20:00:00,85537.0,86968.0,85069.0,86160.0,311.96480758
2025-03-04 00:00:00,86161.0,86727.0,82450.0,83920.0,799.17581318
2025-03-04 04:00:00,83929.0,84496.0,83112.0,83142.0,136.4494302
2025-03-04 08:00:00,83141.0,84310.0,83002.0,83911.0,254.74832139
2025-03-04 12:00:00,83908.0,84872.0,81463.0,82922.0,916.83127177
2025-03-04 16:00:00,82915.0,88482.0,81989.0,88221.0,638.50300957
2025-03-04 20:00:00,88210.0,88922.0,86583.0,87240.0,460.49786424
2025-03-05 00:00:00,87262.0,87850.0,86397.0,86765.0,167.42432873
2025-03-05 04:00:00,86824.0,87681.0,86720.0,87597.0,97.7997444
2025-03-05 08:00:00,87600.0,90623.0,87588.0,89829.0,562.8269346
2025-03-05 12:00:00,89802.0,90917.0,87916.0,88323.0,436.77205903
2025-03-05 16:00:00,88329.0,90445.0,87564.0,89734.0,417.47336966
2025-03-05 20:00:00,89741.0,90993.0,89670.0,90611.0,150.36896932
2025-03-06 00:00:00,90590.0,92010.0,89995.0,91563.0,348.00436559
2025-03-06 04:00:00,91609.0,92790.0,91254.0,91343.0,177.20072622
2025-03-06 08:00:00,91342.0,91649.0,90638.0,91339.0,181.03068577
2025-03-06 12:00:00,91350.0,91442.0,89134.0,90847.0,561.74894156
2025-03-06 16:00:00,90873.0,91056.0,87835.0,88512.0,424.63328133
2025-03-06 20:00:00,88544.0,90777.0,88476.0,89918.0,477.07172425
2025-03-07 00:00:00,89922.0,91277.0,84713.0,86968.0,963.33570308
2025-03-07 04:00:00,86981.0,88598.0,86848.0,88353.0,174.99133342
2025-03-07 08:00:00,88365.0,89679.0,87992.0,88957.0,277.66483805
2025-03-07 12:00:00,88979.0,91081.0,88054.0,88454.0,979.31480784
2025-03-07 16:00:00,88435.0,89000.0,86563.0,87772.0,381.47947317
2025-03-07 20:00:00,87788.0,88442.0,85593.0,86759.0,509.9939991
2025-03-08 00:00:00,86754.0,86861.0,85190.0,85897.0,159.98287779
2025-03-08 04:00:00,85897.0,86622.0,85638.0,86179.0,83.6417831
2025-03-08 08:00:00,86180.0,86436.0,85756.0,85922.0,43.52924771
2025-03-08 12:00:00,85921.0,86582.0,85809.0,86367.0,94.53277854
2025-03-08 16:00:00,86367.0,86449.0,85653.0,86199.0,119.69413206
2025-03-08 20:00:00,86212.0,86469.0,85852.0,86192.0,78.36829184
2025-03-09 00:00:00,86204.0,86469.0,85952.0,86145.0,54.34628109
2025-03-09 04:00:00,86088.0,86117.0,85811.0,85959.0,34.57209074
2025-03-09 08:00:00,85937.0,86036.0,84662.0,85003.0,162.90496892
2025-03-09 12:00:00,85000.0,85000.0,82763.0,83059.0,417.09047018
2025-03-09 16:00:00,83038.0,83703.0,82201.0,82628.0,370.43474934
2025-03-09 20:00:00,82615.0,83509.0,80000.0,80708.0,670.8308276
2025-03-10 00:00:00,80728.0,82730.0,80077.0,82028.0,358.89640664
2025-03-10 04:00:00,82031.0,82764.0,81983.0,82317.0,151.18069491
2025-03-10 08:00:00,82326.0,84007.0,81180.0,83483.0,610.88228899
2025-03-10 12:00:00,83575.0,83752.0,79170.0,80004.0,808.92072666
2025-03-10 16:00:00,80012.0,80192.0,77393.0,78938.0,768.52468684
2025-03-10 20:00:00,78898.0,79835.0,78366.0,78561.0,279.38788352
2025-03-11 00:00:00,78599.0,79861.0,76600.0,79492.0,672.22020756
2025-03-11 04:00:00,79486.0,80589.0,79443.0,80431.0,223.42208935
2025-03-11 08:00:00,80404.0,82050.0,80324.0,81710.0,396.14688353
2025-03-11 12:00:00,81710.0,82154.0,79031.0,81173.0,776.53406049
2025-03-11 16:00:00,81191.0,83568.0,80619.0,83107.0,475.27421627
2025-03-11 20:00:00,83125.0,83285.0,82547.0,82869.0,112.96625458
2025-03-12 00:00:00,82941.0,83733.0,82089.0,82091.0,233.05931002
2025-03-12 04:00:00,82089.0,82486.0,81268.0,82409.0,410.12427898
2025-03-12 08:00:00,82395.0,83035.0,82016.0,82983.0,215.31444079
2025-03-12 12:00:00,82983.0,84437.0,80607.0,81713.0,1101.11391279
2025-03-12 16:00:00,81707.0,83122.0,81599.0,82930.0,391.63301149
2025-03-12 20:00:00,82908.0,83867.0,82696.0,83620.0,117.97351546
2025-03-13 00:00:00,83677.0,84287.0,83310.0,83543.0,264.78356263
2025-03-13 04:00:00,83551.0,83691.0,82854.0,83133.0,92.3649891
2025-03-13 08:00:00,83147.0,83492.0,82417.0,82957.0,267.88422949
2025-03-13 12:00:00,82917.0,83849.0,80948.0,81044.0,547.91546213
2025-03-13 16:00:00,81034.0,81231.0,79910.0,80128.0,502.78595051
2025-03-13 20:00:00,80158.0,81434.0,80158.0,81079.0,154.26669782
2025-03-14 00:00:00,81084.0,82229.0,80801.0,81877.0,189.29386266
2025-03-14 04:00:00,81877.0,82417.0,81777.0,82180.0,79.21922917
2025-03-14 08:00:00,82180.0,83322.0,82180.0,83248.0,185.64418014
2025-03-14 12:00:00,83237.0,85294.0,82638.0,84724.0,880.72159013
2025-03-14 16:00:00,84724.0,84955.0,83964.0,84559.0,492.12149814
2025-03-14 20:00:00,84564.0,84564.0,83722.0,83975.0,159.99475353
2025-03-15 00:00:00,83984.0,84672.0,83984.0,84496.0,107.69902336
2025-03-15 04:00:00,84495.0,84571.0,83833.0,83844.0,77.91069799
2025-03-15 08:00:00,83856.0,84166.0,83633.0,84111.0,113.44792178
2025-03-15 12:00:00,84097.0,84478.0,84024.0,84344.0,67.30563473
2025-03-15 16:00:00,84388.0,84479.0,84116.0,84302.0,34.35718156
2025-03-15 20:00:00,84307.0,84449.0,84243.0,84347.0,85.4696427
2025-03-16 00:00:00,84362.0,84378.0,83753.0,84323.0,127.9400113
2025-03-16 04:00:00,84313.0,84409.0,83960.0,84261.0,69.91345789
2025-03-16 08:00:00,84266.0,84340.0,82397.0,82405.0,333.29994645
2025-03-16 12:00:00,82404.0,83442.0,82404.0,83323.0,216.78574081
2025-03-16 16:00:00,83343.0,85059.0,82593.0,83093.0,305.64332317
2025-03-16 20:00:00,83105.0,83404.0,81983.0,82555.0,124.61986391
2025-03-17 00:00:00,82569.0,83709.0,82521.0,83709.0,161.6930666
2025-03-17 04:00:00,83713.0,83853.0,82691.0,83564.0,132.35850902
2025-03-17 08:00:00,83540.0,83743.0,83188.0,83502.0,84.40885131
2025-03-17 12:00:00,83486.0,83952.0,82466.0,83522.0,468.08456267
2025-03-17 16:00:00,83528.0,84741.0,83116.0,84452.0,234.54184156
2025-03-17 20:00:00,84390.0,84390.0,83763.0,84058.0,117.80956489
2025-03-18 00:00:00,83930.0,83989.0,82954.0,83136.0,198.09395727
2025-03-18 04:00:00,83079.0,83265.0,82259.0,83160.0,200.22503935
2025-03-18 08:00:00,83146.0,83440.0,82512.0,82587.0,148.2622314
2025-03-18 12:00:00,82542.0,82803.0,81138.0,81606.0,409.59046137
2025-03-18 16:00:00,81587.0,82473.0,81259.0,82302.0,274.60739107
2025-03-18 20:00:00,82306.0,82784.0,81867.0,82715.0,59.43597287
2025-03-19 00:00:00,82694.0,83222.0,82567.0,83039.0,151.17806262
2025-03-19 04:00:00,83054.0,83352.0,82789.0,83181.0,115.62913639
2025-03-19 08:00:00,83226.0,84075.0,83207.0,83863.0,140.80288909
2025-03-19 12:00:00,83916.0,84871.0,83552.0,84753.0,302.28568701
2025-03-19 16:00:00,84803.0,85950.0,83596.0,85467.0,825.60109606
2025-03-19 20:00:00,85466.0,87010.0,85231.0,86868.0,391.11266374
2025-03-20 00:00:00,86870.0,87470.0,85649.0,85906.0,362.85290139
2025-03-20 04:00:00,85895.0,86003.0,85443.0,85811.0,96.03746736
2025-03-20 08:00:00,85829.0,86293.0,84784.0,85463.0,192.36330607
2025-03-20 12:00:00,85478.0,86479.0,84561.0,84649.0,677.10240362
2025-03-20 16:00:00,84798.0,84877.0,83631.0,84149.0,434.25808757
2025-03-20 20:00:00,84133.0,84570.0,83880.0,84158.0,114.51818944
2025-03-21 00:00:00,84179.0,84801.0,84153.0,84421.0,87.74111772
2025-03-21 04:00:00,84421.0,84773.0,83713.0,83898.0,91.09348505
2025-03-21 08:00:00,83901.0,84277.0,83713.0,84012.0,110.11878191
2025-03-21 12:00:00,84010.0,84297.0,83142.0,83513.0,600.52862941
2025-03-21 16:00:00,83519.0,84398.0,83335.0,83927.0,153.8103794
2025-03-21 20:00:00,83927.0,84530.0,83787.0,84061.0,103.21543644
2025-03-22 00:00:00,84050.0,84287.0,83965.0,84223.0,42.2604732
2025-03-22 04:00:00,84217.0,84378.0,84143.0,84250.0,27.47809328
2025-03-22 08:00:00,84250.0,84490.0,84116.0,84206.0,76.36891734
2025-03-22 12:00:00,84207.0,84276.0,83964.0,84107.0,45.86529271
2025-03-22 16:00:00,84107.0,84304.0,84051.0,84169.0,34.80753414
2025-03-22 20:00:00,84167.0,84202.0,83682.0,83823.0,90.08453924
2025-03-23 00:00:00,83806.0,84247.0,83806.0,84201.0,65.67220121
2025-03-23 04:00:00,84136.0,84306.0,84075.0,84272.0,19.61269157
2025-03-23 08:00:00,84294.0,84988.0,84253.0,84651.0,92.19080485
2025-03-23 12:00:00,84652.0,85233.0,84581.0,85170.0,206.93349144
2025-03-23 16:00:00,85176.0,85387.0,84816.0,84996.0,87.40872393
2025-03-23 20:00:00,84996.0,86116.0,84929.0,86084.0,178.09606591
2025-03-24 00:00:00,86084.0,86629.0,85541.0,86551.0,181.44476569
2025-03-24 04:00:00,86550.0,87280.0,86550.0,86882.0,126.66814217
2025-03-24 08:00:00,86880.0,87839.0,86861.0,87699.0,114.8700924
2025-03-24 12:00:00,87699.0,88772.0,87146.0,88346.0,759.22912003
2025-03-24 16:00:00,88350.0,88546.0,87706.0,88274.0,388.38467054
2025-03-24 20:00:00,88273.0,88506.0,87103.0,87512.0,317.73734058
2025-03-25 00:00:00,87488.0,87681.0,86366.0,86529.0,157.8588709
2025-03-25 04:00:00,86529.0,86875.0,86321.0,86441.0,125.6341601
2025-03-25 08:00:00,86441.0,87496.0,86415.0,87378.0,146.5168439
2025-03-25 12:00:00,87379.0,88272.0,86959.0,87817.0,819.62956324
2025-03-25 16:00:00,87803.0,88336.0,87618.0,88139.0,432.39170627
2025-03-25 20:00:00,88139.0,88539.0,87189.0,87436.0,452.74100884
2025-03-26 00:00:00,87448.0,87896.0,87074.0,87169.0,129.41744623
2025-03-26 04:00:00,87176.0,88296.0,87106.0,88157.0,102.74978859
2025-03-26 08:00:00,88157.0,88283.0,87862.0,87992.0,64.78259277
2025-03-26 12:00:00,87992.0,88040.0,86469.0,86771.0,848.1124478
2025-03-26 16:00:00,86769.0,87060.0,85869.0,86587.0,173.23374126
2025-03-26 20:00:00,86587.0,87421.0,86526.0,86913.0,234.66375611
2025-03-27 00:00:00,86966.0,87755.0,86809.0,87687.0,60.2777544
2025-03-27 04:00:00,87696.0,87714.0,87283.0,87425.0,66.24177033
2025-03-27 08:00:00,87424.0,87597.0,86813.0,86958.0,91.82552206
2025-03-27 12:00:00,86952.0,87575.0,85828.0,86958.0,857.7122659
2025-03-27 16:00:00,86958.0,87417.0,86794.0,87027.0,116.87440954
2025-03-27 20:00:00,87058.0,87702.0,86927.0,87219.0,96.44117487
2025-03-28 00:00:00,87224.0,87481.0,86746.0,86788.0,115.88595887
2025-03-28 04:00:00,86782.0,86812.0,85140.0,85167.0,252.39939085
2025-03-28 08:00:00,85167.0,85405.0,84784.0,85212.0,187.77312305
2025-03-28 12:00:00,85212.0,85540.0,83920.0,83993.0,394.05963464
2025-03-28 16:00:00,83997.0,84142.0,83544.0,83714.0,310.45662419
2025-03-28 20:00:00,83719.0,84478.0,83648.0,84379.0,131.76151796
2025-03-29 00:00:00,84384.0,84561.0,83692.0,84138.0,97.72297363
2025-03-29 04:00:00,84138.0,84226.0,83632.0,83707.0,58.69424096
2025-03-29 08:00:00,83707.0,83904.0,81983.0,82256.0,220.47295073
2025-03-29 12:00:00,82260.0,82833.0,82108.0,82388.0,99.941993
2025-03-29 16:00:00,82389.0,82700.0,81629.0,82700.0,244.63122828
2025-03-29 20:00:00,82722.0,82731.0,82242.0,82608.0,23.930067
2025-03-30 00:00:00,82608.0,83462.0,82479.0,83080.0,109.08820348
2025-03-30 04:00:00,83078.0,83282.0,82853.0,83054.0,80.2071426
2025-03-30 08:00:00,83054.0,83500.0,82978.0,83097.0,93.02724787
2025-03-30 12:00:00,83102.0,83222.0,82565.0,82706.0,112.34825447
2025-03-30 16:00:00,82709.0,82851.0,82051.0,82538.0,200.88560068
2025-03-30 20:00:00,82538.0,82723.0,81551.0,82359.0,244.82618559
2025-03-31 00:00:00,82367.0,82417.0,81287.0,81502.0,229.99567109
2025-03-31 04:00:00,81508.0,82279.0,81405.0,81925.0,161.94151966
2025-03-31 08:00:00,81923.0,82246.0,81305.0,82197.0,178.1435327
2025-03-31 12:00:00,82187.0,83914.0,81646.0,83404.0,664.84680427
2025-03-31 16:00:00,83404.0,83695.0,82380.0,82422.0,318.37015519
2025-03-31 20:00:00,82409.0,82829.0,82251.0,82538.0,384.03959679
2025-04-01 00:00:00,82537.0,83212.0,82417.0,82932.0,94.355436
2025-04-01 04:00:00,82933.0,83582.0,82879.0,83457.0,87.03786787
2025-04-01 08:00:00,83454.0,84490.0,83433.0,83929.0,221.89017675
2025-04-01 12:00:00,83928.0,85496.0,82536.0,85271.0,724.28241863
2025-04-01 16:00:00,85314.0,85493.0,84731.0,84979.0,189.70918726
2025-04-01 20:00:00,84960.0,85530.0,84769.0,85170.0,186.72731502
2025-04-02 00:00:00,85171.0,85262.0,84540.0,84590.0,121.96316391
2025-04-02 04:00:00,84584.0,84732.0,81188.0,84441.0,388.71295081
2025-04-02 08:00:00,84440.0,85397.0,84268.0,84569.0,156.99038434
2025-04-02 12:00:00,84570.0,87355.0,84495.0,86768.0,822.26101876
2025-04-02 16:00:00,86786.0,87258.0,86191.0,86943.0,258.63252216
2025-04-02 20:00:00,86928.0,88563.0,82321.0,82502.0,1113.08662349
2025-04-03 00:00:00,82477.0,83896.0,82157.0,83526.0,237.93641952
2025-04-03 04:00:00,83464.0,83733.0,83001.0,83473.0,174.93691224
2025-04-03 08:00:00,83473.0,83753.0,83032.0,83095.0,104.73542608
2025-04-03 12:00:00,83032.0,83132.0,81200.0,82032.0,873.84209584
2025-04-03 16:00:00,82028.0,82394.0,81501.0,81934.0,239.1780193
2025-04-03 20:00:00,81950.0,83289.0,81760.0,83132.0,146.82353521
2025-04-04 00:00:00,83182.0,83382.0,82584.0,82781.0,168.86188269
2025-04-04 04:00:00,82781.0,83993.0,82595.0,83984.0,128.85633411
2025-04-04 08:00:00,83988.0,84708.0,81659.0,82677.0,439.28603562
2025-04-04 12:00:00,82654.0,83662.0,81831.0,82839.0,828.01251049
2025-04-04 16:00:00,82863.0,84588.0,82705.0,83998.0,291.61958294
2025-04-04 20:00:00,83974.0,84419.0,83448.0,83851.0,149.24648114
2025-04-05 00:00:00,83852.0,84226.0,83434.0,83611.0,95.88633055
2025-04-05 04:00:00,83620.0,83843.0,83322.0,83501.0,37.35260088
2025-04-05 08:00:00,83504.0,83863.0,83352.0,83433.0,86.25063249
2025-04-05 12:00:00,83439.0,83532.0,82358.0,82596.0,159.78852934
2025-04-05 16:00:00,82595.0,83102.0,82573.0,82793.0,66.80891256
2025-04-05 20:00:00,82891.0,83612.0,82824.0,83507.0,72.09484848
2025-04-06 00:00:00,83514.0,83741.0,83162.0,83314.0,89.13639687
2025-04-06 04:00:00,83316.0,83482.0,82997.0,82998.0,72.02020217
2025-04-06 08:00:00,82997.0,83116.0,82625.0,82804.0,86.23422484
2025-04-06 12:00:00,82805.0,82933.0,82210.0,82535.0,144.40697697
2025-04-06 16:00:00,82532.0,82542.0,78639.0,79605.0,1005.88701328
2025-04-06 20:00:00,79596.0,79850.0,77098.0,78342.0,767.79648809
2025-04-07 00:00:00,78381.0,79292.0,77319.0,77669.0,330.84091524
2025-04-07 04:00:00,77665.0,77925.0,74434.0,75049.0,822.95724974
2025-04-07 08:00:00,75051.0,77500.0,75032.0,76643.0,571.87119773
2025-04-07 12:00:00,76660.0,81180.0,75768.0,78461.0,1660.65563635
2025-04-07 16:00:00,78432.0,79315.0,77292.0,78065.0,395.18908249
2025-04-07 20:00:00,78076.0,80154.0,78072.0,79127.0,302.48302801
2025-04-08 00:00:00,79134.0,80836.0,78777.0,79876.0,335.17497484
2025-04-08 04:00:00,79890.0,80389.0,79230.0,79461.0,206.91255393
2025-04-08 08:00:00,79459.0,80029.0,78809.0,79964.0,235.18763341
2025-04-08 12:00:00,79975.0,80318.0,78159.0,78468.0,639.20977495
2025-04-08 16:00:00,78465.0,78490.0,76282.0,76737.0,380.02225239
2025-04-08 20:00:00,76789.0,77215.0,76159.0,76244.0,449.00182088
2025-04-09 00:00:00,76252.0,76799.0,74588.0,74990.0,657.24006467
2025-04-09 04:00:00,75018.0,77910.0,74990.0,77669.0,373.80897822
2025-04-09 08:00:00,77668.0,77842.0,75748.0,76215.0,430.91155184
2025-04-09 12:00:00,76193.0,78225.0,75998.0,77193.0,553.16709052
2025-04-09 16:00:00,77199.0,83000.0,77065.0,82294.0,1414.44794395
2025-04-09 20:00:00,82404.0,83565.0,82000.0,82595.0,608.70058131
2025-04-10 00:00:00,82594.0,82722.0,81449.0,81745.0,222.7685064
2025-04-10 04:00:00,81742.0,82308.0,81300.0,81567.0,205.33957962
2025-04-10 08:00:00,81600.0,82081.0,81336.0,81838.0,159.93125293
2025-04-10 12:00:00,81837.0,82401.0,78566.0,78701.0,697.49537966
2025-04-10 16:00:00,78696.0,79966.0,78424.0,79584.0,241.55776963
2025-04-10 20:00:00,79570.0,79981.0,79345.0,79543.0,36.9848893
2025-04-11 00:00:00,79558.0,80855.0,78942.0,80771.0,304.10000066
2025-04-11 04:00:00,80790.0,81387.0,80471.0,81226.0,87.06580188
2025-04-11 08:00:00,81226.0,82923.0,80772.0,82077.0,445.19977829
2025-04-11 12:00:00,82106.0,83245.0,81312.0,82466.0,486.38999538
2025-04-11 16:00:00,82466.0,84166.0,81974.0,83798.0,272.79059537
2025-04-11 20:00:00,83876.0,84257.0,83142.0,83384.0,133.29481719
2025-04-12 00:00:00,83384.0,83532.0,82784.0,82946.0,69.40456397
2025-04-12 04:00:00,82944.0,83782.0,82839.0,83695.0,124.42417911
2025-04-12 08:00:00,83724.0,83974.0,83282.0,83494.0,102.57939228
2025-04-12 12:00:00,83496.0,85377.0,83451.0,84969.0,314.96212539
2025-04-12 16:00:00,85003.0,85241.0,84401.0,84933.0,97.14521322
2025-04-12 20:00:00,84935.0,85892.0,84868.0,85274.0,139.12210177
2025-04-13 00:00:00,85277.0,86084.0,84732.0,85428.0,260.45722081
2025-04-13 04:00:00,85412.0,85414.0,84400.0,84430.0,106.28833402
2025-04-13 08:00:00,84411.0,84916.0,84226.0,84508.0,98.63384731
2025-04-13 12:00:00,84509.0,84651.0,83457.0,83821.0,212.05279677
2025-04-13 16:00:00,83830.0,84937.0,83065.0,83918.0,269.63453122
2025-04-13 20:00:00,83973.0,84387.0,83031.0,83712.0,263.85550038
2025-04-14 00:00:00,83774.0,85496.0,83680.0,84547.0,225.37553894
2025-04-14 04:00:00,84578.0,85074.0,84237.0,84544.0,76.09221752
2025-04-14 08:00:00,84574.0,84937.0,84250.0,84923.0,123.35648765
2025-04-14 12:00:00,84937.0,85787.0,83727.0,84098.0,584.46979066
2025-04-14 16:00:00,84098.0,85199.0,83873.0,84917.0,262.40767909
2025-04-14 20:00:00,84921.0,84967.0,84439.0,84583.0,154.1800433
2025-04-15 00:00:00,84583.0,85387.0,84353.0,85377.0,89.57455605
2025-04-15 04:00:00,85377.0,85839.0,85146.0,85733.0,126.18126938
2025-04-15 08:00:00,85732.0,86000.0,85356.0,85583.0,147.71446119
2025-04-15 12:00:00,85584.0,86450.0,84642.0,84915.0,446.01218556
2025-04-15 16:00:00,84915.0,85148.0,83915.0,84013.0,123.87027214
2025-04-15 20:00:00,84011.0,84226.0,83612.0,83686.0,229.55905393
2025-04-16 00:00:00,83632.0,83934.0,83102.0,83681.0,144.68334241
2025-04-16 04:00:00,83680.0,83793.0,83232.0,83362.0,160.62618304
2025-04-16 08:00:00,83340.0,84115.0,83145.0,84025.0,203.15552227
2025-04-16 12:00:00,84048.0,85254.0,83524.0,84841.0,497.70122271
2025-04-16 16:00:00,84864.0,85528.0,83312.0,84347.0,487.95685498
2025-04-16 20:00:00,84333.0,84672.0,84045.0,84046.0,99.32527396
2025-04-17 00:00:00,84045.0,84483.0,83829.0,84006.0,50.46239731
2025-04-17 04:00:00,84005.0,85043.0,83902.0,84672.0,97.72071329
2025-04-17 08:00:00,84685.0,84773.0,84188.0,84542.0,123.80488569
2025-04-17 12:00:00,84557.0,84845.0,83751.0,84535.0,397.5130642
2025-04-17 16:00:00,84540.0,85478.0,84407.0,84873.0,397.21209697
2025-04-17 20:00:00,84915.0,85141.0,84744.0,84954.0,52.87466659
2025-04-18 00:00:00,84954.0,85121.0,84745.0,84842.0,53.65481106
2025-04-18 04:00:00,84842.0,84852.0,84434.0,84640.0,48.73903662
2025-04-18 08:00:00,84662.0,84761.0,84470.0,84664.0,58.10087126
2025-04-18 12:00:00,84682.0,84743.0,84347.0,84361.0,58.73272319
2025-04-18 16:00:00,84373.0,84622.0,84310.0,84544.0,63.54895093
2025-04-18 20:00:00,84555.0,84672.0,84351.0,84468.0,40.46456936
2025-04-19 00:00:00,84466.0,84973.0,84367.0,84883.0,96.4724438
2025-04-19 04:00:00,84902.0,85250.0,84897.0,85218.0,120.33582245
2025-04-19 08:00:00,85217.0,85432.0,85114.0,85217.0,27.90467453
2025-04-19 12:00:00,85218.0,85611.0,85100.0,85181.0,255.619702
2025-04-19 16:00:00,85181.0,85305.0,84723.0,85087.0,99.30786645
2025-04-19 20:00:00,85087.0,85346.0,85010.0,85069.0,31.8503289
2025-04-20 00:00:00,85074.0,85305.0,85050.0,85159.0,37.35367014
2025-04-20 04:00:00,85161.0,85240.0,84682.0,84791.0,44.93479199
2025-04-20 08:00:00,84791.0,84791.0,83974.0,84125.0,100.27207237
2025-04-20 12:00:00,84124.0,84661.0,84124.0,84359.0,88.91038278
2025-04-20 16:00:00,84360.0,84652.0,84288.0,84647.0,17.02467543
2025-04-20 20:00:00,84647.0,85274.0,84615.0,85198.0,174.31415347
2025-04-21 00:00:00,85197.0,87641.0,85134.0,87180.0,304.67194356
2025-04-21 04:00:00,87191.0,87705.0,87074.0,87428.0,165.48055936
2025-04-21 08:00:00,87428.0,87765.0,86656.0,86989.0,158.15317384
2025-04-21 12:00:00,86988.0,88527.0,86804.0,88103.0,1177.73153588
2025-04-21 16:00:00,88092.0,88300.0,86404.0,87421.0,267.83450141
2025-04-21 20:00:00,87405.0,87624.0,86903.0,87505.0,105.94415198
2025-04-22 00:00:00,87505.0,88874.0,87094.0,88160.0,266.78042794
2025-04-22 04:00:00,88173.0,88489.0,87976.0,88488.0,117.46763033
2025-04-22 08:00:00,88495.0,88697.0,88272.0,88624.0,84.96744513
2025-04-22 12:00:00,88623.0,91496.0,88495.0,90977.0,1346.62985054
2025-04-22 16:00:00,91014.0,91761.0,90705.0,91556.0,699.74490388
2025-04-22 20:00:00,91546.0,93928.0,91126.0,93481.0,343.87894818
2025-04-23 00:00:00,93482.0,93921.0,92657.0,93188.0,218.65357265
2025-04-23 04:00:00,93200.0,94257.0,93061.0,94154.0,144.57082769
2025-04-23 08:00:00,94154.0,94510.0,93360.0,93486.0,247.90386283
2025-04-23 12:00:00,93486.0,94700.0,91970.0,93209.0,987.33657335
2025-04-23 16:00:00,93207.0,94227.0,92934.0,93563.0,723.88759842
2025-04-23 20:00:00,93563.0,93936.0,93293.0,93730.0,101.07448086
2025-04-24 00:00:00,93730.0,93827.0,92692.0,92694.0,89.83414222
2025-04-24 04:00:00,92693.0,92920.0,92146.0,92230.0,139.0072379
2025-04-24 08:00:00,92234.0,92668.0,91700.0,92613.0,181.78882834
2025-04-24 12:00:00,92614.0,93483.0,92457.0,93240.0,401.4536364
2025-04-24 16:00:00,93241.0,93739.0,92736.0,93618.0,303.65000274
2025-04-24 20:00:00,93603.0,94035.0,93089.0,94010.0,76.9743275
2025-04-25 00:00:00,94010.0,94493.0,92891.0,93333.0,172.03134723
2025-04-25 04:00:00,93333.0,93887.0,93048.0,93810.0,172.20562912
2025-04-25 08:00:00,93810.0,94680.0,93600.0,94631.0,138.06009169
2025-04-25 12:00:00,94680.0,95857.0,94023.0,95158.0,1273.45223549
2025-04-25 16:00:00,95158.0,95626.0,94444.0,95407.0,471.40399537
2025-04-25 20:00:00,95399.0,95437.0,94586.0,94726.0,60.53420213
2025-04-26 00:00:00,94720.0,95249.0,94632.0,94784.0,113.20518809
2025-04-26 04:00:00,94783.0,94883.0,94453.0,94615.0,105.6873353
2025-04-26 08:00:00,94615.0,94753.0,94051.0,94175.0,65.18917178
2025-04-26 12:00:00,94175.0,94419.0,93934.0,94409.0,92.64730822
2025-04-26 16:00:00,94404.0,94408.0,94091.0,94352.0,50.78233582
2025-04-26 20:00:00,94344.0,94918.0,94137.0,94662.0,91.16939158
2025-04-27 00:00:00,94662.0,95353.0,94128.0,94194.0,157.06376207
2025-04-27 04:00:00,94193.0,94330.0,93685.0,94090.0,65.93296067
2025-04-27 08:00:00,94090.0,94351.0,93944.0,93965.0,36.13299119
2025-04-27 12:00:00,93944.0,94204.0,93685.0,93938.0,102.87610367
2025-04-27 16:00:00,93937.0,94475.0,93764.0,94475.0,73.02054609
2025-04-27 20:00:00,94470.0,94566.0,93698.0,93769.0,147.17890429
2025-04-28 00:00:00,93780.0,94032.0,92846.0,93875.0,261.38850575
2025-04-28 04:00:00,93875.0,94829.0,93875.0,94734.0,100.34995991
2025-04-28 08:00:00,94741.0,95559.0,94408.0,95294.0,226.66872847
2025-04-28 12:00:00,95369.0,95633.0,93631.0,93895.0,512.26801554
2025-04-28 16:00:00,93874.0,94942.0,93483.0,94819.0,355.76069127
2025-04-28 20:00:00,94804.0,95192.0,94341.0,95041.0,115.00278417
2025-04-29 00:00:00,95040.0,95479.0,94488.0,94685.0,205.75962385
2025-04-29 04:00:00,94685.0,94987.0,94249.0,94955.0,89.62890172
2025-04-29 08:00:00,94955.0,95318.0,94805.0,95163.0,62.53446055
2025-04-29 12:00:00,95163.0,95307.0,94600.0,94879.0,266.53160996
2025-04-29 16:00:00,94878.0,95479.0,94710.0,95327.0,80.43409087
2025-04-29 20:00:00,95327.0,95428.0,93775.0,94285.0,172.7850933
2025-04-30 00:00:00,94284.0,95135.0,94161.0,95038.0,92.48460683
2025-04-30 04:00:00,95061.0,95193.0,94544.0,94654.0,62.53459095
2025-04-30 08:00:00,94653.0,95269.0,94556.0,95203.0,97.80150923
2025-04-30 12:00:00,95203.0,95240.0,92946.0,94024.0,831.79526256
2025-04-30 16:00:00,94022.0,94500.0,93530.0,94148.0,121.04507954
2025-04-30 20:00:00,94135.0,94781.0,94035.0,94181.0,178.58257669
2025-05-01 00:00:00,94181.0,95021.0,94141.0,94799.0,120.69848147
2025-05-01 04:00:00,94804.0,95193.0,94745.0,95042.0,62.37018534
2025-05-01 08:00:00,95050.0,96399.0,94934.0,96204.0,286.39046674
2025-05-01 12:00:00,96236.0,97470.0,95862.0,96918.0,618.11245484
2025-05-01 16:00:00,96926.0,97450.0,96470.0,96591.0,456.51130069
2025-05-01 20:00:00,96579.0,96945.0,96232.0,96535.0,198.1037461
2025-05-02 00:00:00,96557.0,97248.0,96510.0,97136.0,80.55292631
2025-05-02 04:00:00,97136.0,97306.0,96400.0,96400.0,73.56368672
2025-05-02 08:00:00,96399.0,97119.0,96399.0,96977.0,78.48990159
2025-05-02 12:00:00,96976.0,97938.0,96702.0,97364.0,301.70090305
2025-05-02 16:00:00,97440.0,97839.0,96824.0,96988.0,313.14362834
2025-05-02 20:00:00,96988.0,97176.0,96603.0,96925.0,71.75667515
2025-05-03 00:00:00,96926.0,96956.0,96351.0,96371.0,139.2033225
2025-05-03 04:00:00,96365.0,96620.0,96191.0,96352.0,71.10622342
2025-05-03 08:00:00,96363.0,96446.0,95903.0,95987.0,82.67998026
2025-05-03 12:00:00,95987.0,96527.0,95913.0,96444.0,43.62702109
2025-05-03 16:00:00,96449.0,96453.0,95938.0,96376.0,69.49868947
2025-05-03 20:00:00,96376.0,96446.0,95800.0,95916.0,290.25895203
2025-05-04 00:00:00,95850.0,96295.0,95639.0,95747.0,97.3113424
2025-05-04 04:00:00,95763.0,96145.0,95726.0,95887.0,41.90596352
2025-05-04 08:00:00,95901.0,95941.0,95330.0,95437.0,45.77714311
2025-05-04 12:00:00,95431.0,95685.0,95254.0,95476.0,64.33166607
2025-05-04 16:00:00,95475.0,95639.0,95273.0,95589.0,29.63907514
2025-05-04 20:00:00,95594.0,95764.0,94162.0,94316.0,283.80798557
2025-05-05 00:00:00,94301.0,94804.0,93550.0,94057.0,159.34490597
2025-05-05 04:00:00,94074.0,94794.0,94036.0,94751.0,80.20068241
2025-05-05 08:00:00,94759.0,94793.0,93899.0,94045.0,83.19396048
2025-05-05 12:00:00,94045.0,94515.0,93618.0,93766.0,308.32896591
2025-05-05 16:00:00,93770.0,94885.0,93744.0,94342.0,173.72126467
2025-05-05 20:00:00,94344.0,95198.0,93882.0,94725.0,132.14391673
2025-05-06 00:00:00,94725.0,94916.0,94035.0,94457.0,68.92826211
2025-05-06 04:00:00,94455.0,94603.0,94296.0,94412.0,60.78692724
2025-05-06 08:00:00,94389.0,94389.0,93719.0,93799.0,112.13609753
2025-05-06 12:00:00,93798.0,94714.0,93376.0,94537.0,434.35642723
2025-05-06 16:00:00,94537.0,95151.0,94224.0,94961.0,141.94070251
2025-05-06 20:00:00,94961.0,96895.0,94476.0,96814.0,256.48661993
2025-05-07 00:00:00,96815.0,97717.0,96226.0,96501.0,188.69397137
2025-05-07 04:00:00,96502.0,97002.0,96318.0,97001.0,66.30178352
2025-05-07 08:00:00,96999.0,97096.0,96837.0,97022.0,51.9781972
2025-05-07 12:00:00,97055.0,97481.0,96733.0,96938.0,369.29493724
2025-05-07 16:00:00,96937.0,96956.0,95823.0,96210.0,558.35859715
2025-05-07 20:00:00,96189.0,97376.0,96090.0,97054.0,98.64489203
2025-05-08 00:00:00,97059.0,99199.0,96907.0,99160.0,217.07392772
2025-05-08 04:00:00,99169.0,99412.0,98736.0,99282.0,175.33174057
2025-05-08 08:00:00,99283.0,99897.0,99260.0,99442.0,169.54502124
2025-05-08 12:00:00,99442.0,101527.0,99126.0,100792.0,680.64269967
2025-05-08 16:00:00,100789.0,101711.0,100643.0,101304.0,616.85527979
2025-05-08 20:00:00,101337.0,104159.0,101312.0,103261.0,444.0144749
2025-05-09 00:00:00,103234.0,103249.0,102360.0,102453.0,83.43267452
2025-05-09 04:00:00,102433.0,104332.0,102371.0,103670.0,193.09052582
2025-05-09 08:00:00,103670.0,103932.0,102435.0,102942.0,219.87948488
2025-05-09 12:00:00,102918.0,103794.0,102433.0,102907.0,440.61948494
2025-05-09 16:00:00,102940.0,103396.0,102350.0,103230.0,337.5138578
2025-05-09 20:00:00,103234.0,103445.0,102758.0,102991.0,61.54988059
2025-05-10 00:00:00,102992.0,103285.0,102845.0,103233.0,40.6088916
2025-05-10 04:00:00,103231.0,104093.0,103051.0,103740.0,113.95803982
2025-05-10 08:00:00,103787.0,104075.0,103397.0,103415.0,92.7101436
2025-05-10 12:00:00,103463.0,103807.0,103149.0,103156.0,57.40357006
2025-05-10 16:00:00,103160.0,103598.0,103063.0,103209.0,44.19404484
2025-05-10 20:00:00,103210.0,104985.0,103086.0,104809.0,275.39037632
2025-05-11 00:00:00,104809.0,104958.0,103489.0,104045.0,143.27851386
2025-05-11 04:00:00,104010.0,104400.0,103369.0,103403.0,65.04453693
2025-05-11 08:00:00,103403.0,104752.0,103403.0,104664.0,104.30449147
2025-05-11 12:00:00,104681.0,104884.0,103832.0,104154.0,144.96626667
2025-05-11 16:00:00,104163.0,104834.0,103795.0,104459.0,113.68979201
2025-05-11 20:00:00,104465.0,104582.0,103621.0,104129.0,147.08472215
2025-05-12 00:00:00,104138.0,105079.0,103745.0,104104.0,247.21350661
2025-05-12 04:00:00,104104.0,105706.0,103782.0,104469.0,365.1693605
2025-05-12 08:00:00,104477.0,104741.0,103645.0,103776.0,119.08555991
2025-05-12 12:00:00,103753.0,104618.0,102414.0,102537.0,642.38432185
2025-05-12 16:00:00,102531.0,103095.0,100764.0,101838.0,363.3847844
2025-05-12 20:00:00,101833.0,103133.0,101763.0,102796.0,177.23452104
2025-05-13 00:00:00,102796.0,102796.0,101471.0,101726.0,202.49152407
2025-05-13 04:00:00,101693.0,102942.0,101678.0,102658.0,122.91456145
2025-05-13 08:00:00,102685.0,103838.0,102557.0,103714.0,82.79964233
2025-05-13 12:00:00,103753.0,103967.0,102870.0,103719.0,401.9114785
2025-05-13 16:00:00,103719.0,104997.0,103558.0,104850.0,369.68863258
2025-05-13 20:00:00,104832.0,104973.0,103944.0,104135.0,252.69821812
2025-05-14 00:00:00,104126.0,104126.0,103476.0,103579.0,102.71682874
2025-05-14 04:00:00,103578.0,103969.0,103432.0,103707.0,96.09393706
2025-05-14 08:00:00,103711.0,104132.0,102890.0,103943.0,346.39886319
2025-05-14 12:00:00,103944.0,104357.0,102878.0,103534.0,462.77916903
2025-05-14 16:00:00,103541.0,103739.0,102622.0,103314.0,80.82182579
2025-05-14 20:00:00,103325.0,103694.0,103314.0,103531.0,82.68314656
2025-05-15 00:00:00,103514.0,103895.0,102766.0,102774.0,185.26425838
2025-05-15 04:00:00,102772.0,102946.0,101767.0,101807.0,81.50361357
2025-05-15 08:00:00,101796.0,102446.0,101550.0,102410.0,157.53161586
2025-05-15 12:00:00,102394.0,103304.0,101442.0,103300.0,509.4877789
2025-05-15 16:00:00,103300.0,104184.0,102612.0,103169.0,283.54048424
2025-05-15 20:00:00,103198.0,103969.0,102734.0,103793.0,121.76555053
2025-05-16 00:00:00,103800.0,104457.0,103487.0,104045.0,157.50627989
2025-05-16 04:00:00,104052.0,104214.0,103733.0,103735.0,159.69426637
2025-05-16 08:00:00,103763.0,103932.0,103137.0,103705.0,111.56220088
2025-05-16 12:00:00,103696.0,104294.0,103397.0,104223.0,218.33992552
2025-05-16 16:00:00,104235.0,104570.0,103622.0,104080.0,267.74712728
2025-05-16 20:00:00,104068.0,104068.0,103451.0,103506.0,79.91057702
2025-05-17 00:00:00,103503.0,103575.0,102668.0,103554.0,145.58561266
2025-05-17 04:00:00,103538.0,103720.0,103335.0,103477.0,35.44681387
2025-05-17 08:00:00,103477.0,103571.0,102803.0,103021.0,96.141188
2025-05-17 12:00:00,103022.0,103199.0,102681.0,102989.0,50.45780751
2025-05-17 16:00:00,102980.0,103372.0,102808.0,103192.0,66.56578594
2025-05-17 20:00:00,103188.0,103496.0,102954.0,103153.0,65.61268086
2025-05-18 00:00:00,103172.0,103434.0,103149.0,103324.0,31.8664786
2025-05-18 04:00:00,103330.0,103982.0,103326.0,103947.0,51.62254672
2025-05-18 08:00:00,103982.0,104094.0,103830.0,103830.0,67.29000394
2025-05-18 12:00:00,103826.0,105680.0,103757.0,105531.0,187.52126099
2025-05-18 16:00:00,105550.0,105972.0,103918.0,103944.0,310.21144018
2025-05-18 20:00:00,103912.0,106635.0,103347.0,106520.0,256.66766513
2025-05-19 00:00:00,106520.0,107115.0,103592.0,103655.0,374.22196532
2025-05-19 04:00:00,103639.0,103761.0,102126.0,103248.0,289.43069374
2025-05-19 08:00:00,103253.0,103447.0,102822.0,103005.0,83.01517652
2025-05-19 12:00:00,102958.0,104997.0,102182.0,104859.0,375.16648519
2025-05-19 16:00:00,104839.0,105632.0,104557.0,105585.0,462.74042701
2025-05-19 20:00:00,105558.0,105845.0,105060.0,105622.0,93.35737562
2025-05-20 00:00:00,105630.0,106851.0,105561.0,105779.0,248.67050256
2025-05-20 04:00:00,105779.0,106418.0,104972.0,105056.0,207.85600062
2025-05-20 08:00:00,105067.0,105414.0,104910.0,105250.0,74.90297166
2025-05-20 12:00:00,105249.0,105414.0,104232.0,105360.0,254.38606277
2025-05-20 16:00:00,105360.0,107290.0,105137.0,107015.0,436.48346118
2025-05-20 20:00:00,107064.0,107340.0,105992.0,106855.0,240.12585383
2025-05-21 00:00:00,106891.0,107238.0,106252.0,106891.0,88.49726832
2025-05-21 04:00:00,106901.0,108035.0,106517.0,106544.0,321.80180645
2025-05-21 08:00:00,106563.0,106834.0,106141.0,106589.0,76.02760032
2025-05-21 12:00:00,106580.0,109500.0,106406.0,109024.0,784.19465392
2025-05-21 16:00:00,109026.0,109874.0,106214.0,108691.0,843.714994
2025-05-21 20:00:00,108679.0,110730.0,107806.0,109682.0,316.55781382
2025-05-22 00:00:00,109696.0,111888.0,109252.0,111754.0,237.73458725
2025-05-22 04:00:00,111747.0,111791.0,110487.0,111051.0,168.46254816
2025-05-22 08:00:00,111051.0,111322.0,110292.0,110979.0,128.76583569
2025-05-22 12:00:00,110994.0,111624.0,110573.0,111320.0,344.67507754
2025-05-22 16:00:00,111328.0,112000.0,110971.0,111189.0,408.6960684
2025-05-22 20:00:00,111234.0,111755.0,110800.0,111743.0,87.40613965
2025-05-23 00:00:00,111742.0,111816.0,111041.0,111111.0,131.18514319
2025-05-23 04:00:00,111117.0,111186.0,110408.0,110710.0,131.98391398
2025-05-23 08:00:00,110735.0,111356.0,108911.0,109089.0,262.02950865
2025-05-23 12:00:00,109099.0,110028.0,107367.0,108957.0,657.87925842
2025-05-23 16:00:00,108957.0,109837.0,108050.0,108764.0,227.7051102
2025-05-23 20:00:00,108727.0,108748.0,106827.0,107329.0,177.44569195
2025-05-24 00:00:00,107319.0,108453.0,106908.0,108391.0,149.76339632
2025-05-24 04:00:00,108393.0,108586.0,107601.0,107653.0,81.13053933
2025-05-24 08:00:00,107726.0,109501.0,107649.0,109228.0,102.47321438
2025-05-24 12:00:00,109225.0,109293.0,108572.0,108964.0,83.74114253
2025-05-24 16:00:00,108972.0,109216.0,108742.0,108999.0,32.04946542
2025-05-24 20:00:00,109005.0,109164.0,107540.0,107799.0,127.90904781
2025-05-25 00:00:00,107798.0,108286.0,107275.0,108134.0,154.02021597
2025-05-25 04:00:00,108129.0,108312.0,107483.0,107710.0,51.31332906
2025-05-25 08:00:00,107708.0,107722.0,106765.0,107298.0,175.14350063
2025-05-25 12:00:00,107286.0,107754.0,106666.0,107000.0,134.12757351
2025-05-25 16:00:00,107000.0,107987.0,106689.0,107748.0,96.87923648
2025-05-25 20:00:00,107759.0,109383.0,107227.0,109068.0,297.49239746
2025-05-26 00:00:00,109114.0,109865.0,108759.0,109678.0,121.59400526
2025-05-26 04:00:00,109678.0,110266.0,109414.0,110146.0,102.41056386
2025-05-26 08:00:00,110147.0,110200.0,109632.0,109805.0,75.9352114
2025-05-26 12:00:00,109881.0,110425.0,109514.0,110096.0,192.45878388
2025-05-26 16:00:00,110080.0,110461.0,108868.0,109175.0,148.45285494
2025-05-26 20:00:00,109160.0,109886.0,108991.0,109468.0,95.88520518
2025-05-27 00:00:00,109474.0,109693.0,107562.0,108923.0,250.98304598
2025-05-27 04:00:00,108929.0,109640.0,108598.0,109534.0,94.9894817
2025-05-27 08:00:00,109640.0,109915.0,109463.0,109609.0,51.09163396
2025-05-27 12:00:00,109609.0,110789.0,108766.0,110188.0,358.18219105
2025-05-27 16:00:00,110188.0,110545.0,109632.0,109936.0,395.75814876
2025-05-27 20:00:00,109942.0,109950.0,108650.0,108980.0,145.6080039
2025-05-28 00:00:00,108980.0,109307.0,108467.0,108914.0,97.25691727
2025-05-28 04:00:00,108898.0,109134.0,108688.0,108872.0,68.94664241
2025-05-28 08:00:00,108887.0,109182.0,108338.0,108916.0,134.52321712
2025-05-28 12:00:00,108929.0,109088.0,107086.0,107169.0,220.80417052
2025-05-28 16:00:00,107140.0,107871.0,106912.0,106977.0,323.98671259
2025-05-28 20:00:00,106981.0,108088.0,106804.0,107811.0,234.30972984
2025-05-29 00:00:00,107821.0,108507.0,107496.0,108087.0,190.08105734
2025-05-29 04:00:00,108117.0,108153.0,107001.0,107915.0,143.27028017
2025-05-29 08:00:00,107922.0,108924.0,107752.0,108820.0,124.56349152
2025-05-29 12:00:00,108799.0,108844.0,106500.0,107031.0,369.24504684
2025-05-29 16:00:00,107035.0,107149.0,105663.0,105739.0,459.53947041
2025-05-29 20:00:00,105769.0,106456.0,105374.0,105578.0,145.07955529
2025-05-30 00:00:00,105577.0,106208.0,104688.0,106036.0,249.36344286
2025-05-30 04:00:00,106036.0,106329.0,104783.0,105049.0,163.83432329
2025-05-30 08:00:00,105065.0,105997.0,104683.0,105908.0,242.5152463
2025-05-30 12:00:00,105904.0,106015.0,105060.0,105553.0,142.04564701
2025-05-30 16:00:00,105555.0,105565.0,103703.0,104632.0,277.29409443
2025-05-30 20:00:00,104619.0,104909.0,103675.0,104034.0,149.05746889
2025-05-31 00:00:00,103988.0,104304.0,103127.0,103707.0,104.09327062
2025-05-31 04:00:00,103696.0,103944.0,103529.0,103793.0,45.94901046
2025-05-31 08:00:00,103795.0,103854.0,103347.0,103534.0,65.80677
2025-05-31 12:00:00,103534.0,104897.0,103530.0,104610.0,130.06702208
2025-05-31 16:00:00,104609.0,104834.0,104333.0,104761.0,73.28539318
2025-05-31 20:00:00,104772.0,104947.0,104550.0,104646.0,64.10991993
2025-06-01 00:00:00,104646.0,104710.0,103995.0,104429.0,103.17408145
2025-06-01 04:00:00,104438.0,104771.0,104269.0,104336.0,58.31073741
2025-06-01 08:00:00,104336.0,104507.0,103832.0,104126.0,54.62894529
2025-06-01 12:00:00,104126.0,104844.0,103846.0,104758.0,85.14876521
2025-06-01 16:00:00,104758.0,105338.0,104419.0,105174.0,162.10393927
2025-06-01 20:00:00,105175.0,105908.0,104968.0,105705.0,184.70100968
2025-06-02 00:00:00,105677.0,105788.0,104645.0,104900.0,115.36449938
2025-06-02 04:00:00,104900.0,105465.0,104684.0,105414.0,102.6054647
2025-06-02 08:00:00,105440.0,105972.0,104000.0,104076.0,187.78853051
2025-06-02 12:00:00,104068.0,104708.0,103708.0,104481.0,316.11804017
2025-06-02 16:00:00,104500.0,104777.0,104088.0,104466.0,30.42022358
2025-06-02 20:00:00,104493.0,106001.0,104493.0,105905.0,189.43461746
2025-06-03 00:00:00,105890.0,106564.0,105437.0,105540.0,124.15119978
2025-06-03 04:00:00,105540.0,105585.0,105199.0,105247.0,55.28263239
2025-06-03 08:00:00,105240.0,105412.0,104947.0,105369.0,115.93045789
2025-06-03 12:00:00,105369.0,106854.0,105120.0,106696.0,302.38502832
2025-06-03 16:00:00,106698.0,106755.0,105653.0,106305.0,228.03420128
2025-06-03 20:00:00,106297.0,106325.0,105336.0,105454.0,98.64037277
2025-06-04 00:00:00,105426.0,105896.0,105213.0,105583.0,71.1180221
2025-06-04 04:00:00,105582.0,105683.0,105327.0,105389.0,36.35472369
2025-06-04 08:00:00,105396.0,106036.0,105136.0,105149.0,194.62466612
2025-06-04 12:00:00,105148.0,105581.0,104219.0,105353.0,264.19628735
2025-06-04 16:00:00,105383.0,105537.0,104931.0,104989.0,157.65839179
2025-06-04 20:00:00,104978.0,105086.0,104482.0,104745.0,67.9963825
2025-06-05 00:00:00,104734.0,105286.0,104718.0,105095.0,65.83410855
2025-06-05 04:00:00,105091.0,105275.0,104426.0,104554.0,60.39155387
2025-06-05 08:00:00,104568.0,104960.0,104492.0,104884.0,63.15149042
2025-06-05 12:00:00,104877.0,105959.0,103934.0,104567.0,350.19918888
2025-06-05 16:00:00,104567.0,104629.0,101650.0,101923.0,440.03046008
2025-06-05 20:00:00,101924.0,102181.0,100426.0,101559.0,394.7227071
2025-06-06 00:00:00,101558.0,102575.0,101159.0,102548.0,82.33945838
2025-06-06 04:00:00,102551.0,103534.0,102446.0,103197.0,288.17311991
2025-06-06 08:00:00,103199.0,104057.0,103199.0,104000.0,147.09282646
2025-06-06 12:00:00,104001.0,105416.0,103633.0,105179.0,644.34027096
2025-06-06 16:00:00,105180.0,105386.0,104144.0,104288.0,218.45957107
2025-06-06 20:00:00,104321.0,104703.0,104256.0,104393.0,94.53623624
2025-06-07 00:00:00,104416.0,105000.0,103992.0,104952.0,113.20718593
2025-06-07 04:00:00,104956.0,105414.0,104738.0,104956.0,142.82933531
2025-06-07 08:00:00,104966.0,105325.0,104783.0,105223.0,85.83681208
2025-06-07 12:00:00,105260.0,105845.0,105255.0,105625.0,139.04473663
2025-06-07 16:00:00,105629.0,105935.0,105348.0,105784.0,88.68610395
2025-06-07 20:00:00,105784.0,105959.0,105606.0,105619.0,44.26728188
2025-06-08 00:00:00,105619.0,105827.0,105477.0,105535.0,47.08868564
2025-06-08 04:00:00,105537.0,105701.0,105477.0,105490.0,14.9502277
2025-06-08 08:00:00,105490.0,105756.0,105060.0,105726.0,91.27392421
2025-06-08 12:00:00,105728.0,106150.0,105571.0,106045.0,83.31455289
2025-06-08 16:00:00,106046.0,106409.0,106003.0,106357.0,55.25113106
2025-06-08 20:00:00,106357.0,106507.0,105631.0,105792.0,61.25220438
2025-06-09 00:00:00,105791.0,106016.0,105389.0,105720.0,76.02208184
2025-06-09 04:00:00,105697.0,105769.0,105390.0,105633.0,42.58899054
2025-06-09 08:00:00,105617.0,107847.0,105531.0,107760.0,203.98933356
2025-06-09 12:00:00,107820.0,108065.0,106944.0,107696.0,241.04519529
2025-06-09 16:00:00,107709.0,108846.0,107708.0,108643.0,331.44017698
2025-06-09 20:00:00,108652.0,110587.0,108525.0,110307.0,268.19299805
2025-06-10 00:00:00,110311.0,110352.0,109435.0,109605.0,75.41561261
2025-06-10 04:00:00,109608.0,109774.0,109162.0,109266.0,56.25106199
2025-06-10 08:00:00,109284.0,109869.0,109109.0,109571.0,147.75766186
2025-06-10 12:00:00,109568.0,109915.0,108403.0,109035.0,274.95580477
2025-06-10 16:00:00,109082.0,110400.0,108544.0,109564.0,258.64096069
2025-06-10 20:00:00,109538.0,110292.0,109281.0,110292.0,107.63166024
2025-06-11 00:00:00,110292.0,110292.0,109560.0,109741.0,30.27044394
2025-06-11 04:00:00,109730.0,109765.0,109397.0,109458.0,47.33114028
2025-06-11 08:00:00,109458.0,109664.0,109225.0,109261.0,30.21245071
2025-06-11 12:00:00,109258.0,110398.0,109043.0,109758.0,246.45891917
2025-06-11 16:00:00,109760.0,109817.0,108456.0,108775.0,253.36993707
2025-06-11 20:00:00,108776.0,109250.0,108113.0,108678.0,109.84542113
2025-06-12 00:00:00,108670.0,108833.0,107751.0,107895.0,100.00895025
2025-06-12 04:00:00,107894.0,108000.0,107385.0,107638.0,95.82163255
2025-06-12 08:00:00,107622.0,107852.0,106926.0,106927.0,65.15242952
2025-06-12 12:00:00,106928.0,107845.0,106623.0,107030.0,193.05862939
2025-06-12 16:00:00,107031.0,108455.0,106726.0,106852.0,240.72729301
2025-06-12 20:00:00,106859.0,106982.0,105731.0,105731.0,160.99612777
2025-06-13 00:00:00,105725.0,105757.0,102816.0,104383.0,542.19495711
2025-06-13 04:00:00,104350.0,105000.0,103863.0,104950.0,95.04354632
2025-06-13 08:00:00,104938.0,105515.0,104483.0,105091.0,183.03307301
2025-06-13 12:00:00,105104.0,105797.0,104182.0,105504.0,234.35833396
2025-06-13 16:00:00,105505.0,106030.0,104739.0,105158.0,133.63375421
2025-06-13 20:00:00,105164.0,106209.0,105073.0,106118.0,79.90121868
2025-06-14 00:00:00,106117.0,106250.0,105275.0,105297.0,108.73612489
2025-06-14 04:00:00,105297.0,105459.0,104834.0,105130.0,46.44657009
2025-06-14 08:00:00,105114.0,105162.0,104891.0,105147.0,46.7566206
2025-06-14 12:00:00,105116.0,105161.0,104707.0,104885.0,70.5120186
2025-06-14 16:00:00,104856.0,105083.0,104434.0,104695.0,135.390589
2025-06-14 20:00:00,104702.0,105528.0,104376.0,105464.0,109.05812568
2025-06-15 00:00:00,105475.0,105718.0,105323.0,105529.0,27.87989638
2025-06-15 04:00:00,105545.0,106163.0,105275.0,105469.0,100.20270651
2025-06-15 08:00:00,105490.0,105515.0,104923.0,105006.0,56.43842079
2025-06-15 12:00:00,105009.0,105845.0,104989.0,105602.0,120.00054697
2025-06-15 16:00:00,105605.0,105794.0,105123.0,105316.0,62.27696725
2025-06-15 20:00:00,105324.0,105617.0,104532.0,105617.0,120.79116342
2025-06-16 00:00:00,105612.0,105972.0,105023.0,105935.0,94.497839
2025-06-16 04:00:00,105943.0,107251.0,105893.0,107077.0,102.96798452
2025-06-16 08:00:00,107084.0,107238.0,106585.0,106891.0,154.73406923
2025-06-16 12:00:00,106891.0,107806.0,106523.0,107463.0,143.25349014
2025-06-16 16:00:00,107484.0,108937.0,107356.0,108689.0,214.93356784
2025-06-16 20:00:00,108703.0,108990.0,106763.0,106829.0,221.66903966
2025-06-17 00:00:00,106853.0,107773.0,106200.0,107608.0,119.95264906
2025-06-17 04:00:00,107608.0,107719.0,106521.0,106807.0,67.7236152
2025-06-17 08:00:00,106806.0,106864.0,105541.0,105680.0,73.19683521
2025-06-17 12:00:00,105679.0,105884.0,104175.0,104265.0,356.42026517
2025-06-17 16:00:00,104256.0,105362.0,103388.0,104710.0,474.10260911
2025-06-17 20:00:00,104709.0,104909.0,104249.0,104584.0,66.25661572
2025-06-18 00:00:00,104617.0,105250.0,104407.0,105199.0,92.8011417
2025-06-18 04:00:00,105201.0,105566.0,104765.0,104990.0,70.03375323
2025-06-18 08:00:00,105000.0,105313.0,104223.0,104851.0,119.82854633
2025-06-18 12:00:00,104853.0,105325.0,103857.0,104842.0,251.14935563
2025-06-18 16:00:00,104831.0,104871.0,103521.0,103815.0,318.067136
2025-06-18 20:00:00,103857.0,105187.0,103657.0,104922.0,119.17038632
2025-06-19 00:00:00,104922.0,105254.0,104506.0,105116.0,62.06353516
2025-06-19 04:00:00,105123.0,105237.0,104646.0,104666.0,55.78627435
2025-06-19 08:00:00,104666.0,105086.0,104666.0,104812.0,20.50604951
2025-06-19 12:00:00,104811.0,104922.0,104110.0,104129.0,113.79313965
2025-06-19 16:00:00,104129.0,104834.0,103957.0,104278.0,147.42739003
2025-06-19 20:00:00,104285.0,104898.0,104168.0,104688.0,65.26943734
2025-06-20 00:00:00,104682.0,104846.0,104433.0,104615.0,35.13275527
2025-06-20 04:00:00,104611.0,105820.0,104251.0,105820.0,98.33661844
2025-06-20 08:00:00,105820.0,106521.0,105805.0,105996.0,106.38734713
2025-06-20 12:00:00,106003.0,106160.0,103907.0,104246.0,256.66305648
2025-06-20 16:00:00,104230.0,104297.0,102309.0,103377.0,373.16177888
2025-06-20 20:00:00,103331.0,103894.0,103002.0,103316.0,101.83463837
2025-06-21 00:00:00,103329.0,103708.0,103152.0,103555.0,50.89195834
2025-06-21 04:00:00,103522.0,103639.0,103375.0,103496.0,25.5960615
2025-06-21 08:00:00,103499.0,104013.0,103494.0,103896.0,49.13974648
2025-06-21 12:00:00,103895.0,103973.0,103352.0,103607.0,97.49416691
2025-06-21 16:00:00,103597.0,103670.0,102262.0,102276.0,128.37711381
2025-06-21 20:00:00,102315.0,102911.0,100945.0,102139.0,466.02229823
2025-06-22 00:00:00,102198.0,103387.0,101894.0,102418.0,251.78240249
2025-06-22 04:00:00,102417.0,102983.0,102290.0,102479.0,41.26148657
2025-06-22 08:00:00,102474.0,102820.0,102139.0,102771.0,99.48437112
2025-06-22 12:00:00,102763.0,102840.0,98954.0,98980.0,610.99188603
2025-06-22 16:00:00,98954.0,100401.0,98723.0,98932.0,203.94379925
2025-06-22 20:00:00,98923.0,101062.0,98240.0,101015.0,158.58886728
2025-06-23 00:00:00,100990.0,101644.0,100539.0,101209.0,169.34776191
2025-06-23 04:00:00,101226.0,102201.0,101042.0,101983.0,136.40797184
2025-06-23 08:00:00,101982.0,102100.0,101164.0,101325.0,102.05842891
2025-06-23 12:00:00,101333.0,102647.0,100860.0,101484.0,309.63799623
2025-06-23 16:00:00,101494.0,103371.0,99705.0,103237.0,618.86296841
2025-06-23 20:00:00,103246.0,106125.0,102950.0,105464.0,435.16296681
2025-06-24 00:00:00,105418.0,105588.0,104803.0,105020.0,116.93917967
2025-06-24 04:00:00,104997.0,105883.0,104796.0,105005.0,398.34158695
2025-06-24 08:00:00,105000.0,105629.0,104695.0,105238.0,166.3279548
2025-06-24 12:00:00,105237.0,105794.0,104872.0,105306.0,208.12218744
2025-06-24 16:00:00,105305.0,106344.0,105255.0,105743.0,203.32509879
2025-06-24 20:00:00,105698.0,106163.0,105499.0,106131.0,65.11941867
2025-06-25 00:00:00,106132.0,106843.0,105872.0,106298.0,121.43956563
2025-06-25 04:00:00,106298.0,106763.0,106004.0,106673.0,100.98241041
2025-06-25 08:00:00,106671.0,107277.0,106392.0,107242.0,98.53189205
2025-06-25 12:00:00,107246.0,108182.0,106853.0,107108.0,391.35476503
2025-06-25 16:00:00,107108.0,107995.0,106994.0,107824.0,401.71531643
2025-06-25 20:00:00,107823.0,108052.0,107164.0,107418.0,88.10678147
2025-06-26 00:00:00,107417.0,108358.0,107187.0,107926.0,157.25477194
2025-06-26 04:00:00,107927.0,108144.0,107599.0,107863.0,58.66882157
2025-06-26 08:00:00,107864.0,108223.0,107187.0,107386.0,84.99186675
2025-06-26 12:00:00,107386.0,107793.0,106640.0,107346.0,266.748966
2025-06-26 16:00:00,107344.0,107702.0,107059.0,107554.0,68.6707874
2025-06-26 20:00:00,107567.0,108027.0,106917.0,107004.0,155.04453572
2025-06-27 00:00:00,107005.0,107561.0,106394.0,107520.0,98.40172402
2025-06-27 04:00:00,107520.0,107794.0,106919.0,106951.0,233.85487631
2025-06-27 08:00:00,106950.0,107218.0,106763.0,107021.0,118.60532813
2025-06-27 12:00:00,107024.0,107457.0,106351.0,107367.0,398.49125295
2025-06-27 16:00:00,107367.0,107734.0,106508.0,106880.0,354.01150389
2025-06-27 20:00:00,106881.0,107329.0,106863.0,107100.0,83.24242971
2025-06-28 00:00:00,107100.0,107373.0,106880.0,107353.0,26.6439315
2025-06-28 04:00:00,107365.0,107535.0,107235.0,107535.0,18.46821207
2025-06-28 08:00:00,107535.0,107535.0,107317.0,107423.0,27.26455698
2025-06-28 12:00:00,107422.0,107584.0,107158.0,107498.0,42.73568918
2025-06-28 16:00:00,107524.0,107573.0,107290.0,107291.0,66.36343311
2025-06-28 20:00:00,107290.0,107419.0,107213.0,107348.0,23.52394405
2025-06-29 00:00:00,107353.0,107534.0,107239.0,107258.0,30.8393828
2025-06-29 04:00:00,107259.0,107432.0,107252.0,107432.0,17.192644
2025-06-29 08:00:00,107432.0,108494.0,107432.0,108479.0,196.03417302
2025-06-29 12:00:00,108499.0,108546.0,107704.0,107790.0,53.19854369
2025-06-29 16:00:00,107790.0,107816.0,107375.0,107431.0,117.09981566
2025-06-29 20:00:00,107412.0,108468.0,107317.0,108384.0,112.06451732
2025-06-30 00:00:00,108389.0,108800.0,108280.0,108553.0,77.55536942
2025-06-30 04:00:00,108559.0,108575.0,107535.0,107647.0,66.46234151
2025-06-30 08:00:00,107658.0,107981.0,107444.0,107686.0,88.26547509
2025-06-30 12:00:00,107688.0,107879.0,106751.0,107629.0,296.3152117
2025-06-30 16:00:00,107627.0,107832.0,107174.0,107779.0,165.77548676
2025-06-30 20:00:00,107779.0,107780.0,106972.0,107179.0,115.29728352
2025-07-01 00:00:00,107164.0,107560.0,107084.0,107237.0,48.84748396
2025-07-01 04:00:00,107237.0,107242.0,106674.0,107197.0,114.18992919
2025-07-01 08:00:00,107199.0,107199.0,106354.0,106623.0,81.15381451
2025-07-01 12:00:00,106636.0,107218.0,105660.0,105984.0,394.46573734
2025-07-01 16:00:00,105960.0,106321.0,105414.0,105415.0,147.52321228
2025-07-01 20:00:00,105435.0,106112.0,105280.0,105709.0,132.41162308
2025-07-02 00:00:00,105698.0,106227.0,105130.0,106200.0,97.34118221
2025-07-02 04:00:00,106201.0,107213.0,106151.0,107125.0,70.84232151
2025-07-02 08:00:00,107125.0,107880.0,107125.0,107513.0,110.9308578
2025-07-02 12:00:00,107520.0,108800.0,107238.0,108784.0,233.10796242
2025-07-02 16:00:00,108784.0,109802.0,108729.0,109746.0,291.70479249
2025-07-02 20:00:00,109752.0,109752.0,108794.0,108885.0,107.02455963
2025-07-03 00:00:00,108885.0,109160.0,108586.0,108682.0,77.24721837
2025-07-03 04:00:00,108678.0,109580.0,108626.0,109330.0,127.42788655
2025-07-03 08:00:00,109330.0,110292.0,109330.0,109637.0,134.42914763
2025-07-03 12:00:00,109634.0,110557.0,108800.0,109174.0,352.32350337
2025-07-03 16:00:00,109174.0,109968.0,109076.0,109866.0,158.34529305
2025-07-03 20:00:00,109869.0,110041.0,109586.0,109648.0,52.62176031
2025-07-04 00:00:00,109647.0,109799.0,109160.0,109283.0,70.70929686
2025-07-04 04:00:00,109285.0,109380.0,108768.0,108768.0,103.25833259
2025-07-04 08:00:00,108762.0,109147.0,108585.0,108920.0,92.5532704
2025-07-04 12:00:00,108929.0,109023.0,107564.0,107619.0,170.92573384
2025-07-04 16:00:00,107673.0,107962.0,107303.0,107500.0,92.65676244
2025-07-04 20:00:00,107499.0,108287.0,107460.0,108033.0,77.77889127
2025-07-05 00:00:00,108033.0,108286.0,107811.0,108193.0,39.4263948
2025-07-05 04:00:00,108195.0,108416.0,108055.0,108079.0,67.42868028
2025-07-05 08:00:00,108088.0,108257.0,107928.0,108166.0,31.14403824
2025-07-05 12:00:00,108165.0,108260.0,108026.0,108095.0,15.98682312
2025-07-05 16:00:00,108096.0,108195.0,107924.0,108178.0,45.20702747
2025-07-05 20:00:00,108178.0,108260.0,108020.0,108240.0,20.02394781
2025-07-06 00:00:00,108240.0,108273.0,108065.0,108084.0,33.64374856
2025-07-06 04:00:00,108084.0,108247.0,108001.0,108091.0,24.42325736
2025-07-06 08:00:00,108092.0,108142.0,107858.0,108109.0,36.60580253
2025-07-06 12:00:00,108110.0,109140.0,108085.0,108918.0,142.61168483
2025-07-06 16:00:00,108926.0,108990.0,108326.0,108572.0,47.56797325
2025-07-06 20:00:00,108573.0,109717.0,108572.0,109233.0,135.22997666
2025-07-07 00:00:00,109231.0,109711.0,108696.0,109408.0,88.37766121
2025-07-07 04:00:00,109409.0,109462.0,108690.0,109067.0,56.65222127
2025-07-07 08:00:00,109067.0,109094.0,108611.0,108658.0,58.88525972
2025-07-07 12:00:00,108653.0,108674.0,107987.0,108309.0,231.20456208
2025-07-07 16:00:00,108309.0,108515.0,107520.0,108053.0,225.4612289
2025-07-07 20:00:00,108053.0,108319.0,107812.0,108287.0,48.20158464
2025-07-08 00:00:00,108286.0,108533.0,107471.0,107919.0,171.16808383
2025-07-08 04:00:00,107919.0,108507.0,107765.0,108491.0,51.11130614
2025-07-08 08:00:00,108493.0,109000.0,108247.0,108769.0,80.76516703
2025-07-08 12:00:00,108775.0,109225.0,108251.0,108283.0,177.44408386
2025-07-08 16:00:00,108280.0,109173.0,108118.0,108788.0,154.63084848
2025-07-08 20:00:00,108787.0,109012.0,108638.0,108947.0,41.77715875
2025-07-09 00:00:00,108947.0,109147.0,108377.0,108389.0,66.4684051
2025-07-09 04:00:00,108387.0,108924.0,108352.0,108711.0,65.63670578
2025-07-09 08:00:00,108710.0,109125.0,108585.0,109070.0,47.35309491
2025-07-09 12:00:00,109071.0,109777.0,108524.0,109086.0,267.94021004
2025-07-09 16:00:00,109086.0,112040.0,109054.0,111758.0,427.6857017
2025-07-09 20:00:00,111789.0,111967.0,110612.0,111287.0,331.41060923
2025-07-10 00:00:00,111318.0,111606.0,110935.0,111114.0,48.3700599
2025-07-10 04:00:00,111115.0,111480.0,110996.0,111277.0,107.7193395
2025-07-10 08:00:00,111265.0,111449.0,110929.0,111068.0,76.57804838
2025-07-10 12:00:00,111060.0,111476.0,110610.0,111472.0,303.52412685
2025-07-10 16:00:00,111476.0,113879.0,111413.0,113417.0,617.01721197
2025-07-10 20:00:00,113417.0,117000.0,113376.0,116031.0,830.31265966
2025-07-11 00:00:00,116038.0,116964.0,115226.0,116911.0,241.03437685
2025-07-11 04:00:00,116912.0,118426.0,116474.0,117607.0,344.45542863
2025-07-11 08:00:00,117608.0,118839.0,117608.0,117837.0,250.45686064
2025-07-11 12:00:00,117838.0,118259.0,116738.0,116897.0,362.61288625
2025-07-11 16:00:00,116913.0,118266.0,116650.0,118184.0,559.91547116
2025-07-11 20:00:00,118179.0,118179.0,117238.0,117579.0,113.79503571
2025-07-12 00:00:00,117579.0,117887.0,117210.0,117798.0,55.86590137
2025-07-12 04:00:00,117811.0,118100.0,117570.0,117790.0,62.07596304
2025-07-12 08:00:00,117793.0,118227.0,117704.0,117859.0,118.66779159
2025-07-12 12:00:00,117859.0,117916.0,116971.0,117149.0,232.77232442
2025-07-12 16:00:00,117149.0,117675.0,117095.0,117595.0,58.61818345
2025-07-12 20:00:00,117596.0,117601.0,117056.0,117464.0,129.61102465
2025-07-13 00:00:00,117464.0,117859.0,117256.0,117795.0,31.96759785
2025-07-13 04:00:00,117807.0,118092.0,117744.0,118031.0,27.86353635
2025-07-13 08:00:00,118043.0,118127.0,117738.0,118120.0,51.25519968
2025-07-13 12:00:00,118099.0,119444.0,118044.0,118735.0,316.13493246
2025-07-13 16:00:00,118723.0,119482.0,118444.0,119004.0,135.80645183
2025-07-13 20:00:00,119004.0,119421.0,118320.0,119135.0,136.5742798
2025-07-14 00:00:00,119140.0,121448.0,118972.0,120772.0,239.46547964
2025-07-14 04:00:00,120772.0,123236.0,120593.0,122732.0,369.11095836
2025-07-14 08:00:00,122731.0,122790.0,121357.0,121487.0,193.39629756
2025-07-14 12:00:00,121486.0,122106.0,119626.0,119876.0,528.22703555
2025-07-14 16:00:00,119877.0,120505.0,119203.0,119953.0,603.27072694
2025-07-14 20:00:00,119952.0,120468.0,119569.0,119879.0,75.2094031
2025-07-15 00:00:00,119862.0,119945.0,116849.0,117160.0,2225.79728625
2025-07-15 04:00:00,117141.0,117775.0,116290.0,116779.0,352.75878254
2025-07-15 08:00:00,116769.0,117182.0,116327.0,117096.0,364.15773487
2025-07-15 12:00:00,117096.0,118437.0,115729.0,116364.0,1809.61114428
2025-07-15 16:00:00,116364.0,117674.0,116016.0,116416.0,886.47773489
2025-07-15 20:00:00,116413.0,117986.0,116237.0,117769.0,205.75404827
2025-07-16 00:00:00,117770.0,118210.0,117047.0,117503.0,99.00548737
2025-07-16 04:00:00,117504.0,118322.0,117280.0,118199.0,101.75141285
2025-07-16 08:00:00,118199.0,119310.0,118143.0,118795.0,153.25140468
2025-07-16 12:00:00,118798.0,119850.0,118213.0,119135.0,567.63218826
2025-07-16 16:00:00,119135.0,119988.0,118532.0,119298.0,288.25876196
2025-07-16 20:00:00,119295.0,120086.0,118483.0,118718.0,236.75867587
2025-07-17 00:00:00,118692.0,119210.0,117746.0,118177.0,170.95355515
2025-07-17 04:00:00,118177.0,118822.0,117912.0,118380.0,124.89073528
2025-07-17 08:00:00,118380.0,119244.0,118029.0,118044.0,202.187583
2025-07-17 12:00:00,118044.0,119124.0,117506.0,118928.0,341.56735109
2025-07-17 16:00:00,118927.0,119938.0,118440.0,119007.0,459.01376348
2025-07-17 20:00:00,119040.0,121000.0,118497.0,119275.0,332.21091173
2025-07-18 00:00:00,119275.0,120850.0,119140.0,120314.0,221.63000989
2025-07-18 04:00:00,120314.0,120900.0,119401.0,119448.0,178.98911288
2025-07-18 08:00:00,119447.0,119560.0,118475.0,119256.0,235.3431439
2025-07-18 12:00:00,119255.0,119567.0,117393.0,117941.0,536.80964272
2025-07-18 16:00:00,117917.0,118121.0,117226.0,117445.0,449.75256067
2025-07-18 20:00:00,117447.0,118086.0,116915.0,118022.0,202.53954063
2025-07-19 00:00:00,118023.0,118454.0,117710.0,118412.0,80.35177636
2025-07-19 04:00:00,118412.0,118440.0,118157.0,118260.0,49.78897624
2025-07-19 08:00:00,118259.0,118553.0,118043.0,118393.0,66.57169626
2025-07-19 12:00:00,118393.0,118396.0,117719.0,118117.0,93.61028945
2025-07-19 16:00:00,118117.0,118213.0,117647.0,118074.0,121.2700448
2025-07-19 20:00:00,118073.0,118185.0,117352.0,117916.0,87.65892851
2025-07-20 00:00:00,117917.0,118211.0,117734.0,118044.0,92.65241817
2025-07-20 04:00:00,118044.0,118256.0,117845.0,118089.0,47.12245555
2025-07-20 08:00:00,118089.0,118327.0,117887.0,117938.0,76.89124212
2025-07-20 12:00:00,117935.0,118825.0,117788.0,118727.0,106.0333183
2025-07-20 16:00:00,118746.0,118896.0,118029.0,118248.0,90.18072816
2025-07-20 20:00:00,118218.0,118316.0,116551.0,117339.0,202.31830504
2025-07-21 00:00:00,117220.0,118667.0,116594.0,118453.0,169.24163799
2025-07-21 04:00:00,118450.0,119682.0,118225.0,119388.0,145.09795356
2025-07-21 08:00:00,119388.0,119533.0,118114.0,118114.0,151.95826728
2025-07-21 12:00:00,118115.0,119282.0,117831.0,118385.0,372.73984869
2025-07-21 16:00:00,118385.0,118442.0,116719.0,116802.0,373.44201882
2025-07-21 20:00:00,116803.0,117689.0,116710.0,117437.0,122.02185166
2025-07-22 00:00:00,117437.0,117973.0,116186.0,117250.0,254.43500949
2025-07-22 04:00:00,117250.0,118625.0,116618.0,118035.0,216.01766841
2025-07-22 08:00:00,118014.0,119253.0,117548.0,119226.0,177.35055825
2025-07-22 12:00:00,119225.0,119626.0,117626.0,118963.0,250.2922632
2025-07-22 16:00:00,118966.0,120247.0,118483.0,119344.0,249.86506603
2025-07-22 20:00:00,119353.0,120297.0,119252.0,120011.0,150.12926923
2025-07-23 00:00:00,120011.0,120165.0,118610.0,118675.0,100.55491526
2025-07-23 04:00:00,118676.0,119039.0,118360.0,118414.0,78.0059683
2025-07-23 08:00:00,118398.0,118682.0,117900.0,118592.0,90.11700843
2025-07-23 12:00:00,118592.0,118753.0,117376.0,118648.0,257.0168809
2025-07-23 16:00:00,118647.0,118647.0,117401.0,118415.0,302.31100806
2025-07-23 20:00:00,118458.0,118815.0,117450.0,118813.0,152.22591453
2025-07-24 00:00:00,118795.0,119310.0,118555.0,118566.0,128.82841564
2025-07-24 04:00:00,118590.0,118648.0,117201.0,118480.0,170.84986553
2025-07-24 08:00:00,118470.0,118867.0,118043.0,118663.0,109.02005569
2025-07-24 12:00:00,118634.0,119525.0,117916.0,119153.0,251.69042271
2025-07-24 16:00:00,119153.0,119454.0,118440.0,119028.0,222.70081983
2025-07-24 20:00:00,119025.0,119076.0,118241.0,118347.0,196.33171816
2025-07-25 00:00:00,118400.0,118509.0,115369.0,115400.0,1357.98662562
2025-07-25 04:00:00,115400.0,116146.0,114518.0,115329.0,1575.40138656
2025-07-25 08:00:00,115327.0,116800.0,114965.0,116514.0,1363.05633405
2025-07-25 12:00:00,116516.0,116644.0,114922.0,115745.0,656.64283203
2025-07-25 16:00:00,115744.0,117070.0,115479.0,116785.0,468.53539897
2025-07-25 20:00:00,116785.0,117655.0,116618.0,117653.0,240.31617464
2025-07-26 00:00:00,117652.0,117774.0,117196.0,117535.0,162.43894576
2025-07-26 04:00:00,117534.0,117601.0,117367.0,117368.0,52.25436588
2025-07-26 08:00:00,117375.0,118236.0,117375.0,117846.0,135.52525938
2025-07-26 12:00:00,117846.0,118270.0,117831.0,118167.0,119.28883383
2025-07-26 16:00:00,118167.0,118340.0,118001.0,118276.0,56.9778515
2025-07-26 20:00:00,118276.0,118312.0,117944.0,117962.0,91.94797114
2025-07-27 00:00:00,117983.0,118397.0,117888.0,118243.0,82.55783042
2025-07-27 04:00:00,118249.0,118479.0,118142.0,118164.0,43.53838444
2025-07-27 08:00:00,118164.0,118327.0,117916.0,118136.0,71.3688544
2025-07-27 12:00:00,118135.0,118636.0,117958.0,118626.0,98.81045781
2025-07-27 16:00:00,118626.0,119579.0,118626.0,119008.0,177.32018574
2025-07-27 20:00:00,118994.0,119798.0,118783.0,119469.0,105.97906243
2025-07-28 00:00:00,119514.0,119826.0,119010.0,119300.0,150.56250347
2025-07-28 04:00:00,119305.0,119698.0,118783.0,118902.0,123.20358457
2025-07-28 08:00:00,118901.0,119121.0,118498.0,118836.0,66.75590056
2025-07-28 12:00:00,118836.0,119096.0,117900.0,118167.0,337.01170365
2025-07-28 16:00:00,118163.0,118378.0,117400.0,118065.0,234.23583132
2025-07-28 20:00:00,118065.0,118327.0,117503.0,118051.0,150.58471138
2025-07-29 00:00:00,118068.0,118782.0,117464.0,118735.0,131.30441597
2025-07-29 04:00:00,118744.0,119267.0,118426.0,118898.0,75.47000078
2025-07-29 08:00:00,118892.0,119056.0,118186.0,118581.0,90.16147228
2025-07-29 12:00:00,118582.0,119053.0,117238.0,117397.0,274.68360459
2025-07-29 16:00:00,117396.0,118026.0,116928.0,117481.0,332.63392618
2025-07-29 20:00:00,117486.0,117958.0,117051.0,117926.0,257.06991075
2025-07-30 00:00:00,117926.0,118241.0,117421.0,118144.0,108.20169177
2025-07-30 04:00:00,118162.0,118383.0,117689.0,118113.0,80.41835371
2025-07-30 08:00:00,118113.0,118454.0,117379.0,117557.0,124.10943024
2025-07-30 12:00:00,117560.0,118775.0,117365.0,117984.0,256.74364731
2025-07-30 16:00:00,117984.0,118034.0,115784.0,116932.0,392.10552784
2025-07-30 20:00:00,116887.0,117900.0,116876.0,117834.0,82.05697801
2025-07-31 00:00:00,117833.0,118582.0,117777.0,118439.0,135.55064985
2025-07-31 04:00:00,118455.0,118904.0,118284.0,118674.0,80.14199491
2025-07-31 08:00:00,118675.0,118750.0,118286.0,118347.0,72.36692456
2025-07-31 12:00:00,118346.0,118654.0,117811.0,118290.0,307.46443047
2025-07-31 16:00:00,118290.0,118867.0,116739.0,116767.0,241.74848352
2025-07-31 20:00:00,116760.0,116967.0,115512.0,115750.0,185.43971931
2025-08-01 00:00:00,115749.0,116054.0,114322.0,115643.0,351.44286832
2025-08-01 04:00:00,115638.0,115882.0,114621.0,115063.0,151.14555476
2025-08-01 08:00:00,115055.0,115320.0,114116.0,115255.0,287.42506536
2025-08-01 12:00:00,115260.0,115983.0,113900.0,115320.0,673.71292671
2025-08-01 16:00:00,115320.0,115667.0,113175.0,113261.0,543.28420036
2025-08-01 20:00:00,113260.0,114020.0,112680.0,113243.0,322.7768234
2025-08-02 00:00:00,113243.0,113856.0,113150.0,113856.0,131.93668173
2025-08-02 04:00:00,113856.0,114008.0,113447.0,113949.0,136.2528591
2025-08-02 08:00:00,113950.0,114005.0,113419.0,113764.0,109.52771395
2025-08-02 12:00:00,113763.0,113763.0,112781.0,112800.0,223.79920782
2025-08-02 16:00:00,112800.0,113456.0,111987.0,112228.0,316.5334619
2025-08-02 20:00:00,112214.0,113038.0,112066.0,112522.0,175.62096987
2025-08-03 00:00:00,112522.0,113705.0,111919.0,113574.0,220.32380381
2025-08-03 04:00:00,113568.0,113692.0,113326.0,113692.0,32.5353009
2025-08-03 08:00:00,113692.0,114227.0,113543.0,113883.0,121.41760893
2025-08-03 12:00:00,113883.0,114094.0,113597.0,113951.0,101.99414592
2025-08-03 16:00:00,113950.0,114774.0,113775.0,114315.0,142.79654057
2025-08-03 20:00:00,114280.0,114609.0,114079.0,114226.0,138.64077524
2025-08-04 00:00:00,114245.0,114995.0,114143.0,114594.0,151.88857629
2025-08-04 04:00:00,114596.0,114782.0,114184.0,114687.0,73.88324301
2025-08-04 08:00:00,114686.0,114767.0,114225.0,114506.0,119.33224608
2025-08-04 12:00:00,114506.0,115479.0,114129.0,114839.0,352.41724342
2025-08-04 16:00:00,114839.0,115732.0,114720.0,114754.0,137.14083881
2025-08-04 20:00:00,114753.0,115382.0,114625.0,115051.0,98.61436162
2025-08-05 00:00:00,115051.0,115106.0,114252.0,114253.0,72.49037165
2025-08-05 04:00:00,114252.0,114486.0,113705.0,113965.0,125.92428446
2025-08-05 08:00:00,113965.0,115078.0,113924.0,114822.0,103.36112313
2025-08-05 12:00:00,114822.0,114899.0,112660.0,112916.0,398.83587774
2025-08-05 16:00:00,112917.0,113746.0,112808.0,113603.0,110.0450048
2025-08-05 20:00:00,113631.0,114210.0,113298.0,114133.0,131.14971294
2025-08-06 00:00:00,114129.0,114129.0,113407.0,113514.0,61.0683674
2025-08-06 04:00:00,113487.0,114390.0,113365.0,114231.0,82.8547467
2025-08-06 08:00:00,114192.0,114402.0,113733.0,114232.0,115.61526105
2025-08-06 12:00:00,114239.0,115507.0,113570.0,115472.0,469.45612625
2025-08-06 16:00:00,115423.0,115729.0,114933.0,115295.0,321.52807904
2025-08-06 20:00:00,115294.0,115307.0,114831.0,115030.0,152.11453739
2025-08-07 00:00:00,115030.0,115216.0,114431.0,114571.0,96.87083702
2025-08-07 04:00:00,114555.0,114898.0,114280.0,114815.0,97.63884055
2025-08-07 08:00:00,114814.0,116848.0,114814.0,116541.0,297.61605378
2025-08-07 12:00:00,116553.0,116838.0,116053.0,116730.0,269.27238666
2025-08-07 16:00:00,116747.0,117577.0,115684.0,117542.0,509.43910146
2025-08-07 20:00:00,117536.0,117675.0,117070.0,117515.0,176.74579857
2025-08-08 00:00:00,117515.0,117661.0,116719.0,116774.0,261.29459148
2025-08-08 04:00:00,116774.0,116999.0,116397.0,116861.0,200.72764352
2025-08-08 08:00:00,116854.0,116962.0,116351.0,116923.0,119.38226842
2025-08-08 12:00:00,116923.0,117309.0,115896.0,116209.0,326.69435772
2025-08-08 16:00:00,116208.0,116911.0,115997.0,116491.0,534.9833876
2025-08-08 20:00:00,116475.0,116999.0,116345.0,116675.0,156.05313923
2025-08-09 00:00:00,116675.0,116765.0,116350.0,116393.0,284.03915269
2025-08-09 04:00:00,116393.0,116985.0,116369.0,116776.0,120.20348926
2025-08-09 08:00:00,116780.0,117929.0,116767.0,117115.0,169.99664223
2025-08-09 12:00:00,117116.0,117251.0,116734.0,116912.0,135.78030535
2025-08-09 16:00:00,116912.0,116957.0,116549.0,116567.0,110.1397519
2025-08-09 20:00:00,116567.0,117035.0,116412.0,116495.0,165.83145146
2025-08-10 00:00:00,116490.0,118500.0,116490.0,118500.0,273.41844176
2025-08-10 04:00:00,118499.0,118760.0,117495.0,117803.0,113.41695954
2025-08-10 08:00:00,117818.0,118500.0,117620.0,118324.0,71.28939555
2025-08-10 12:00:00,118325.0,119154.0,118239.0,118818.0,142.43306033
2025-08-10 16:00:00,118817.0,118924.0,118440.0,118675.0,148.44738257
2025-08-10 20:00:00,118675.0,119310.0,118108.0,119310.0,269.22076896
2025-08-11 00:00:00,119312.0,122155.0,119000.0,121705.0,551.41125125
2025-08-11 04:00:00,121705.0,122312.0,121461.0,121525.0,279.11573254
2025-08-11 08:00:00,121523.0,121800.0,120273.0,120533.0,292.83481989
2025-08-11 12:00:00,120532.0,120632.0,119350.0,120306.0,428.42608244
2025-08-11 16:00:00,120295.0,120791.0,118654.0,119077.0,303.66809009
2025-08-11 20:00:00,119078.0,119185.0,118043.0,118712.0,205.65011583
2025-08-12 00:00:00,118711.0,119305.0,118619.0,118862.0,201.33731293
2025-08-12 04:00:00,118852.0,119153.0,118440.0,118992.0,230.79335957
2025-08-12 08:00:00,118992.0,119047.0,118214.0,118548.0,219.82398602
2025-08-12 12:00:00,118488.0,119973.0,118270.0,119943.0,615.4339053
2025-08-12 16:00:00,119947.0,120207.0,119185.0,119657.0,277.62884995
2025-08-12 20:00:00,119657.0,120304.0,119495.0,120107.0,289.31523526
2025-08-13 00:00:00,120113.0,120169.0,119075.0,119468.0,276.80369745
2025-08-13 04:00:00,119468.0,119827.0,118940.0,119619.0,166.98296246
2025-08-13 08:00:00,119583.0,120714.0,119450.0,120564.0,301.69095443
2025-08-13 12:00:00,120561.0,122208.0,120129.0,120940.0,900.52650395
2025-08-13 16:00:00,120955.0,122884.0,120954.0,122774.0,516.12979403
2025-08-13 20:00:00,122811.0,123715.0,122376.0,123360.0,462.37702232
2025-08-14 00:00:00,123360.0,124517.0,123307.0,123415.0,252.46902327
2025-08-14 04:00:00,123400.0,123472.0,121365.0,121773.0,251.97879955
2025-08-14 08:00:00,121784.0,122076.0,120760.0,121019.0,288.42006962
2025-08-14 12:00:00,121019.0,121186.0,117719.0,118318.0,923.53402828
2025-08-14 16:00:00,118297.0,118621.0,117201.0,118019.0,564.63531367
2025-08-14 20:00:00,118018.0,118611.0,117396.0,118394.0,287.10600526
2025-08-15 00:00:00,118393.0,119196.0,118137.0,119091.0,165.00003934
2025-08-15 04:00:00,119091.0,119336.0,118754.0,119041.0,170.79304631
2025-08-15 08:00:00,119041.0,119248.0,118669.0,119097.0,157.3462366
2025-08-15 12:00:00,119090.0,119196.0,116900.0,117332.0,630.32490199
2025-08-15 16:00:00,117332.0,117933.0,116856.0,116993.0,190.43527177
2025-08-15 20:00:00,117011.0,117859.0,116909.0,117446.0,167.04550874
2025-08-16 00:00:00,117445.0,118057.0,117337.0,117533.0,212.24920267
2025-08-16 04:00:00,117533.0,117980.0,117394.0,117706.0,142.15967401
2025-08-16 08:00:00,117693.0,117799.0,117252.0,117443.0,140.3004486
2025-08-16 12:00:00,117460.0,117909.0,117412.0,117764.0,151.01948446
2025-08-16 16:00:00,117765.0,117905.0,117705.0,117756.0,66.14176028
2025-08-16 20:00:00,117748.0,117788.0,117309.0,117460.0,106.68722221
2025-08-17 00:00:00,117451.0,117825.0,117266.0,117759.0,103.9904804
2025-08-17 04:00:00,117759.0,118321.0,117758.0,118095.0,160.55701085
2025-08-17 08:00:00,118095.0,118554.0,118010.0,118365.0,109.5231156
2025-08-17 12:00:00,118365.0,118626.0,118132.0,118305.0,112.82999701
2025-08-17 16:00:00,118318.0,118375.0,117399.0,117648.0,163.86130443
2025-08-17 20:00:00,117633.0,118071.0,117447.0,117490.0,171.74049363
2025-08-18 00:00:00,117465.0,117622.0,115059.0,115387.0,503.02372908
2025-08-18 04:00:00,115388.0,115792.0,114955.0,115268.0,195.21336531
2025-08-18 08:00:00,115275.0,115451.0,114706.0,115005.0,330.54323565
2025-08-18 12:00:00,115005.0,116220.0,114899.0,116212.0,421.58527699
2025-08-18 16:00:00,116185.0,116864.0,115923.0,116345.0,289.64948589
2025-08-18 20:00:00,116364.0,117033.0,116057.0,116265.0,198.42141605
2025-08-19 00:00:00,116295.0,116765.0,114871.0,114872.0,231.1704592
2025-08-19 04:00:00,114885.0,115507.0,114442.0,115026.0,188.43693085
2025-08-19 08:00:00,115016.0,115701.0,114838.0,115539.0,207.81763213
2025-08-19 12:00:00,115539.0,115882.0,113588.0,113770.0,546.38113392
2025-08-19 16:00:00,113785.0,113902.0,112730.0,113098.0,315.22267036
2025-08-19 20:00:00,113095.0,113567.0,112702.0,112870.0,187.71938651
2025-08-20 00:00:00,112870.0,113624.0,112580.0,113523.0,203.15305202
2025-08-20 04:00:00,113524.0,113828.0,113447.0,113477.0,93.13646922
2025-08-20 08:00:00,113477.0,114198.0,113067.0,113656.0,354.43165915
2025-08-20 12:00:00,113656.0,114323.0,112353.0,113318.0,709.00360573
2025-08-20 16:00:00,113342.0,114455.0,113263.0,114269.0,576.46910724
2025-08-20 20:00:00,114269.0,114618.0,113995.0,114263.0,324.96201105
2025-08-21 00:00:00,114263.0,114801.0,113899.0,113952.0,341.19464263
2025-08-21 04:00:00,113952.0,114014.0,113569.0,113883.0,140.51831599
2025-08-21 08:00:00,113882.0,113980.0,112998.0,113146.0,198.98942792
2025-08-21 12:00:00,113132.0,113951.0,112600.0,112765.0,543.26347123
2025-08-21 16:00:00,112758.0,112935.0,111972.0,112152.0,343.66731992
2025-08-21 20:00:00,112146.0,112819.0,112021.0,112472.0,298.20781862
2025-08-22 00:00:00,112471.0,113472.0,112297.0,112874.0,419.46218689
2025-08-22 04:00:00,112874.0,113336.0,112674.0,113050.0,320.15771522
2025-08-22 08:00:00,113045.0,113262.0,112148.0,112279.0,354.48361215
2025-08-22 12:00:00,112279.0,117317.0,111658.0,116378.0,874.25765155
2025-08-22 16:00:00,116391.0,117421.0,116113.0,116658.0,603.00556913
2025-08-22 20:00:00,116642.0,117170.0,116530.0,116891.0,175.65701598
2025-08-23 00:00:00,116908.0,116985.0,115411.0,115518.0,291.79590729
2025-08-23 04:00:00,115515.0,115978.0,115496.0,115743.0,134.69507202
2025-08-23 08:00:00,115743.0,115829.0,115189.0,115240.0,126.77571823
2025-08-23 12:00:00,115271.0,115444.0,114536.0,114793.0,229.50798641
2025-08-23 16:00:00,114778.0,115147.0,114654.0,115104.0,134.23322502
2025-08-23 20:00:00,115109.0,115396.0,114981.0,115392.0,94.75616973
2025-08-24 00:00:00,115391.0,115626.0,114899.0,114988.0,231.53718096
2025-08-24 04:00:00,114988.0,115248.0,114809.0,114843.0,99.70261772
2025-08-24 08:00:00,114843.0,115010.0,114566.0,114711.0,175.63583887
2025-08-24 12:00:00,114711.0,114843.0,114323.0,114373.0,186.35704232
2025-08-24 16:00:00,114368.0,114857.0,110671.0,112563.0,630.02875268
2025-08-24 20:00:00,112559.0,113664.0,111677.0,113478.0,383.59778402
2025-08-25 00:00:00,113491.0,113645.0,112138.0,112897.0,167.83059343
2025-08-25 04:00:00,112897.0,113038.0,111289.0,111481.0,300.15937721
2025-08-25 08:00:00,111466.0,111811.0,110900.0,111165.0,377.19419312
2025-08-25 12:00:00,111167.0,112573.0,110584.0,112196.0,661.72482516
2025-08-25 16:00:00,112225.0,112943.0,110658.0,110666.0,408.28710913
2025-08-25 20:00:00,110692.0,111076.0,109283.0,110136.0,542.86270067
2025-08-26 00:00:00,110128.0,110128.0,108717.0,109889.0,218.41920885
2025-08-26 04:00:00,109909.0,110544.0,109790.0,110314.0,118.85819909
2025-08-26 08:00:00,110315.0,110455.0,109582.0,109878.0,258.60056855
2025-08-26 12:00:00,109901.0,110770.0,109369.0,109673.0,479.00779334
2025-08-26 16:00:00,109664.0,111177.0,109449.0,111147.0,467.92986018
2025-08-26 20:00:00,111121.0,112400.0,110934.0,111788.0,378.25277004
2025-08-27 00:00:00,111789.0,111836.0,110929.0,111427.0,148.59623927
2025-08-27 04:00:00,111424.0,111730.0,110653.0,110738.0,126.83202659
2025-08-27 08:00:00,110752.0,111409.0,110381.0,111334.0,134.78013113
2025-08-27 12:00:00,111333.0,112646.0,111049.0,112038.0,413.60763195
2025-08-27 16:00:00,112039.0,112632.0,111572.0,112093.0,83.99848673
2025-08-27 20:00:00,112088.0,112465.0,110918.0,111273.0,207.87776248
2025-08-28 00:00:00,111272.0,112060.0,110876.0,112015.0,141.44821715
2025-08-28 04:00:00,112014.0,113365.0,111958.0,113147.0,237.32615999
2025-08-28 08:00:00,113148.0,113361.0,112836.0,112929.0,83.86658954
2025-08-28 12:00:00,112930.0,113473.0,112403.0,112692.0,445.80203866
2025-08-28 16:00:00,112711.0,113196.0,111906.0,111906.0,302.57327278
2025-08-28 20:00:00,111917.0,112591.0,111869.0,112581.0,102.34684711
2025-08-29 00:00:00,112581.0,112654.0,111343.0,111730.0,162.68503109
2025-08-29 04:00:00,111729.0,111878.0,109927.0,110041.0,316.2845561
2025-08-29 08:00:00,110040.0,110291.0,109436.0,110112.0,242.07077971
2025-08-29 12:00:00,110113.0,111480.0,108042.0,108402.0,688.46501028
2025-08-29 16:00:00,108402.0,108854.0,107904.0,108236.0,291.03596457
2025-08-29 20:00:00,108234.0,108558.0,107488.0,108362.0,276.78278299
2025-08-30 00:00:00,108376.0,108438.0,107389.0,108437.0,248.3544559
2025-08-30 04:00:00,108441.0,108663.0,108130.0,108520.0,201.29697425
2025-08-30 08:00:00,108520.0,108766.0,108416.0,108706.0,87.00211778
2025-08-30 12:00:00,108695.0,108924.0,108234.0,108886.0,121.17459793
2025-08-30 16:00:00,108852.0,108911.0,108638.0,108853.0,67.99980016
2025-08-30 20:00:00,108858.0,108859.0,108486.0,108827.0,65.00218464
2025-08-31 00:00:00,108827.0,109503.0,108824.0,109208.0,163.8022987
2025-08-31 04:00:00,109175.0,109183.0,108541.0,108727.0,74.02127308
2025-08-31 08:00:00,108725.0,109107.0,108339.0,108399.0,112.04619729
2025-08-31 12:00:00,108394.0,108851.0,108208.0,108818.0,74.87019523
2025-08-31 16:00:00,108810.0,109237.0,108573.0,108941.0,119.82580975
2025-08-31 20:00:00,108946.0,109238.0,108092.0,108269.0,202.80202306
2025-09-01 00:00:00,108268.0,108468.0,107419.0,107670.0,271.69810796
2025-09-01 04:00:00,107654.0,109422.0,107270.0,109422.0,253.79801277
2025-09-01 08:00:00,109422.0,109907.0,108188.0,108775.0,261.44264041
2025-09-01 12:00:00,108775.0,109533.0,108586.0,108779.0,198.68546175
2025-09-01 16:00:00,108812.0,109317.0,108455.0,109218.0,183.35160768
2025-09-01 20:00:00,109211.0,109444.0,107483.0,109244.0,415.08597551
2025-09-02 00:00:00,109255.0,110602.0,108888.0,110326.0,210.56937558
2025-09-02 04:00:00,110328.0,110604.0,110016.0,110254.0,299.93047585
2025-09-02 08:00:00,110253.0,110710.0,109598.0,109755.0,269.54264027
2025-09-02 12:00:00,109751.0,111775.0,108426.0,110844.0,703.20084593
2025-09-02 16:00:00,110848.0,111148.0,110200.0,110809.0,413.2947708
2025-09-02 20:00:00,110808.0,111556.0,110718.0,111238.0,222.06018213
2025-09-03 00:00:00,111238.0,111787.0,110905.0,111069.0,361.56822246
2025-09-03 04:00:00,111065.0,111164.0,110550.0,111116.0,227.3160135
2025-09-03 08:00:00,111115.0,111726.0,110917.0,111470.0,259.3209224
2025-09-03 12:00:00,111473.0,112525.0,111070.0,112246.0,687.06902951
2025-09-03 16:00:00,112245.0,112615.0,111704.0,112256.0,417.78341344
2025-09-03 20:00:00,112240.0,112301.0,111678.0,111759.0,136.12161137
2025-09-04 00:00:00,111758.0,112223.0,111184.0,111188.0,293.74596109
2025-09-04 04:00:00,111191.0,111369.0,110326.0,110506.0,308.10610678
2025-09-04 08:00:00,110505.0,111169.0,110444.0,110859.0,176.65317358
2025-09-04 12:00:00,110859.0,111156.0,109343.0,109522.0,458.66052777
2025-09-04 16:00:00,109522.0,110213.0,109361.0,109817.0,410.25743782
2025-09-04 20:00:00,109820.0,111750.0,109772.0,110747.0,284.13544791
2025-09-05 00:00:00,110738.0,111490.0,110464.0,111321.0,238.70563351
2025-09-05 04:00:00,111321.0,113002.0,111165.0,112978.0,338.12801905
2025-09-05 08:00:00,112973.0,112990.0,112144.0,112374.0,243.87568757
2025-09-05 12:00:00,112375.0,113402.0,110288.0,110722.0,735.97889179
2025-09-05 16:00:00,110723.0,111637.0,110226.0,111630.0,365.87451953
2025-09-05 20:00:00,111626.0,111703.0,110393.0,110669.0,291.67926572
2025-09-06 00:00:00,110668.0,111314.0,110570.0,111089.0,147.92534497
2025-09-06 04:00:00,111090.0,111090.0,110710.0,110834.0,64.98980905
2025-09-06 08:00:00,110848.0,110982.0,110687.0,110799.0,65.2532891
2025-09-06 12:00:00,110800.0,111014.0,110385.0,110411.0,147.96535848
2025-09-06 16:00:00,110408.0,110411.0,110021.0,110059.0,230.76284449
2025-09-06 20:00:00,110068.0,110319.0,110057.0,110223.0,96.46418077
2025-09-07 00:00:00,110223.0,110755.0,110212.0,110660.0,88.18696733
2025-09-07 04:00:00,110660.0,110916.0,110491.0,110770.0,138.46444248
2025-09-07 08:00:00,110767.0,111369.0,110734.0,111300.0,247.09508577
2025-09-07 12:00:00,111313.0,111412.0,111051.0,111332.0,133.56886237
2025-09-07 16:00:00,111332.0,111369.0,110876.0,111268.0,250.85570743
2025-09-07 20:00:00,111266.0,111597.0,111009.0,111144.0,289.5870649
2025-09-08 00:00:00,111144.0,111354.0,110624.0,111039.0,301.47735495
2025-09-08 04:00:00,111024.0,111597.0,110903.0,111263.0,134.11064107
2025-09-08 08:00:00,111278.0,112169.0,111237.0,112042.0,208.35530308
2025-09-08 12:00:00,112047.0,112935.0,111879.0,112644.0,354.83724623
2025-09-08 16:00:00,112643.0,112687.0,112013.0,112089.0,203.07199304
2025-09-08 20:00:00,112115.0,112511.0,111905.0,112098.0,180.47253404
2025-09-09 00:00:00,112097.0,112112.0,111130.0,111714.0,186.16489902
2025-09-09 04:00:00,111703.0,113279.0,111636.0,112996.0,252.20959098
2025-09-09 08:00:00,113049.0,113161.0,112430.0,112443.0,108.35203332
2025-09-09 12:00:00,112450.0,112957.0,110768.0,110886.0,469.41629185
2025-09-09 16:00:00,110885.0,111417.0,110796.0,111308.0,265.90317247
2025-09-09 20:00:00,111306.0,111731.0,111095.0,111531.0,162.03445275
2025-09-10 00:00:00,111551.0,111569.0,110932.0,111554.0,150.53332845
2025-09-10 04:00:00,111555.0,112579.0,111373.0,112543.0,115.02980139
2025-09-10 08:00:00,112542.0,112835.0,112120.0,112289.0,122.83194338
2025-09-10 12:00:00,112289.0,114348.0,112289.0,113875.0,708.0377336
2025-09-10 16:00:00,113882.0,114115.0,113207.0,113621.0,355.4799516
2025-09-10 20:00:00,113621.0,114047.0,113566.0,113988.0,171.97376685
2025-09-11 00:00:00,113987.0,114462.0,113708.0,114430.0,132.26728774
2025-09-11 04:00:00,114429.0,114485.0,114007.0,114115.0,232.32604001
2025-09-11 08:00:00,114100.0,114250.0,113815.0,114045.0,132.40749709
2025-09-11 12:00:00,114055.0,114735.0,113460.0,114228.0,572.53443842
2025-09-11 16:00:00,114210.0,114654.0,114137.0,114461.0,137.85777528
2025-09-11 20:00:00,114463.0,115533.0,114287.0,115533.0,281.35094356
2025-09-12 00:00:00,115533.0,116358.0,115106.0,115242.0,380.14532064
2025-09-12 04:00:00,115228.0,115701.0,115121.0,115152.0,350.25149301
2025-09-12 08:00:00,115155.0,115313.0,114912.0,114945.0,170.4349312
2025-09-12 12:00:00,114949.0,115507.0,114770.0,115153.0,621.52671821
2025-09-12 16:00:00,115164.0,116805.0,115059.0,116783.0,479.33217718
2025-09-12 20:00:00,116784.0,116784.0,115867.0,116108.0,156.72967244
2025-09-13 00:00:00,116108.0,116364.0,115687.0,116029.0,156.06783215
2025-09-13 04:00:00,116024.0,116024.0,115729.0,115855.0,60.05428732
2025-09-13 08:00:00,115851.0,116244.0,115848.0,116040.0,73.1076037
2025-09-13 12:00:00,116039.0,116130.0,115679.0,115836.0,133.83558233
2025-09-13 16:00:00,115836.0,115885.0,115177.0,115848.0,160.29088297
2025-09-13 20:00:00,115849.0,116038.0,115848.0,115981.0,54.56382041
2025-09-14 00:00:00,115980.0,116160.0,115715.0,115722.0,111.89029914
2025-09-14 04:00:00,115716.0,116007.0,115521.0,115873.0,62.35739966
2025-09-14 08:00:00,115870.0,116216.0,115816.0,115860.0,89.27508434
2025-09-14 12:00:00,115860.0,115940.0,115231.0,115289.0,212.44108534
2025-09-14 16:00:00,115289.0,115701.0,115250.0,115684.0,63.7975147
2025-09-14 20:00:00,115685.0,116132.0,115190.0,115342.0,169.29111429
2025-09-15 00:00:00,115316.0,115618.0,114885.0,115491.0,98.43568989
2025-09-15 04:00:00,115478.0,116786.0,115433.0,115846.0,191.96524897
2025-09-15 08:00:00,115847.0,115848.0,114685.0,115111.0,166.49980319
2025-09-15 12:00:00,115111.0,115123.0,114421.0,114896.0,566.07592798
2025-09-15 16:00:00,114876.0,115582.0,114633.0,115341.0,285.25603928
2025-09-15 20:00:00,115329.0,115643.0,115231.0,115387.0,188.38537484
2025-09-16 00:00:00,115389.0,115535.0,114990.0,115338.0,152.40074689
2025-09-16 04:00:00,115338.0,116035.0,114981.0,115865.0,168.50983834
2025-09-16 08:00:00,115864.0,116001.0,115233.0,115316.0,137.06799888
2025-09-16 12:00:00,115316.0,115935.0,114776.0,115935.0,383.74593368
2025-09-16 16:00:00,115935.0,116902.0,115646.0,116853.0,274.80240169
2025-09-16 20:00:00,116854.0,117006.0,116644.0,116837.0,138.90739896
2025-09-17 00:00:00,116836.0,117109.0,116429.0,116430.0,174.94853808
2025-09-17 04:00:00,116430.0,117323.0,116216.0,117200.0,234.61959116
2025-09-17 08:00:00,117205.0,117228.0,116287.0,116288.0,109.13043169
2025-09-17 12:00:00,116287.0,116540.0,115504.0,115909.0,296.49569562
2025-09-17 16:00:00,115909.0,116341.0,114747.0,115701.0,867.13300233
2025-09-17 20:00:00,115697.0,117030.0,115364.0,116477.0,471.52079157
2025-09-18 00:00:00,116482.0,117934.0,116144.0,117620.0,329.26778355
2025-09-18 04:00:00,117626.0,117793.0,116922.0,117111.0,263.78129744
2025-09-18 08:00:00,117109.0,117435.0,117044.0,117101.0,223.63166285
2025-09-18 12:00:00,117101.0,117887.0,117028.0,117632.0,685.0521431
2025-09-18 16:00:00,117631.0,117968.0,117242.0,117508.0,290.05056676
2025-09-18 20:00:00,117509.0,117715.0,116692.0,117125.0,301.41475384
2025-09-19 00:00:00,117124.0,117506.0,116935.0,117029.0,163.93639116
2025-09-19 04:00:00,117029.0,117126.0,116705.0,116973.0,210.10314311
2025-09-19 08:00:00,116973.0,117154.0,116369.0,116456.0,435.25918755
2025-09-19 12:00:00,116455.0,116578.0,115507.0,115948.0,502.60370717
2025-09-19 16:00:00,115947.0,116202.0,115157.0,115160.0,343.19167051
2025-09-19 20:00:00,115160.0,115715.0,115144.0,115702.0,147.61580288
2025-09-20 00:00:00,115703.0,115794.0,115479.0,115512.0,114.76701351
2025-09-20 04:00:00,115512.0,116040.0,115484.0,116027.0,99.45981403
2025-09-20 08:00:00,116026.0,116026.0,115731.0,115958.0,135.75548275
2025-09-20 12:00:00,115959.0,116197.0,115882.0,116066.0,255.09544495
2025-09-20 16:00:00,116067.0,116161.0,115780.0,115782.0,268.91691757
2025-09-20 20:00:00,115782.0,116019.0,115693.0,115759.0,237.99422963
2025-09-21 00:00:00,115758.0,115813.0,115521.0,115722.0,136.04285337
2025-09-21 04:00:00,115722.0,115901.0,115569.0,115891.0,210.86354259
2025-09-21 08:00:00,115896.0,115901.0,115411.0,115675.0,86.33686278
2025-09-21 12:00:00,115675.0,115822.0,115535.0,115594.0,105.88389975
2025-09-21 16:00:00,115594.0,115724.0,115287.0,115554.0,120.90019389
2025-09-21 20:00:00,115554.0,115604.0,115258.0,115292.0,129.17037558
2025-09-22 00:00:00,115275.0,115435.0,114225.0,114721.0,361.84198977
2025-09-22 04:00:00,114707.0,114723.0,111986.0,112594.0,403.71618999
2025-09-22 08:00:00,112594.0,113044.0,112268.0,112956.0,228.45889732
2025-09-22 12:00:00,112956.0,113515.0,112473.0,112905.0,459.57940525
2025-09-22 16:00:00,112904.0,112975.0,112015.0,112177.0,297.38596298
2025-09-22 20:00:00,112193.0,113052.0,112049.0,112741.0,200.77973116
2025-09-23 00:00:00,112741.0,112920.0,111571.0,112415.0,257.10460057
2025-09-23 04:00:00,112428.0,113175.0,111966.0,113147.0,212.95540786
2025-09-23 08:00:00,113153.0,113337.0,112754.0,113052.0,188.14449656
2025-09-23 12:00:00,113049.0,113344.0,112549.0,112938.0,256.06788202
2025-09-23 16:00:00,112938.0,113016.0,111570.0,111676.0,346.88773247
2025-09-23 20:00:00,111676.0,112262.0,111463.0,112025.0,206.87866779
2025-09-24 00:00:00,112025.0,112530.0,111717.0,111720.0,283.99567891
2025-09-24 04:00:00,111722.0,112807.0,111115.0,112608.0,192.87143326
2025-09-24 08:00:00,112617.0,113188.0,112435.0,113062.0,134.46343985
2025-09-24 12:00:00,113054.0,113938.0,112849.0,113392.0,356.607829
2025-09-24 16:00:00,113398.0,114005.0,113182.0,113467.0,239.29407619
2025-09-24 20:00:00,113471.0,113692.0,113247.0,113339.0,113.67422071
2025-09-25 00:00:00,113351.0,113542.0,112241.0,112596.0,298.26731418
2025-09-25 04:00:00,112559.0,112618.0,111483.0,111781.0,170.17602687
2025-09-25 08:00:00,111781.0,112265.0,111317.0,111372.0,208.62578573
2025-09-25 12:00:00,111367.0,111769.0,110658.0,111657.0,890.25073819
2025-09-25 16:00:00,111657.0,111742.0,108652.0,109389.0,725.61033496
2025-09-25 20:00:00,109393.0,109724.0,108816.0,109021.0,322.64182815
2025-09-26 00:00:00,109021.0,109848.0,108855.0,109630.0,208.43047557
2025-09-26 04:00:00,109644.0,109676.0,109003.0,109393.0,219.94574197
2025-09-26 08:00:00,109406.0,109768.0,108676.0,109186.0,211.10126608
2025-09-26 12:00:00,109185.0,109829.0,108809.0,109084.0,640.51650869
2025-09-26 16:00:00,109085.0,110372.0,109085.0,109241.0,410.62222253
2025-09-26 20:00:00,109235.0,109738.0,109151.0,109696.0,158.49361356
2025-09-27 00:00:00,109694.0,109789.0,109393.0,109632.0,89.21089639
2025-09-27 04:00:00,109618.0,109785.0,109396.0,109459.0,113.41695716
2025-09-27 08:00:00,109458.0,109532.0,109130.0,109364.0,94.87883162
2025-09-27 12:00:00,109364.0,109527.0,109252.0,109459.0,64.01378561
2025-09-27 16:00:00,109458.0,109486.0,109304.0,109473.0,46.52114361
2025-09-27 20:00:00,109474.0,109751.0,109409.0,109679.0,67.35558355
2025-09-28 00:00:00,109679.0,109830.0,109396.0,109490.0,88.39821897
2025-09-28 04:00:00,109491.0,109567.0,109317.0,109557.0,47.3920315
2025-09-28 08:00:00,109557.0,109639.0,109304.0,109416.0,104.2013419
2025-09-28 12:00:00,109416.0,110056.0,109239.0,110056.0,129.77858624
2025-09-28 16:00:00,110067.0,110411.0,110031.0,110357.0,141.35291913
2025-09-28 20:00:00,110357.0,112375.0,110334.0,112203.0,278.02168161
2025-09-29 00:00:00,112203.0,112334.0,111620.0,111879.0,164.50706439
2025-09-29 04:00:00,111904.0,111933.0,111597.0,111892.0,96.43713316
2025-09-29 08:00:00,111892.0,112438.0,111892.0,112150.0,209.89641197
2025-09-29 12:00:00,112149.0,114314.0,111953.0,113881.0,762.34664756
2025-09-29 16:00:00,113884.0,114462.0,113522.0,114345.0,328.33128943
2025-09-29 20:00:00,114335.0,114486.0,114078.0,114379.0,304.62131421
2025-09-30 00:00:00,114359.0,114842.0,114108.0,114440.0,348.85712816
2025-09-30 04:00:00,114423.0,114423.0,113642.0,113753.0,177.73871045
2025-09-30 08:00:00,113750.0,113797.0,112714.0,113107.0,294.62532974
2025-09-30 12:00:00,113098.0,113723.0,112917.0,113133.0,305.96728467
2025-09-30 16:00:00,113134.0,114583.0,112808.0,114369.0,488.75468057
2025-09-30 20:00:00,114369.0,114775.0,113787.0,114065.0,257.86035518
2025-10-01 00:00:00,114079.0,114572.0,113982.0,114196.0,298.88703475
2025-10-01 04:00:00,114229.0,114747.0,114170.0,114581.0,169.00658806
2025-10-01 08:00:00,114581.0,116839.0,114520.0,116839.0,525.16306575
2025-10-01 12:00:00,116843.0,117713.0,116412.0,117500.0,553.76599564
2025-10-01 16:00:00,117501.0,118267.0,116786.0,117500.0,540.59503033
2025-10-01 20:00:00,117434.0,118708.0,117227.0,118668.0,209.61504686
2025-10-02 00:00:00,118674.0,119509.0,118454.0,118813.0,391.54892137
2025-10-02 04:00:00,118813.0,118991.0,118355.0,118577.0,140.66140268
2025-10-02 08:00:00,118579.0,118982.0,118430.0,118838.0,99.53376462
2025-10-02 12:00:00,118835.0,119996.0,118611.0,119996.0,574.55704008
2025-10-02 16:00:00,119995.0,121106.0,119454.0,120941.0,623.92870041
2025-10-02 20:00:00,120932.0,121012.0,120159.0,120612.0,249.44707177
2025-10-03 00:00:00,120645.0,120655.0,119942.0,120324.0,406.08657005
2025-10-03 04:00:00,120324.0,120421.0,119722.0,119740.0,339.97987092
2025-10-03 08:00:00,119741.0,120635.0,119353.0,120420.0,523.06526285
2025-10-03 12:00:00,120430.0,122443.0,120009.0,122355.0,447.5276481
2025-10-03 16:00:00,122367.0,123966.0,121565.0,122782.0,1210.56901004
2025-10-03 20:00:00,122782.0,122825.0,122116.0,122308.0,169.8439607
2025-10-04 00:00:00,122329.0,122398.0,121786.0,122324.0,104.50100882
2025-10-04 04:00:00,122324.0,122885.0,122310.0,122420.0,115.5223207
2025-10-04 08:00:00,122409.0,122612.0,122047.0,122061.0,53.15341793
2025-10-04 12:00:00,122048.0,122560.0,121790.0,121871.0,178.14454339
2025-10-04 16:00:00,121871.0,122041.0,121575.0,122036.0,104.97551616
2025-10-04 20:00:00,122052.0,122472.0,121944.0,122441.0,72.17537704
2025-10-05 00:00:00,122458.0,124383.0,122209.0,123853.0,444.78381932
2025-10-05 04:00:00,123831.0,125725.0,123793.0,124752.0,553.66515602
2025-10-05 08:00:00,124745.0,124865.0,122538.0,123491.0,240.54349162
2025-10-05 12:00:00,123477.0,123477.0,122723.0,122843.0,112.09654661
2025-10-05 16:00:00,122841.0,123491.0,122355.0,122629.0,182.86520413
2025-10-05 20:00:00,122629.0,123579.0,122518.0,123519.0,141.36342233
2025-10-06 00:00:00,123519.0,124387.0,123148.0,123914.0,345.49804337
2025-10-06 04:00:00,123903.0,124189.0,123344.0,123437.0,177.19511459
2025-10-06 08:00:00,123436.0,124517.0,123436.0,124269.0,291.41698976
2025-10-06 12:00:00,124268.0,125469.0,124233.0,125067.0,763.7202201
2025-10-06 16:00:00,125067.0,126272.0,124886.0,125481.0,529.42335747
2025-10-06 20:00:00,125468.0,125608.0,124593.0,124728.0,309.64825621
2025-10-07 00:00:00,124728.0,125154.0,124189.0,124391.0,155.65613399
2025-10-07 04:00:00,124398.0,124712.0,123654.0,123764.0,171.07943379
2025-10-07 08:00:00,123759.0,124607.0,123417.0,124545.0,226.66156815
2025-10-07 12:00:00,124544.0,125235.0,121288.0,121944.0,912.62589693
2025-10-07 16:00:00,121933.0,122150.0,120648.0,121682.0,771.16898274
2025-10-07 20:00:00,121701.0,122362.0,121311.0,121395.0,232.91288127
2025-10-08 00:00:00,121407.0,122282.0,121277.0,121438.0,381.01099049
2025-10-08 04:00:00,121441.0,121966.0,121113.0,121638.0,393.60457644
2025-10-08 08:00:00,121650.0,123239.0,121568.0,122920.0,234.12586843
2025-10-08 12:00:00,122920.0,123372.0,121722.0,122228.0,615.72058917
2025-10-08 16:00:00,122227.0,124220.0,122143.0,123478.0,618.54384119
2025-10-08 20:00:00,123474.0,123762.0,122855.0,123345.0,268.12584042
2025-10-09 00:00:00,123349.0,123375.0,121522.0,122067.0,232.97438183
2025-10-09 04:00:00,122067.0,122282.0,121770.0,121952.0,110.43119767
2025-10-09 08:00:00,121951.0,122870.0,121194.0,122787.0,273.12667545
2025-10-09 12:00:00,122786.0,123819.0,120741.0,121202.0,911.31887666
2025-10-09 16:00:00,121202.0,121536.0,119736.0,121031.0,604.6911594
2025-10-09 20:00:00,121071.0,121833.0,120922.0,121695.0,206.96662974
2025-10-10 00:00:00,121695.0,121925.0,120984.0,121099.0,153.74036005
2025-10-10 04:00:00,121099.0,121784.0,120926.0,120987.0,229.69401967
2025-10-10 08:00:00,120990.0,121813.0,120981.0,121612.0,257.08309068
2025-10-10 12:00:00,121613.0,122582.0,118497.0,119047.0,1064.01209996
2025-10-10 16:00:00,119061.0,119491.0,115968.0,116684.0,787.95401698
2025-10-10 20:00:00,116680.0,117246.0,109683.0,112996.0,2221.33535772
2025-10-11 00:00:00,112989.0,113444.0,111183.0,112441.0,699.20594839
2025-10-11 04:00:00,112424.0,113125.0,110225.0,110517.0,613.3999964
2025-10-11 08:00:00,110518.0,112454.0,110235.0,112395.0,379.55638044
2025-10-11 12:00:00,112392.0,112623.0,111919.0,111920.0,271.30689818
2025-10-11 16:00:00,111920.0,112282.0,110996.0,111291.0,376.18308268
2025-10-11 20:00:00,111300.0,111463.0,109711.0,110764.0,615.26160108
2025-10-12 00:00:00,110769.0,111343.0,109711.0,110790.0,415.30754049
2025-10-12 04:00:00,110809.0,112213.0,110731.0,111634.0,209.85245034
2025-10-12 08:00:00,111634.0,112147.0,111221.0,111897.0,251.46248701
2025-10-12 12:00:00,111896.0,113797.0,111240.0,113268.0,751.03705889
2025-10-12 16:00:00,113261.0,114777.0,113261.0,114428.0,647.69570914
2025-10-12 20:00:00,114435.0,115854.0,114362.0,115090.0,693.98861604
2025-10-13 00:00:00,115089.0,116035.0,114743.0,114942.0,306.6829538
2025-10-13 04:00:00,114941.0,115633.0,114513.0,115481.0,218.60993541
2025-10-13 08:00:00,115480.0,115527.0,113751.0,114289.0,245.71321276
2025-10-13 12:00:00,114279.0,115624.0,113951.0,114434.0,571.5962585
2025-10-13 16:00:00,114433.0,115976.0,114319.0,115886.0,398.9392386
2025-10-13 20:00:00,115887.0,115972.0,115107.0,115265.0,206.03908171
2025-10-14 00:00:00,115275.0,115508.0,113351.0,113557.0,311.17897502
2025-10-14 04:00:00,113582.0,113746.0,111476.0,111799.0,422.65099056
2025-10-14 08:00:00,111816.0,112201.0,110146.0,111412.0,345.11567126
2025-10-14 12:00:00,111408.0,112961.0,109971.0,112942.0,588.56807286
2025-10-14 16:00:00,112961.0,113592.0,111798.0,112650.0,417.98887655
2025-10-14 20:00:00,112664.0,113600.0,112281.0,113078.0,168.16474277
2025-10-15 00:00:00,113077.0,113655.0,111880.0,112077.0,264.88644167
2025-10-15 04:00:00,112067.0,112739.0,111825.0,112643.0,201.41759866
2025-10-15 08:00:00,112628.0,113584.0,111838.0,112003.0,234.52783255
2025-10-15 12:00:00,112003.0,112308.0,110464.0,110860.0,757.18523656
2025-10-15 16:00:00,110869.0,111597.0,110217.0,111347.0,344.6094085
2025-10-15 20:00:00,111334.0,111597.0,110547.0,110804.0,220.38715535
2025-10-16 00:00:00,110804.0,111902.0,110412.0,111371.0,184.31415872
2025-10-16 04:00:00,111405.0,111798.0,110557.0,110622.0,332.3470179
2025-10-16 08:00:00,110612.0,111744.0,109672.0,111444.0,386.68476196
2025-10-16 12:00:00,111445.0,112012.0,108416.0,108599.0,916.19519508
2025-10-16 16:00:00,108583.0,109303.0,107625.0,108230.0,883.32307404
2025-10-16 20:00:00,108245.0,108531.0,107450.0,108206.0,301.50412287
2025-10-17 00:00:00,108206.0,109252.0,107935.0,109186.0,243.74406194
2025-10-17 04:00:00,109199.0,109261.0,105541.0,105615.0,554.65993541
2025-10-17 08:00:00,105615.0,106585.0,103530.0,105706.0,1487.81323664
2025-10-17 12:00:00,105699.0,106861.0,104529.0,106821.0,1203.80886001
2025-10-17 16:00:00,106820.0,107535.0,106094.0,106472.0,747.0555177
2025-10-17 20:00:00,106472.0,107480.0,106369.0,106476.0,379.45767251
2025-10-18 00:00:00,106470.0,107341.0,106368.0,107121.0,159.69618071
2025-10-18 04:00:00,107116.0,107534.0,106488.0,106737.0,197.2854078
2025-10-18 08:00:00,106730.0,107262.0,106675.0,107260.0,95.42199431
2025-10-18 12:00:00,107254.0,107341.0,106802.0,106988.0,120.93271904
2025-10-18 16:00:00,106990.0,107123.0,106520.0,107123.0,121.18273215
2025-10-18 20:00:00,107119.0,107354.0,106892.0,107220.0,158.02310918
2025-10-19 00:00:00,107214.0,107379.0,106766.0,107297.0,148.16695552
2025-10-19 04:00:00,107318.0,107318.0,106582.0,106790.0,161.63993809
2025-10-19 08:00:00,106808.0,108260.0,106137.0,107807.0,572.77536795
2025-10-19 12:00:00,107820.0,108649.0,107407.0,108529.0,320.6787484
2025-10-19 16:00:00,108529.0,109488.0,108294.0,108967.0,512.35282445
2025-10-19 20:00:00,108956.0,109406.0,108521.0,108684.0,307.47832022
2025-10-20 00:00:00,108683.0,110436.0,107452.0,110166.0,564.63653702
2025-10-20 04:00:00,110166.0,111436.0,110001.0,111214.0,318.90745768
2025-10-20 08:00:00,111218.0,111673.0,110677.0,111051.0,309.56770685
2025-10-20 12:00:00,111058.0,111717.0,110621.0,111182.0,501.18477484
2025-10-20 16:00:00,111183.0,111322.0,109877.0,110840.0,544.5719757
2025-10-20 20:00:00,110832.0,111304.0,110447.0,110580.0,177.79122124
2025-10-21 00:00:00,110580.0,110580.0,109107.0,109119.0,422.41428101
2025-10-21 04:00:00,109108.0,109108.0,107460.0,108105.0,722.08250483
2025-10-21 08:00:00,108103.0,108832.0,107522.0,108610.0,338.95623534
2025-10-21 12:00:00,108615.0,113596.0,107946.0,113420.0,1350.33241766
2025-10-21 16:00:00,113478.0,114088.0,111463.0,111834.0,786.62249971
2025-10-21 20:00:00,111834.0,111862.0,108125.0,108372.0,708.93666881
2025-10-22 00:00:00,108324.0,108734.0,107898.0,108261.0,378.12056139
2025-10-22 04:00:00,108266.0,108698.0,107653.0,108360.0,284.70527664
2025-10-22 08:00:00,108363.0,108402.0,106101.0,107604.0,380.98022157
2025-10-22 12:00:00,107592.0,109160.0,107488.0,108426.0,999.26844258
2025-10-22 16:00:00,108425.0,108799.0,107469.0,107880.0,578.5138287
2025-10-22 20:00:00,107877.0,108074.0,106692.0,107595.0,353.53275356
2025-10-23 00:00:00,107572.0,108742.0,107510.0,108396.0,202.03652988
2025-10-23 04:00:00,108424.0,110319.0,108378.0,109278.0,301.27544777
2025-10-23 08:00:00,109277.0,109921.0,109143.0,109302.0,144.65268553
2025-10-23 12:00:00,109290.0,110146.0,108741.0,109936.0,396.78918682
2025-10-23 16:00:00,109939.0,111336.0,109682.0,110254.0,503.71160695
2025-10-23 20:00:00,110234.0,110234.0,109387.0,110111.0,186.7848424
2025-10-24 00:00:00,110110.0,110863.0,110033.0,110483.0,229.01586414
2025-10-24 04:00:00,110478.0,111557.0,110382.0,111103.0,289.51220066
2025-10-24 08:00:00,111102.0,111516.0,110650.0,111100.0,189.22902849
2025-10-24 12:00:00,111096.0,112066.0,109731.0,110064.0,476.61412135
2025-10-24 16:00:00,110063.0,110956.0,109814.0,110628.0,141.78393579
2025-10-24 20:00:00,110623.0,111158.0,110484.0,111039.0,86.5098392
2025-10-25 00:00:00,111038.0,111236.0,110704.0,111059.0,104.10832799
2025-10-25 04:00:00,111059.0,111808.0,111059.0,111504.0,91.88233607
2025-10-25 08:00:00,111508.0,111838.0,111423.0,111591.0,76.20237654
2025-10-25 12:00:00,111591.0,111945.0,111356.0,111418.0,71.91980597
2025-10-25 16:00:00,111418.0,111731.0,111222.0,111646.0,59.75531709
2025-10-25 20:00:00,111646.0,111691.0,111372.0,111668.0,57.95464495
2025-10-26 00:00:00,111658.0,111905.0,111288.0,111289.0,82.77422791
2025-10-26 04:00:00,111289.0,111731.0,111281.0,111731.0,38.37124708
2025-10-26 08:00:00,111731.0,113406.0,111731.0,113279.0,264.62926573
2025-10-26 12:00:00,113281.0,113992.0,113281.0,113701.0,157.82056631
2025-10-26 16:00:00,113723.0,113779.0,113297.0,113597.0,70.27922457
2025-10-26 20:00:00,113596.0,115447.0,112933.0,114551.0,339.44173889
2025-10-27 00:00:00,114551.0,115461.0,114385.0,114982.0,134.8543606
2025-10-27 04:00:00,115006.0,116381.0,114956.0,115548.0,194.63665136
2025-10-27 08:00:00,115548.0,115605.0,114830.0,115359.0,154.67261516
2025-10-27 12:00:00,115358.0,115440.0,114492.0,114946.0,346.87760851
2025-10-27 16:00:00,114966.0,115798.0,114801.0,114933.0,271.92951784
2025-10-27 20:00:00,114936.0,114936.0,113856.0,114101.0,407.81176502
2025-10-28 00:00:00,114101.0,114513.0,113573.0,113905.0,238.53456758
2025-10-28 04:00:00,113888.0,114335.0,113487.0,114189.0,110.17424574
2025-10-28 08:00:00,114185.0,114651.0,114109.0,114351.0,58.70395407
2025-10-28 12:00:00,114341.0,116077.0,114157.0,114641.0,394.12183667
2025-10-28 16:00:00,114639.0,115576.0,113571.0,113678.0,321.91261489
2025-10-28 20:00:00,113671.0,113692.0,112218.0,112925.0,275.16345485
2025-10-29 00:00:00,112920.0,112930.0,112106.0,112534.0,154.14585549
2025-10-29 04:00:00,112524.0,113569.0,112516.0,113564.0,100.60229868
2025-10-29 08:00:00,113565.0,113641.0,112754.0,113142.0,109.54867526
2025-10-29 12:00:00,113142.0,113654.0,111411.0,111506.0,306.03307573
2025-10-29 16:00:00,111508.0,112006.0,109265.0,110644.0,747.36236646
2025-10-29 20:00:00,110671.0,111808.0,109758.0,110038.0,248.86413541
2025-10-30 00:00:00,110037.0,111006.0,109751.0,110763.0,225.2284067
2025-10-30 04:00:00,110763.0,111603.0,107948.0,111363.0,646.12136764
2025-10-30 08:00:00,111363.0,111434.0,109685.0,109721.0,233.91653765
2025-10-30 12:00:00,109711.0,109778.0,107341.0,107707.0,497.13682365
2025-10-30 16:00:00,107707.0,108207.0,106313.0,106514.0,540.73498429
2025-10-30 20:00:00,106495.0,108324.0,106303.0,108306.0,345.89764725
2025-10-31 00:00:00,108307.0,109991.0,108272.0,109213.0,337.57303722
2025-10-31 04:00:00,109213.0,110173.0,109090.0,109383.0,240.21026876
2025-10-31 08:00:00,109385.0,110463.0,109186.0,110381.0,251.09725668
2025-10-31 12:00:00,110381.0,111049.0,109330.0,110147.0,501.01826336
2025-10-31 16:00:00,110098.0,110240.0,108572.0,109739.0,365.16602261
2025-10-31 20:00:00,109729.0,109755.0,109261.0,109554.0,93.98212658
2025-11-01 00:00:00,109554.0,110226.0,109370.0,110171.0,125.27875216
2025-11-01 04:00:00,110171.0,110478.0,109896.0,110006.0,81.61412356
2025-11-01 08:00:00,110017.0,110209.0,109804.0,110068.0,51.0217742
2025-11-01 12:00:00,110068.0,110279.0,109662.0,110239.0,144.01404933
2025-11-01 16:00:00,110239.0,110478.0,110152.0,110262.0,89.85502616
2025-11-01 20:00:00,110260.0,110468.0,109818.0,110047.0,74.35432344
2025-11-02 00:00:00,110039.0,110212.0,109851.0,110010.0,86.13019309
2025-11-02 04:00:00,110002.0,110969.0,109992.0,110888.0,253.52995666
2025-11-02 08:00:00,110863.0,111102.0,110332.0,111102.0,162.77288779
2025-11-02 12:00:00,111102.0,111129.0,110094.0,110103.0,199.65901472
2025-11-02 16:00:00,110100.0,110315.0,109747.0,110146.0,100.56720058
2025-11-02 20:00:00,110146.0,110716.0,109475.0,110530.0,168.88626057
2025-11-03 00:00:00,110524.0,110730.0,107890.0,107936.0,342.10109995
2025-11-03 04:00:00,107936.0,108019.0,107008.0,107442.0,263.25307265
2025-11-03 08:00:00,107412.0,107893.0,106746.0,107770.0,330.71961614
2025-11-03 12:00:00,107790.0,108306.0,105440.0,105721.0,783.79553902
2025-11-03 16:00:00,105732.0,107707.0,105300.0,107050.0,790.66171408
2025-11-03 20:00:00,107053.0,107136.0,105805.0,106548.0,409.62708699
2025-11-04 00:00:00,106550.0,107226.0,105837.0,107139.0,337.12311502
2025-11-04 04:00:00,107128.0,107260.0,104138.0,104450.0,650.44251503
2025-11-04 08:00:00,104449.0,104648.0,103553.0,104560.0,680.98521856
2025-11-04 12:00:00,104552.0,104782.0,102876.0,103140.0,704.94908388
2025-11-04 16:00:00,103144.0,103452.0,99939.0,100465.0,1560.30233943
2025-11-04 20:00:00,100463.0,101833.0,98898.0,101466.0,1399.8254427
2025-11-05 00:00:00,101473.0,102250.0,98943.0,102128.0,778.00292208
2025-11-05 04:00:00,102128.0,102329.0,101500.0,101990.0,251.78107227
2025-11-05 08:00:00,101959.0,102176.0,101183.0,102077.0,305.6315561
2025-11-05 12:00:00,102069.0,103782.0,101908.0,103707.0,649.67054166
2025-11-05 16:00:00,103713.0,104507.0,103075.0,104033.0,498.1243886
2025-11-05 20:00:00,104009.0,104532.0,103296.0,103865.0,368.98726386
2025-11-06 00:00:00,103865.0,103914.0,102717.0,103625.0,306.26835909
2025-11-06 04:00:00,103629.0,104187.0,102914.0,103181.0,195.03796103
2025-11-06 08:00:00,103162.0,103429.0,102638.0,103205.0,286.35265155
2025-11-06 12:00:00,103206.0,103558.0,101578.0,101965.0,710.43074292
2025-11-06 16:00:00,101981.0,102286.0,100246.0,101335.0,657.99806589
2025-11-06 20:00:00,101335.0,101576.0,100491.0,101284.0,552.11982429
2025-11-07 00:00:00,101288.0,102278.0,100695.0,101864.0,269.18970109
2025-11-07 04:00:00,101874.0,102463.0,101519.0,101962.0,131.77286769
2025-11-07 08:00:00,101961.0,101989.0,99765.0,100361.0,369.76528017
2025-11-07 12:00:00,100357.0,101180.0,99192.0,100727.0,1058.16603206
2025-11-07 16:00:00,100733.0,103335.0,100448.0,103335.0,709.7487
2025-11-07 20:00:00,103340.0,104044.0,102903.0,103275.0,252.16823648
2025-11-08 00:00:00,103275.0,103345.0,102501.0,102553.0,387.5529578
2025-11-08 04:00:00,102538.0,102783.0,101868.0,102316.0,163.30068706
2025-11-08 08:00:00,102299.0,102623.0,101700.0,101829.0,166.33702251
2025-11-08 12:00:00,101818.0,102147.0,101435.0,101675.0,214.16491874
2025-11-08 16:00:00,101690.0,102188.0,101515.0,101961.0,203.14045236
2025-11-08 20:00:00,101963.0,102446.0,101933.0,102286.0,90.33909885
2025-11-09 00:00:00,102295.0,102313.0,101394.0,101637.0,221.69138488
2025-11-09 04:00:00,101637.0,102090.0,101624.0,101944.0,246.46572985
2025-11-09 08:00:00,101945.0,102274.0,101516.0,102215.0,134.74683188
2025-11-09 12:00:00,102218.0,104115.0,102042.0,103747.0,382.46157408
2025-11-09 16:00:00,103743.0,104794.0,103317.0,104785.0,382.77800492
2025-11-09 20:00:00,104796.0,105425.0,104076.0,104705.0,349.9182368
2025-11-10 00:00:00,104677.0,106623.0,104256.0,106031.0,453.40906398
2025-11-10 04:00:00,106023.0,106519.0,105828.0,106446.0,111.61699026
2025-11-10 08:00:00,106446.0,106570.0,105845.0,106171.0,272.85977398
2025-11-10 12:00:00,106175.0,106559.0,104649.0,105051.0,540.91063532
2025-11-10 16:00:00,105052.0,106023.0,104757.0,105785.0,273.50755362
2025-11-10 20:00:00,105795.0,106262.0,105262.0,105972.0,206.05882726
2025-11-11 00:00:00,105972.0,107465.0,105496.0,106431.0,327.76324297
2025-11-11 04:00:00,106429.0,106517.0,104734.0,104746.0,312.42275235
2025-11-11 08:00:00,104766.0,105499.0,104758.0,105301.0,152.76927256
2025-11-11 12:00:00,105301.0,105495.0,103174.0,103448.0,479.21812062
2025-11-11 16:00:00,103448.0,103707.0,102829.0,103107.0,371.96733658
2025-11-11 20:00:00,103107.0,103197.0,102442.0,103015.0,192.69772262
2025-11-12 00:00:00,103027.0,103385.0,102655.0,103279.0,130.49928423
2025-11-12 04:00:00,103287.0,103621.0,102998.0,103104.0,88.32294
2025-11-12 08:00:00,103132.0,105174.0,103115.0,104999.0,273.50143251
2025-11-12 12:00:00,105002.0,105301.0,101970.0,102151.0,611.78434291
2025-11-12 16:00:00,102151.0,102256.0,100812.0,101276.0,449.1873207
2025-11-12 20:00:00,101276.0,101968.0,101125.0,101635.0,227.20400819
2025-11-13 00:00:00,101634.0,102569.0,100895.0,102185.0,472.31028526
2025-11-13 04:00:00,102129.0,104019.0,101650.0,103446.0,344.08864805
2025-11-13 08:00:00,103450.0,103774.0,102536.0,102910.0,179.2694851
2025-11-13 12:00:00,102909.0,103444.0,101163.0,101356.0,797.35505344
2025-11-13 16:00:00,101325.0,101503.0,98081.0,98644.0,1008.59014039
2025-11-13 20:00:00,98573.0,100426.0,97950.0,99618.0,601.98866365
2025-11-14 00:00:00,99618.0,99815.0,98671.0,99080.0,577.99423631
2025-11-14 04:00:00,99080.0,99130.0,95919.0,97080.0,1118.84642649
2025-11-14 08:00:00,97080.0,97471.0,95624.0,96121.0,592.75286985
2025-11-14 12:00:00,96122.0,97218.0,94500.0,96719.0,1835.90411754
2025-11-14 16:00:00,96720.0,97334.0,94634.0,95708.0,1085.97957228
2025-11-14 20:00:00,95709.0,95846.0,93961.0,94509.0,1031.11604612
2025-11-15 00:00:00,94511.0,96736.0,94491.0,96345.0,497.36733852
2025-11-15 04:00:00,96345.0,96520.0,95888.0,96270.0,204.13848822
2025-11-15 08:00:00,96271.0,96287.0,95571.0,95622.0,201.42468403
2025-11-15 12:00:00,95625.0,96411.0,95513.0,96200.0,218.37170002
2025-11-15 16:00:00,96200.0,96324.0,95673.0,95948.0,383.0367977
2025-11-15 20:00:00,95948.0,95956.0,95068.0,95539.0,262.32254006
2025-11-16 00:00:00,95540.0,95892.0,94805.0,95765.0,248.63725281
2025-11-16 04:00:00,95758.0,96111.0,95585.0,96025.0,120.56936917
2025-11-16 08:00:00,96030.0,96538.0,95485.0,95584.0,294.31687706
2025-11-16 12:00:00,95582.0,95811.0,94328.0,94502.0,349.76664901
2025-11-16 16:00:00,94503.0,95479.0,93730.0,93968.0,1086.57800168
2025-11-16 20:00:00,93972.0,94657.0,92929.0,94187.0,766.06256464
2025-11-17 00:00:00,94186.0,95467.0,93697.0,95427.0,488.50050634
2025-11-17 04:00:00,95438.0,95788.0,94814.0,95578.0,227.87015214
2025-11-17 08:00:00,95574.0,95938.0,95250.0,95503.0,338.36605753
2025-11-17 12:00:00,95503.0,95903.0,93506.0,93859.0,1071.49479272
2025-11-17 16:00:00,93872.0,94304.0,91475.0,91556.0,1081.57820113
2025-11-17 20:00:00,91557.0,92280.0,91168.0,92102.0,942.02045977
2025-11-18 00:00:00,92112.0,92234.0,89588.0,90743.0,1181.25866977
2025-11-18 04:00:00,90737.0,90744.0,89189.0,90390.0,763.40852853
2025-11-18 08:00:00,90390.0,91501.0,90390.0,91409.0,347.56220125
2025-11-18 12:00:00,91409.0,92934.0,90830.0,92836.0,1285.99455714
2025-11-18 16:00:00,92835.0,93753.0,92499.0,93117.0,688.32009862
2025-11-18 20:00:00,93117.0,93349.0,92411.0,92911.0,475.49838131
2025-11-19 00:00:00,92911.0,92936.0,91628.0,91821.0,455.18310565
2025-11-19 04:00:00,91813.0,91947.0,89964.0,91804.0,569.01014323
2025-11-19 08:00:00,91804.0,91896.0,91033.0,91348.0,176.34511272
2025-11-19 12:00:00,91347.0,92313.0,89807.0,89880.0,725.29781122
2025-11-19 16:00:00,89879.0,90164.0,88523.0,88780.0,958.25660876
2025-11-19 20:00:00,88780.0,91499.0,88497.0,91474.0,885.03284099
2025-11-20 00:00:00,91468.0,92723.0,91099.0,92372.0,426.63323245
2025-11-20 04:00:00,92372.0,93065.0,91619.0,92232.0,369.09470791
2025-11-20 08:00:00,92217.0,92312.0,91366.0,91842.0,322.52389735
2025-11-20 12:00:00,91843.0,92417.0,89723.0,89758.0,1112.88974123
2025-11-20 16:00:00,89758.0,89798.0,85912.0,86804.0,1855.48912292
2025-11-20 20:00:00,86804.0,88137.0,86221.0,86527.0,1094.28350964
2025-11-21 00:00:00,86511.0,87386.0,85260.0,85717.0,927.57238645
2025-11-21 04:00:00,85720.0,86245.0,82032.0,83917.0,1131.45212208
2025-11-21 08:00:00,83915.0,84576.0,81542.0,82209.0,1456.15280771
2025-11-21 12:00:00,82204.0,85409.0,80537.0,82840.0,2402.69033838
2025-11-21 16:00:00,82838.0,85475.0,82242.0,84138.0,1512.86144569
2025-11-21 20:00:00,84128.0,85342.0,83402.0,85060.0,1036.62445768
2025-11-22 00:00:00,85054.0,85530.0,84150.0,84380.0,736.47097855
2025-11-22 04:00:00,84384.0,84723.0,83774.0,84519.0,267.11024965
2025-11-22 08:00:00,84519.0,84524.0,83432.0,84031.0,346.25657491
2025-11-22 12:00:00,84031.0,84689.0,83573.0,84231.0,393.13099487
2025-11-22 16:00:00,84229.0,84824.0,84157.0,84549.0,300.97627482
2025-11-22 20:00:00,84548.0,85192.0,84189.0,84679.0,340.84397856
2025-11-23 00:00:00,84686.0,86272.0,84624.0,86251.0,554.65926965
2025-11-23 04:00:00,86251.0,86791.0,85353.0,85735.0,430.37576779
2025-11-23 08:00:00,85735.0,86416.0,85716.0,86285.0,315.09136392
2025-11-23 12:00:00,86286.0,87178.0,86229.0,87051.0,440.62313104
2025-11-23 16:00:00,87047.0,87650.0,86470.0,87294.0,541.47345521
2025-11-23 20:00:00,87312.0,88082.0,86711.0,86803.0,491.56470814
2025-11-24 00:00:00,86808.0,88008.0,85911.0,87413.0,681.90187195
2025-11-24 04:00:00,87417.0,87776.0,86418.0,86999.0,521.24744302
2025-11-24 08:00:00,86998.0,86998.0,85654.0,86215.0,479.92279381
2025-11-24 12:00:00,86214.0,86683.0,85225.0,86574.0,958.94607451
2025-11-24 16:00:00,86571.0,88831.0,86571.0,88307.0,796.75038499
2025-11-24 20:00:00,88307.0,89222.0,88240.0,88277.0,654.1152439
2025-11-25 00:00:00,88276.0,88276.0,87432.0,87797.0,211.56744078
2025-11-25 04:00:00,87796.0,88463.0,87345.0,87363.0,285.57284875
2025-11-25 08:00:00,87365.0,87593.0,86677.0,87338.0,333.57147149
2025-11-25 12:00:00,87342.0,87734.0,86076.0,86943.0,793.04599617
2025-11-25 16:00:00,86942.0,88092.0,86139.0,86836.0,659.25948284
2025-11-25 20:00:00,86836.0,87838.0,86563.0,87331.0,588.15460887
2025-11-26 00:00:00,87331.0,88181.0,87042.0,87083.0,287.4446534
2025-11-26 04:00:00,87087.0,87932.0,86874.0,87907.0,215.83305606
2025-11-26 08:00:00,87906.0,87907.0,86642.0,87083.0,308.16159584
2025-11-26 12:00:00,87083.0,87641.0,86304.0,86938.0,532.24205905
2025-11-26 16:00:00,86938.0,90394.0,86937.0,89943.0,1100.67538211
2025-11-26 20:00:00,89942.0,90646.0,89497.0,90477.0,526.68418428
2025-11-27 00:00:00,90476.0,91871.0,90091.0,91076.0,642.76181408
2025-11-27 04:00:00,91077.0,91523.0,90894.0,91404.0,252.58019467
2025-11-27 08:00:00,91404.0,91926.0,91224.0,91386.0,180.53504729
2025-11-27 12:00:00,91385.0,91449.0,90449.0,90945.0,381.45813861
2025-11-27 16:00:00,90942.0,91833.0,90839.0,91514.0,258.10716335
2025-11-27 20:00:00,91514.0,91603.0,91117.0,91325.0,193.31108576
2025-11-28 00:00:00,91326.0,91387.0,90656.0,91193.0,213.87734577
2025-11-28 04:00:00,91191.0,91695.0,90851.0,90894.0,213.23455945
2025-11-28 08:00:00,90892.0,92003.0,90892.0,91428.0,264.02168697
2025-11-28 12:00:00,91412.0,93091.0,91373.0,92386.0,834.06883906
2025-11-28 16:00:00,92385.0,92397.0,90233.0,91164.0,609.48335943
2025-11-28 20:00:00,91163.0,91256.0,90725.0,90913.0,171.30458888
2025-11-29 00:00:00,90913.0,91139.0,90579.0,90702.0,142.84090488
2025-11-29 04:00:00,90702.0,90917.0,90341.0,90585.0,94.13816189
2025-11-29 08:00:00,90586.0,90742.0,90406.0,90705.0,62.52326936
2025-11-29 12:00:00,90705.0,91124.0,90558.0,91081.0,106.18604282
2025-11-29 16:00:00,91081.0,91179.0,90216.0,90678.0,166.51079085
2025-11-29 20:00:00,90672.0,91081.0,90449.0,90832.0,109.40029391
2025-11-30 00:00:00,90832.0,91074.0,90503.0,90928.0,71.4139044
2025-11-30 04:00:00,90928.0,91048.0,90700.0,90980.0,69.29643897
2025-11-30 08:00:00,90980.0,91629.0,90954.0,91064.0,213.76987853
2025-11-30 12:00:00,91064.0,91969.0,91032.0,91446.0,260.2743817
2025-11-30 16:00:00,91446.0,91853.0,91179.0,91470.0,179.82612302
2025-11-30 20:00:00,91458.0,91618.0,90362.0,90382.0,226.33770076
2025-12-01 00:00:00,90369.0,90421.0,86171.0,86342.0,1123.10198953
2025-12-01 04:00:00,86342.0,86567.0,85616.0,86555.0,315.67834564
2025-12-01 08:00:00,86552.0,86926.0,86138.0,86139.0,248.38938686
2025-12-01 12:00:00,86139.0,86648.0,83814.0,84667.0,1276.91834619
2025-12-01 16:00:00,84667.0,85539.0,84045.0,85014.0,540.84253243
2025-12-01 20:00:00,85017.0,86872.0,85017.0,86291.0,792.06975095
2025-12-02 00:00:00,86291.0,87324.0,86190.0,86969.0,521.74236119
2025-12-02 04:00:00,86965.0,87265.0,86829.0,87023.0,155.91532461
2025-12-02 08:00:00,87017.0,87597.0,86386.0,87364.0,418.85252581
2025-12-02 12:00:00,87363.0,91185.0,87053.0,90866.0,1589.06535916
2025-12-02 16:00:00,90862.0,92328.0,90227.0,91918.0,1171.48182265
2025-12-02 20:00:00,91918.0,92003.0,90770.0,91300.0,733.22041534
2025-12-03 00:00:00,91303.0,93083.0,91030.0,92675.0,588.51630619
2025-12-03 04:00:00,92650.0,93977.0,92647.0,93022.0,531.36540382
2025-12-03 08:00:00,93022.0,93405.0,92701.0,93033.0,309.93853587
2025-12-03 12:00:00,93029.0,93696.0,91732.0,92378.0,1206.7733411
2025-12-03 16:00:00,92378.0,93517.0,91806.0,93038.0,704.66485302
2025-12-03 20:00:00,93039.0,94172.0,92853.0,93472.0,1121.55678934
2025-12-04 00:00:00,93460.0,94086.0,92696.0,93543.0,410.37919145
2025-12-04 04:00:00,93543.0,93598.0,92796.0,93418.0,217.80730447
2025-12-04 08:00:00,93418.0,93623.0,92764.0,92955.0,238.88250705
2025-12-04 12:00:00,92955.0,93259.0,91827.0,93021.0,666.09900121
2025-12-04 16:00:00,92988.0,93183.0,90903.0,92001.0,892.63889064
2025-12-04 20:00:00,92000.0,92724.0,91701.0,92103.0,274.81839374
2025-12-05 00:00:00,92109.0,92690.0,91995.0,92186.0,185.77822564
2025-12-05 04:00:00,92185.0,92512.0,91838.0,92279.0,168.20882806
2025-12-05 08:00:00,92285.0,92285.0,91005.0,91368.0,312.31799513
2025-12-05 12:00:00,91361.0,91480.0,89793.0,90480.0,988.1135302
2025-12-05 16:00:00,90480.0,90515.0,88156.0,89659.0,1141.25391188
2025-12-05 20:00:00,89651.0,89771.0,88942.0,89348.0,273.14116916
2025-12-06 00:00:00,89342.0,89800.0,89062.0,89685.0,125.65690982
2025-12-06 04:00:00,89685.0,89775.0,89488.0,89603.0,124.56871487
2025-12-06 08:00:00,89609.0,89735.0,89232.0,89636.0,138.51782959
2025-12-06 12:00:00,89640.0,90286.0,89511.0,89767.0,301.72303762
2025-12-06 16:00:00,89767.0,89983.0,89263.0,89426.0,176.98923155
2025-12-06 20:00:00,89426.0,89641.0,88932.0,89249.0,191.28800675
2025-12-07 00:00:00,89256.0,89757.0,89204.0,89732.0,142.15635696
2025-12-07 04:00:00,89732.0,89797.0,89231.0,89383.0,134.43937216
2025-12-07 08:00:00,89385.0,89530.0,89070.0,89168.0,160.13831971
2025-12-07 12:00:00,89168.0,89714.0,87744.0,89578.0,658.53031284
2025-12-07 16:00:00,89562.0,91767.0,89124.0,91426.0,527.29204283
2025-12-07 20:00:00,91435.0,91520.0,89014.0,90405.0,765.38895735
2025-12-08 00:00:00,90406.0,91684.0,89874.0,91082.0,330.56938689
2025-12-08 04:00:00,91082.0,91871.0,91034.0,91571.0,272.52248025
2025-12-08 08:00:00,91570.0,92296.0,91494.0,91973.0,239.68613451
2025-12-08 12:00:00,91973.0,92128.0,89618.0,89962.0,1072.06140004
2025-12-08 16:00:00,89936.0,90524.0,89682.0,90129.0,561.22023041
2025-12-08 20:00:00,90130.0,91376.0,90130.0,90649.0,557.64962249
2025-12-09 00:00:00,90642.0,90858.0,89822.0,90401.0,272.34773492
2025-12-09 04:00:00,90413.0,90524.0,89558.0,90483.0,312.85766218
2025-12-09 08:00:00,90489.0,90605.0,89941.0,90395.0,210.23351452
2025-12-09 12:00:00,90393.0,92874.0,90017.0,92704.0,928.03409529
2025-12-09 16:00:00,92707.0,94652.0,92704.0,93817.0,1185.02925776
2025-12-09 20:00:00,93816.0,93863.0,92269.0,92695.0,511.65724068
2025-12-10 00:00:00,92693.0,92787.0,91992.0,92434.0,196.35175026
2025-12-10 04:00:00,92416.0,92797.0,92400.0,92797.0,228.77593262
2025-12-10 08:00:00,92799.0,93263.0,91800.0,92125.0,406.72052971
2025-12-10 12:00:00,92123.0,92311.0,91579.0,92067.0,550.4649285
2025-12-10 16:00:00,92068.0,93226.0,91694.0,92980.0,1123.21729868
2025-12-10 20:00:00,92980.0,94494.0,91910.0,92036.0,987.53896445
2025-12-11 00:00:00,92037.0,92103.0,89419.0,89914.0,628.03014893
2025-12-11 04:00:00,89895.0,90496.0,89716.0,90282.0,465.27234995
2025-12-11 08:00:00,90278.0,90518.0,90006.0,90268.0,276.27718111
2025-12-11 12:00:00,90264.0,90650.0,89269.0,89889.0,880.56585779
2025-12-11 16:00:00,89882.0,91549.0,89349.0,90845.0,710.17076694
2025-12-11 20:00:00,90844.0,93562.0,90817.0,92531.0,895.63202603
2025-12-12 00:00:00,92531.0,92757.0,91489.0,92305.0,249.98726304
2025-12-12 04:00:00,92300.0,92718.0,92093.0,92448.0,129.30639581
2025-12-12 08:00:00,92447.0,92635.0,92103.0,92425.0,135.31403622
2025-12-12 12:00:00,92422.0,92668.0,89752.0,89912.0,869.90955004
2025-12-12 16:00:00,89921.0,90680.0,89466.0,90203.0,1074.63125754
2025-12-12 20:00:00,90202.0,90406.0,89900.0,90275.0,194.20184662
2025-12-13 00:00:00,90275.0,90459.0,90124.0,90352.0,114.76757296
2025-12-13 04:00:00,90352.0,90419.0,90287.0,90338.0,28.49110416
2025-12-13 08:00:00,90351.0,90640.0,90319.0,90353.0,94.44563448
2025-12-13 12:00:00,90353.0,90488.0,89956.0,90111.0,146.58380775
2025-12-13 16:00:00,90111.0,90265.0,89996.0,90204.0,47.76877875
2025-12-13 20:00:00,90204.0,90291.0,89789.0,90264.0,156.8737786
2025-12-14 00:00:00,90260.0,90492.0,90146.0,90275.0,85.43186995
2025-12-14 04:00:00,90275.0,90340.0,90071.0,90266.0,101.18066098
2025-12-14 08:00:00,90266.0,90286.0,88563.0,89388.0,456.58005533
2025-12-14 12:00:00,89363.0,89670.0,88890.0,89027.0,291.03686199
2025-12-14 16:00:00,89027.0,89407.0,88511.0,88660.0,321.17278162
2025-12-14 20:00:00,88660.0,88825.0,87607.0,88164.0,989.8828966
2025-12-15 00:00:00,88170.0,90015.0,88077.0,89279.0,429.24342803
2025-12-15 04:00:00,89292.0,89919.0,89279.0,89742.0,182.28260532
2025-12-15 08:00:00,89742.0,89973.0,89586.0,89644.0,126.14038113
2025-12-15 12:00:00,89644.0,89875.0,86625.0,87026.0,948.54749254
2025-12-15 16:00:00,87030.0,87207.0,85140.0,86133.0,875.67215553
2025-12-15 20:00:00,86131.0,86446.0,85500.0,86412.0,480.98065431
2025-12-16 00:00:00,86413.0,86499.0,85362.0,85855.0,238.65065732
2025-12-16 04:00:00,85857.0,86583.0,85260.0,85988.0,273.7324279
2025-12-16 08:00:00,85994.0,87303.0,85915.0,87234.0,291.0292283
2025-12-16 12:00:00,87234.0,88135.0,86105.0,87950.0,1253.00813551
2025-12-16 16:00:00,87950.0,88031.0,87057.0,87580.0,580.58267482
2025-12-16 20:00:00,87544.0,87920.0,87326.0,87843.0,211.88435179
2025-12-17 00:00:00,87842.0,87923.0,87136.0,87187.0,251.99819982
2025-12-17 04:00:00,87187.0,87364.0,86200.0,87010.0,341.25968936
2025-12-17 08:00:00,87003.0,87102.0,86221.0,86960.0,249.45251108
2025-12-17 12:00:00,86960.0,90317.0,86791.0,87200.0,1128.45667201
2025-12-17 16:00:00,87175.0,87736.0,85274.0,85983.0,872.18466395
2025-12-17 20:00:00,85984.0,86400.0,85631.0,86215.0,496.65436041
2025-12-18 00:00:00,86214.0,86833.0,85839.0,86578.0,302.6226486
2025-12-18 04:00:00,86580.0,86857.0,86365.0,86799.0,200.77484225
2025-12-18 08:00:00,86798.0,87403.0,86650.0,87233.0,162.05103833
2025-12-18 12:00:00,87236.0,89423.0,87083.0,88446.0,1406.6016322
2025-12-18 16:00:00,88443.0,88466.0,84440.0,84440.0,1302.02997425
2025-12-18 20:00:00,84440.0,85777.0,84398.0,85460.0,601.52904224
2025-12-19 00:00:00,85459.0,87492.0,85078.0,86805.0,577.58459994
2025-12-19 04:00:00,86828.0,88326.0,86646.0,87902.0,464.25630597
2025-12-19 08:00:00,87896.0,88319.0,87680.0,88143.0,237.77054515
2025-12-19 12:00:00,88143.0,89349.0,87456.0,87903.0,874.60469861
2025-12-19 16:00:00,87901.0,88833.0,86796.0,87794.0,620.79810397
2025-12-19 20:00:00,87780.0,88346.0,87548.0,88095.0,238.64865576
2025-12-20 00:00:00,88095.0,88293.0,87925.0,88182.0,118.33384662
2025-12-20 04:00:00,88178.0,88522.0,88085.0,88236.0,63.86737452
2025-12-20 08:00:00,88241.0,88389.0,88074.0,88238.0,82.84436436
2025-12-20 12:00:00,88237.0,88283.0,87791.0,88148.0,180.63118368
2025-12-20 16:00:00,88142.0,88356.0,88070.0,88193.0,55.93435988
2025-12-20 20:00:00,88192.0,88408.0,88120.0,88324.0,92.10407375
2025-12-21 00:00:00,88324.0,88389.0,87848.0,88047.0,132.57247265
2025-12-21 04:00:00,88047.0,88166.0,88021.0,88152.0,33.94360484
2025-12-21 08:00:00,88152.0,89017.0,88112.0,88570.0,234.46305544
2025-12-21 12:00:00,88574.0,88889.0,87576.0,88038.0,290.32489978
2025-12-21 16:00:00,88037.0,88566.0,87930.0,88458.0,199.67359502
2025-12-21 20:00:00,88458.0,88775.0,88086.0,88636.0,176.69216624
2025-12-22 00:00:00,88637.0,89578.0,87893.0,88742.0,584.07148252
2025-12-22 04:00:00,88741.0,89155.0,88681.0,89147.0,139.80964269
2025-12-22 08:00:00,89135.0,90055.0,89061.0,89901.0,332.29965742
2025-12-22 12:00:00,89901.0,90536.0,89168.0,89678.0,842.79051999
2025-12-22 16:00:00,89690.0,90070.0,87934.0,88011.0,714.5337032
2025-12-22 20:00:00,88010.0,88758.0,87867.0,88539.0,420.20430907
2025-12-23 00:00:00,88554.0,88876.0,87755.0,88136.0,352.08062145
2025-12-23 04:00:00,88115.0,88311.0,87010.0,87501.0,302.86602718
2025-12-23 08:00:00,87497.0,87818.0,87252.0,87800.0,175.27576738
2025-12-23 12:00:00,87800.0,87891.0,86561.0,87385.0,698.43214839
2025-12-23 16:00:00,87383.0,88214.0,87112.0,87701.0,572.44874427
2025-12-23 20:00:00,87694.0,88295.0,87137.0,87423.0,324.3538738
2025-12-24 00:00:00,87423.0,87766.0,86823.0,87278.0,240.96510102
2025-12-24 04:00:00,87278.0,87387.0,86718.0,86850.0,180.72483232
2025-12-24 08:00:00,86851.0,87278.0,86666.0,87145.0,132.60534668
2025-12-24 12:00:00,87145.0,87418.0,86363.0,86983.0,591.42366363
2025-12-24 16:00:00,86982.0,87603.0,86859.0,87494.0,240.7532984
2025-12-24 20:00:00,87494.0,87976.0,87458.0,87605.0,200.04614147
2025-12-25 00:00:00,87605.0,87892.0,87461.0,87786.0,85.40574684
2025-12-25 04:00:00,87786.0,87805.0,87596.0,87777.0,50.74970074
2025-12-25 08:00:00,87777.0,87826.0,87209.0,87454.0,139.44168572
2025-12-25 12:00:00,87452.0,88516.0,87348.0,88298.0,242.37057617
2025-12-25 16:00:00,88301.0,88399.0,87945.0,88086.0,193.6403059
2025-12-25 20:00:00,88087.0,88101.0,86896.0,87172.0,314.45322828
2025-12-26 00:00:00,87168.0,89340.0,86850.0,88749.0,500.8322396
2025-12-26 04:00:00,88749.0,89476.0,88293.0,88380.0,391.80257669
2025-12-26 08:00:00,88392.0,88835.0,88347.0,88472.0,147.23294754
2025-12-26 12:00:00,88473.0,88992.0,86584.0,87047.0,511.16923639
2025-12-26 16:00:00,87053.0,87487.0,86734.0,87434.0,303.53634629
2025-12-26 20:00:00,87416.0,87708.0,87251.0,87296.0,140.72833368
2025-12-27 00:00:00,87296.0,87460.0,87180.0,87445.0,83.04912839
2025-12-27 04:00:00,87445.0,87629.0,87357.0,87479.0,60.64658689
2025-12-27 08:00:00,87480.0,87607.0,87325.0,87420.0,60.0279138
2025-12-27 12:00:00,87432.0,87534.0,87272.0,87493.0,65.9419371
2025-12-27 16:00:00,87503.0,87524.0,87391.0,87512.0,54.36655835
2025-12-27 20:00:00,87512.0,87902.0,87450.0,87810.0,158.12514706
2025-12-28 00:00:00,87802.0,87871.0,87650.0,87681.0,77.23096798
2025-12-28 04:00:00,87674.0,87759.0,87544.0,87655.0,60.43222017
2025-12-28 08:00:00,87662.0,87920.0,87660.0,87805.0,83.11281384
2025-12-28 12:00:00,87814.0,88001.0,87734.0,87770.0,73.00012133
2025-12-28 16:00:00,87771.0,87850.0,87439.0,87455.0,105.03006705
2025-12-28 20:00:00,87455.0,87966.0,87377.0,87870.0,160.55260276
2025-12-29 00:00:00,87871.0,90050.0,87729.0,90010.0,640.20380085
2025-12-29 04:00:00,90010.0,90307.0,89402.0,89498.0,261.10069611
2025-12-29 08:00:00,89498.0,89711.0,87468.0,87468.0,516.68385411
2025-12-29 12:00:00,87461.0,88082.0,86701.0,87588.0,729.12132746
2025-12-29 16:00:00,87576.0,87899.0,87212.0,87239.0,275.51016806
2025-12-29 20:00:00,87238.0,87473.0,86959.0,87119.0,291.29380503
2025-12-30 00:00:00,87111.0,87293.0,86718.0,87244.0,306.33453614
2025-12-30 04:00:00,87244.0,87469.0,87042.0,87380.0,125.47008511
2025-12-30 08:00:00,87380.0,88091.0,87380.0,87777.0,288.64652132
2025-12-30 12:00:00,87785.0,89051.0,87724.0,88913.0,629.70923598
2025-12-30 16:00:00,88913.0,89310.0,87883.0,88144.0,437.48194801
2025-12-30 20:00:00,88143.0,88475.0,87789.0,88390.0,209.97323279
2025-12-31 00:00:00,88390.0,88686.0,88073.0,88336.0,227.31732444
2025-12-31 04:00:00,88336.0,88516.0,88230.0,88496.0,88.25100927
2025-12-31 08:00:00,88496.0,88931.0,88285.0,88912.0,208.94928216
2025-12-31 12:00:00,88911.0,89079.0,87672.0,87820.0,612.65580099
2025-12-31 16:00:00,87820.0,87924.0,87284.0,87405.0,457.84348987
2025-12-31 20:00:00,87387.0,87727.0,87085.0,87496.0,310.48861614
2026-01-01 00:00:00,87496.0,87923.0,87490.0,87693.0,113.01848177
2026-01-01 04:00:00,87693.0,87693.0,87268.0,87459.0,533.45136003
2026-01-01 08:00:00,87459.0,87871.0,87458.0,87871.0,264.93335075
2026-01-01 12:00:00,87871.0,87986.0,87702.0,87921.0,105.79253111
2026-01-01 16:00:00,87921.0,88368.0,87767.0,88261.0,181.41855403
2026-01-01 20:00:00,88260.0,88782.0,88135.0,88728.0,196.85451386
2026-01-02 00:00:00,88728.0,89005.0,88284.0,88829.0,251.50580366
2026-01-02 04:00:00,88829.0,88963.0,88464.0,88735.0,165.79385462
2026-01-02 08:00:00,88752.0,89816.0,88692.0,89405.0,851.67379066
2026-01-02 12:00:00,89405.0,90043.0,88400.0,89340.0,917.53871602
2026-01-02 16:00:00,89339.0,90925.0,89145.0,89858.0,1175.67582858
2026-01-02 20:00:00,89858.0,90361.0,89584.0,89952.0,218.52514889
2026-01-03 00:00:00,89952.0,90368.0,89928.0,90284.0,93.6069928
2026-01-03 04:00:00,90294.0,90427.0,89289.0,89546.0,148.49003256
2026-01-03 08:00:00,89545.0,89929.0,89395.0,89699.0,158.40629857
2026-01-03 12:00:00,89698.0,90178.0,89617.0,89930.0,133.65819576
2026-01-03 16:00:00,89930.0,90156.0,89875.0,90066.0,87.81711709
2026-01-03 20:00:00,90066.0,90677.0,89984.0,90590.0,208.77349404
2026-01-04 00:00:00,90590.0,91519.0,90590.0,91196.0,386.67409988
2026-01-04 04:00:00,91192.0,91728.0,91151.0,91484.0,184.86491766
2026-01-04 08:00:00,91484.0,91576.0,91146.0,91266.0,105.3451449
2026-01-04 12:00:00,91266.0,91371.0,91000.0,91285.0,142.11399729
2026-01-04 16:00:00,91285.0,91400.0,90840.0,91108.0,184.59123096
2026-01-04 20:00:00,91109.0,91541.0,91091.0,91501.0,245.68726853
2026-01-05 00:00:00,91498.0,93330.0,91484.0,92837.0,748.59718703
2026-01-05 04:00:00,92835.0,92909.0,92115.0,92485.0,251.2547731
2026-01-05 08:00:00,92484.0,93095.0,92282.0,93081.0,250.95114722
2026-01-05 12:00:00,93081.0,93996.0,92358.0,93946.0,1048.03177116
2026-01-05 16:00:00,93943.0,94500.0,93239.0,94300.0,696.01189942
2026-01-05 20:00:00,94295.0,94792.0,93816.0,93876.0,374.41266608
2026-01-06 00:00:00,93876.0,94147.0,93528.0,93764.0,154.72104443
2026-01-06 04:00:00,93764.0,93978.0,93121.0,93209.0,158.26220647
2026-01-06 08:00:00,93209.0,93865.0,93140.0,93808.0,128.06712293
2026-01-06 12:00:00,93808.0,94418.0,93316.0,93616.0,737.21660615
2026-01-06 16:00:00,93615.0,93742.0,91221.0,92059.0,813.82410299
2026-01-06 20:00:00,92042.0,93786.0,92042.0,93712.0,754.31926503
2026-01-07 00:00:00,93712.0,93712.0,92194.0,92758.0,323.77984316
2026-01-07 04:00:00,92758.0,92856.0,92453.0,92803.0,133.68088839
2026-01-07 08:00:00,92810.0,92896.0,91530.0,92044.0,270.40216463
2026-01-07 12:00:00,92025.0,92204.0,90982.0,91263.0,857.44319633
2026-01-07 16:00:00,91265.0,91710.0,90526.0,91092.0,652.87752147
2026-01-07 20:00:00,91093.0,91376.0,90679.0,91273.0,306.70729679
2026-01-08 00:00:00,91273.0,91562.0,90536.0,90709.0,212.96591517
2026-01-08 04:00:00,90703.0,91059.0,89530.0,90417.0,303.69215176
2026-01-08 08:00:00,90417.0,90635.0,89671.0,90097.0,258.28072182
2026-01-08 12:00:00,90097.0,90759.0,89199.0,90698.0,652.01387278
2026-01-08 16:00:00,90695.0,91386.0,90221.0,90843.0,869.54940344
2026-01-08 20:00:00,90843.0,91397.0,90492.0,91031.0,751.11279906
2026-01-09 00:00:00,91032.0,91545.0,90775.0,91117.0,435.94903699
2026-01-09 04:00:00,91116.0,91132.0,90641.0,90645.0,146.49860837
2026-01-09 08:00:00,90642.0,90721.0,89596.0,90349.0,303.11969013
2026-01-09 12:00:00,90349.0,91924.0,89757.0,91067.0,941.9050125
2026-01-09 16:00:00,91077.0,91685.0,90070.0,90225.0,805.19899207
2026-01-09 20:00:00,90224.0,90594.0,90018.0,90510.0,180.06026794
2026-01-10 00:00:00,90510.0,90634.0,90405.0,90502.0,101.1015824
2026-01-10 04:00:00,90503.0,90542.0,90286.0,90541.0,72.47346737
2026-01-10 08:00:00,90542.0,90694.0,90493.0,90601.0,60.61694515
2026-01-10 12:00:00,90601.0,90654.0,90427.0,90536.0,55.37918701
2026-01-10 16:00:00,90535.0,90615.0,90396.0,90501.0,56.53602657
2026-01-10 20:00:00,90501.0,90525.0,90286.0,90382.0,70.87855835
2026-01-11 00:00:00,90382.0,90616.0,90340.0,90616.0,48.86241455
2026-01-11 04:00:00,90615.0,90720.0,90466.0,90584.0,60.69578545
2026-01-11 08:00:00,90584.0,90676.0,90493.0,90602.0,63.76705642
2026-01-11 12:00:00,90618.0,91059.0,90591.0,90742.0,172.55470083
2026-01-11 16:00:00,90742.0,91146.0,90547.0,90583.0,159.78574919
2026-01-11 20:00:00,90547.0,90895.0,90090.0,90872.0,350.85276585
2026-01-12 00:00:00,90872.0,92392.0,90569.0,91676.0,521.15543789
2026-01-12 04:00:00,91677.0,92152.0,91270.0,91286.0,171.47917803
2026-01-12 08:00:00,91285.0,91503.0,90244.0,90510.0,345.31056578
2026-01-12 12:00:00,90511.0,91563.0,90016.0,91563.0,423.08054929
2026-01-12 16:00:00,91572.0,92244.0,90950.0,91776.0,665.07705847
2026-01-12 20:00:00,91776.0,91959.0,90873.0,91195.0,286.47448294
2026-01-13 00:00:00,91195.0,91441.0,90949.0,91303.0,158.33171418
2026-01-13 04:00:00,91304.0,92158.0,91244.0,91832.0,249.13582758
2026-01-13 08:00:00,91831.0,92576.0,91824.0,91897.0,297.97261417
2026-01-13 12:00:00,91898.0,93394.0,91695.0,93394.0,1053.3810395
2026-01-13 16:00:00,93394.0,94212.0,93045.0,94201.0,1269.97253095
2026-01-13 20:00:00,94201.0,96474.0,94073.0,95366.0,1701.80673384
2026-01-14 00:00:00,95367.0,95678.0,95104.0,95678.0,860.01388108
2026-01-14 04:00:00,95677.0,95751.0,94555.0,95182.0,496.93400225
2026-01-14 08:00:00,95182.0,95283.0,94249.0,94739.0,313.48289194
2026-01-14 12:00:00,94739.0,97073.0,94638.0,96765.0,1312.98560229
2026-01-14 16:00:00,96769.0,97814.0,96272.0,97268.0,1536.35619889
2026-01-14 20:00:00,97268.0,97939.0,96826.0,96942.0,707.64052387
2026-01-15 00:00:00,96946.0,96992.0,95753.0,95955.0,314.71323443
2026-01-15 04:00:00,95955.0,96732.0,95930.0,96610.0,217.72864506
2026-01-15 08:00:00,96610.0,97165.0,96284.0,96573.0,205.40653232
2026-01-15 12:00:00,96573.0,97119.0,95411.0,96719.0,867.26770172
2026-01-15 16:00:00,96719.0,97040.0,95167.0,95486.0,804.40089461
2026-01-15 20:00:00,95485.0,95836.0,95113.0,95577.0,402.63116363
2026-01-16 00:00:00,95583.0,95811.0,95319.0,95330.0,198.64317588
2026-01-16 04:00:00,95330.0,95777.0,95135.0,95629.0,137.91022716
2026-01-16 08:00:00,95629.0,95802.0,95238.0,95395.0,105.09815664
2026-01-16 12:00:00,95394.0,95765.0,94251.0,94551.0,651.71179207
2026-01-16 16:00:00,94538.0,95178.0,94466.0,94958.0,282.42983347
2026-01-16 20:00:00,94957.0,95584.0,94643.0,95521.0,407.13458981
2026-01-17 00:00:00,95520.0,95537.0,95181.0,95337.0,88.39569275
2026-01-17 04:00:00,95337.0,95341.0,95034.0,95074.0,63.74930706
2026-01-17 08:00:00,95074.0,95282.0,95011.0,95282.0,63.93694942
2026-01-17 12:00:00,95282.0,95603.0,95181.0,95542.0,87.11394166
2026-01-17 16:00:00,95542.0,95542.0,95204.0,95257.0,90.26613233
2026-01-17 20:00:00,95256.0,95364.0,95021.0,95113.0,78.30336884
2026-01-18 00:00:00,95113.0,95203.0,94839.0,95154.0,120.99680626
2026-01-18 04:00:00,95154.0,95204.0,95010.0,95013.0,48.85838641
2026-01-18 08:00:00,95010.0,95249.0,94999.0,95130.0,48.18719286
2026-01-18 12:00:00,95132.0,95307.0,94886.0,95078.0,114.58290976
2026-01-18 16:00:00,95078.0,95479.0,95044.0,95345.0,206.57896671
2026-01-18 20:00:00,95345.0,95480.0,93584.0,93636.0,379.79092884
2026-01-19 00:00:00,93627.0,93632.0,91917.0,92651.0,904.18131083
2026-01-19 04:00:00,92651.0,92790.0,92354.0,92788.0,196.8475445
2026-01-19 08:00:00,92788.0,93304.0,92648.0,93139.0,163.43501899
2026-01-19 12:00:00,93139.0,93171.0,92669.0,93016.0,174.22911658
2026-01-19 16:00:00,93016.0,93362.0,92880.0,93054.0,135.59796325
2026-01-19 20:00:00,93054.0,93293.0,92105.0,92560.0,297.33626379
2026-01-20 00:00:00,92559.0,92799.0,92193.0,92360.0,253.9954607
2026-01-20 04:00:00,92360.0,92392.0,90689.0,91078.0,663.04713187
2026-01-20 08:00:00,91078.0,91343.0,90599.0,91130.0,327.73587804
2026-01-20 12:00:00,91130.0,91287.0,89778.0,90586.0,927.27510715
2026-01-20 16:00:00,90586.0,90873.0,89180.0,89606.0,1042.20102724
2026-01-20 20:00:00,89606.0,89800.0,87777.0,88316.0,1139.3859841
2026-01-21 00:00:00,88317.0,89477.0,88145.0,89322.0,303.822497
2026-01-21 04:00:00,89322.0,90005.0,88986.0,89114.0,643.19081418
2026-01-21 08:00:00,89102.0,89387.0,88605.0,88700.0,462.64816182
2026-01-21 12:00:00,88700.0,90471.0,88135.0,90206.0,1187.15015959
2026-01-21 16:00:00,90209.0,90372.0,87193.0,90285.0,1619.53121672
2026-01-21 20:00:00,90284.0,90316.0,89281.0,89374.0,679.68290925
2026-01-22 00:00:00,89373.0,90254.0,89373.0,89810.0,254.64625022
2026-01-22 04:00:00,89810.0,90113.0,89716.0,89735.0,118.63340252
2026-01-22 08:00:00,89735.0,90063.0,89675.0,89851.0,106.11596771
2026-01-22 12:00:00,89852.0,90231.0,88421.0,88912.0,781.20081411
2026-01-22 16:00:00,88902.0,89835.0,88583.0,89689.0,571.44822092
2026-01-22 20:00:00,89688.0,89861.0,89056.0,89464.0,199.64460721
2026-01-23 00:00:00,89468.0,89875.0,89362.0,89821.0,140.48679353
2026-01-23 04:00:00,89821.0,89973.0,89296.0,89442.0,226.87454283
2026-01-23 08:00:00,89418.0,89503.0,88761.0,89081.0,250.42556775
2026-01-23 12:00:00,89082.0,89735.0,88463.0,89633.0,588.22932144
2026-01-23 16:00:00,89641.0,91122.0,89374.0,89880.0,900.38518404
2026-01-23 20:00:00,89880.0,90047.0,89101.0,89493.0,241.23979043
2026-01-24 00:00:00,89493.0,89778.0,89309.0,89637.0,77.0728362
2026-01-24 04:00:00,89637.0,89726.0,89441.0,89483.0,56.90096594
2026-01-24 08:00:00,89482.0,89545.0,89450.0,89455.0,47.69274792
2026-01-24 12:00:00,89455.0,89455.0,89060.0,89142.0,133.07058777
2026-01-24 16:00:00,89141.0,89306.0,89037.0,89195.0,92.84307174
2026-01-24 20:00:00,89196.0,89338.0,89080.0,89089.0,64.54007479
2026-01-25 00:00:00,89089.0,89180.0,88718.0,88818.0,90.39827202
2026-01-25 04:00:00,88817.0,88942.0,88507.0,88518.0,123.07935849
2026-01-25 08:00:00,88518.0,88618.0,87957.0,88423.0,199.56318869
2026-01-25 12:00:00,88423.0,88825.0,88272.0,88333.0,158.96990157
2026-01-25 16:00:00,88331.0,88331.0,86117.0,86396.0,849.76982312
2026-01-25 20:00:00,86396.0,86913.0,86000.0,86567.0,531.15677264
2026-01-26 00:00:00,86568.0,87839.0,86422.0,87154.0,378.90436602
2026-01-26 04:00:00,87175.0,87970.0,87125.0,87903.0,194.21098096
2026-01-26 08:00:00,87904.0,88285.0,87503.0,87763.0,185.70891007
2026-01-26 12:00:00,87776.0,88750.0,87251.0,87554.0,773.22587929
2026-01-26 16:00:00,87554.0,88447.0,86942.0,87915.0,468.2386826
2026-01-26 20:00:00,87914.0,88552.0,87443.0,88247.0,316.81049457
2026-01-27 00:00:00,88247.0,88772.0,88114.0,88667.0,275.7085785
2026-01-27 04:00:00,88667.0,88880.0,88178.0,88215.0,214.00683129
2026-01-27 08:00:00,88214.0,88281.0,87639.0,87875.0,152.87175932
2026-01-27 12:00:00,87862.0,88315.0,87448.0,87922.0,471.45718624
2026-01-27 16:00:00,87922.0,88703.0,87197.0,88286.0,488.86966988
2026-01-27 20:00:00,88285.0,89416.0,88260.0,89135.0,721.54876388
2026-01-28 00:00:00,89135.0,89379.0,88878.0,89005.0,204.6799563
2026-01-28 04:00:00,89005.0,89263.0,88722.0,89021.0,137.25226864
2026-01-28 08:00:00,89013.0,90016.0,88752.0,89949.0,318.30091521
2026-01-28 12:00:00,89955.0,90352.0,88794.0,89364.0,569.88467356
2026-01-28 16:00:00,89368.0,90438.0,88894.0,89286.0,511.53567593
2026-01-28 20:00:00,89275.0,89746.0,88727.0,89168.0,493.23679259
2026-01-29 00:00:00,89167.0,89214.0,87582.0,87906.0,512.89326277
2026-01-29 04:00:00,87906.0,88283.0,87761.0,88215.0,142.24129761
2026-01-29 08:00:00,88214.0,88332.0,87608.0,87692.0,280.55401046
2026-01-29 12:00:00,87691.0,88007.0,84231.0,84780.0,1109.13794349
2026-01-29 16:00:00,84783.0,85488.0,83242.0,83857.0,1224.92038742
2026-01-29 20:00:00,83848.0,84603.0,83664.0,84530.0,411.65907558
2026-01-30 00:00:00,84520.0,84599.0,81040.0,82549.0,1454.19639198
2026-01-30 04:00:00,82549.0,83193.0,81939.0,82670.0,803.07487769
2026-01-30 08:00:00,82670.0,83163.0,82033.0,82990.0,411.54714058
2026-01-30 12:00:00,83002.0,83651.0,82274.0,82759.0,708.14653417
2026-01-30 16:00:00,82758.0,84500.0,81752.0,84119.0,1264.49257291
2026-01-30 20:00:00,84120.0,84351.0,83422.0,84130.0,555.81142818
2026-01-31 00:00:00,84124.0,84137.0,83680.0,83881.0,205.31415645
2026-01-31 04:00:00,83881.0,83994.0,83257.0,83400.0,174.74129494
2026-01-31 08:00:00,83400.0,83480.0,82447.0,82870.0,359.01749037
2026-01-31 12:00:00,82870.0,82994.0,80743.0,81176.0,771.37121799
2026-01-31 16:00:00,81176.0,82023.0,75555.0,77649.0,2448.92924342
2026-01-31 20:00:00,77649.0,79145.0,76976.0,78635.0,1166.77537399
2026-02-01 00:00:00,78644.0,79322.0,78218.0,78785.0,596.3554172
2026-02-01 04:00:00,78785.0,79041.0,77921.0,78273.0,404.0997268
2026-02-01 08:00:00,78276.0,79144.0,78083.0,78679.0,392.55434641
2026-02-01 12:00:00,78696.0,78696.0,76729.0,77523.0,874.14737625
2026-02-01 16:00:00,77527.0,78405.0,76914.0,77097.0,558.05846883
2026-02-01 20:00:00,77096.0,77708.0,75651.0,76888.0,955.07567213
2026-02-02 00:00:00,76888.0,78019.0,74532.0,76195.0,1332.70171282
2026-02-02 04:00:00,76201.0,76839.0,74837.0,76550.0,1085.37203488
2026-02-02 08:00:00,76551.0,77868.0,76523.0,77668.0,473.53432794
2026-02-02 12:00:00,77668.0,79301.0,77534.0,78827.0,1581.07453648
2026-02-02 16:00:00,78826.0,79251.0,78219.0,78277.0,855.17553807
2026-02-02 20:00:00,78276.0,78894.0,77841.0,78666.0,576.71254734
2026-02-03 00:00:00,78666.0,79113.0,77599.0,78685.0,640.21541559
2026-02-03 04:00:00,78686.0,78924.0,77897.0,78698.0,535.31564966
2026-02-03 08:00:00,78715.0,79000.0,77882.0,78004.0,451.52852487
2026-02-03 12:00:00,78005.0,78370.0,76996.0,78072.0,1069.94665375
2026-02-03 16:00:00,78070.0,78070.0,72863.0,74852.0,2501.28839168
2026-02-03 20:00:00,74845.0,76873.0,74495.0,75662.0,1293.12778486
2026-02-04 00:00:00,75661.0,76873.0,75363.0,76617.0,746.70361051
2026-02-04 04:00:00,76618.0,76733.0,76025.0,76395.0,278.96319588
2026-02-04 08:00:00,76409.0,76499.0,75566.0,75905.0,352.8929398
2026-02-04 12:00:00,75905.0,76157.0,73689.0,74011.0,2006.01489886
2026-02-04 16:00:00,74011.0,74132.0,72000.0,73767.0,1960.93936228
2026-02-04 20:00:00,73755.0,73975.0,71704.0,73000.0,1318.69189872
2026-02-05 00:00:00,73000.0,73175.0,71033.0,71119.0,1311.09064393
2026-02-05 04:00:00,71094.0,71468.0,69101.0,70591.0,1359.08800001
2026-02-05 08:00:00,70592.0,71821.0,69807.0,70198.0,1043.4640641
2026-02-05 12:00:00,70195.0,70739.0,66459.0,67368.0,3048.10834507
2026-02-05 16:00:00,67372.0,68539.0,65053.0,65111.0,2795.89462738
2026-02-05 20:00:00,65119.0,65573.0,62200.0,62795.0,3422.79938628
2026-02-06 00:00:00,62795.0,65928.0,59930.0,64084.0,3066.66708582
2026-02-06 04:00:00,64085.0,66746.0,63874.0,64738.0,1703.28306785
2026-02-06 08:00:00,64764.0,66658.0,64437.0,66550.0,1387.38956026
2026-02-06 12:00:00,66546.0,69141.0,66039.0,68605.0,1868.03697443
2026-02-06 16:00:00,68606.0,71463.0,68421.0,70669.0,2912.74919986
2026-02-06 20:00:00,70664.0,71673.0,69806.0,70531.0,1451.23758407
2026-02-07 00:00:00,70515.0,70891.0,69697.0,70878.0,1061.06427218
2026-02-07 04:00:00,70877.0,71622.0,67313.0,68067.0,1305.03120067
2026-02-07 08:00:00,68063.0,68738.0,67579.0,67918.0,760.73765259
2026-02-07 12:00:00,67915.0,69897.0,67859.0,69078.0,1241.67823201
2026-02-07 16:00:00,69078.0,69791.0,68545.0,69331.0,646.49808963
2026-02-07 20:00:00,69329.0,69672.0,68752.0,69246.0,298.39596615
2026-02-08 00:00:00,69249.0,69630.0,68850.0,69069.0,289.77618879
2026-02-08 04:00:00,69055.0,69647.0,68932.0,69646.0,275.79049377
2026-02-08 08:00:00,69646.0,71134.0,69469.0,70933.0,807.19731002
2026-02-08 12:00:00,70936.0,71494.0,70658.0,71140.0,509.64936974
2026-02-08 16:00:00,71140.0,71476.0,70218.0,71377.0,445.56565254
2026-02-08 20:00:00,71382.0,72174.0,69970.0,70283.0,881.10540714
2026-02-09 00:00:00,70283.0,71383.0,70031.0,71285.0,593.84280992
2026-02-09 04:00:00,71242.0,71293.0,70273.0,70357.0,265.57496635
2026-02-09 08:00:00,70358.0,70556.0,68364.0,68863.0,699.99071057
2026-02-09 12:00:00,68863.0,69817.0,68265.0,69533.0,1036.00265332
2026-02-09 16:00:00,69507.0,71031.0,69055.0,70924.0,1037.98518401
2026-02-09 20:00:00,70920.0,71082.0,69798.0,70094.0,617.93991865
2026-02-10 00:00:00,70094.0,70465.0,69189.0,69473.0,466.71185108
2026-02-10 04:00:00,69451.0,69852.0,68657.0,68859.0,409.27108813
2026-02-10 08:00:00,68860.0,69338.0,68414.0,68483.0,436.4018376
2026-02-10 12:00:00,68477.0,69550.0,67870.0,69258.0,1453.08477506
2026-02-10 16:00:00,69256.0,69965.0,68582.0,69026.0,803.81296436
2026-02-10 20:00:00,69024.0,69092.0,68281.0,68802.0,483.21788211
2026-02-11 00:00:00,68801.0,69235.0,67968.0,68134.0,472.05253233
2026-02-11 04:00:00,68134.0,68269.0,66529.0,66993.0,879.74982344
2026-02-11 08:00:00,66993.0,67082.0,66351.0,67021.0,436.84601077
2026-02-11 12:00:00,67020.0,68717.0,65719.0,66485.0,2348.39189746
2026-02-11 16:00:00,66485.0,67811.0,65840.0,67538.0,1245.45952277
2026-02-11 20:00:00,67536.0,68299.0,66759.0,67053.0,687.41136235
2026-02-12 00:00:00,67034.0,67995.0,67004.0,67533.0,340.35148289
2026-02-12 04:00:00,67533.0,67625.0,66617.0,67175.0,419.82145999
2026-02-12 08:00:00,67168.0,68233.0,66832.0,68048.0,302.97777125
2026-02-12 12:00:00,68037.0,68364.0,67000.0,67096.0,797.97005789
2026-02-12 16:00:00,67097.0,67192.0,65080.0,65725.0,1125.8047366
2026-02-12 20:00:00,65730.0,66419.0,65156.0,66207.0,590.51283315
2026-02-13 00:00:00,66205.0,66735.0,65828.0,66496.0,364.41960262
2026-02-13 04:00:00,66499.0,66613.0,65970.0,66144.0,514.87128861
2026-02-13 08:00:00,66148.0,67155.0,66132.0,67110.0,380.75596412
2026-02-13 12:00:00,67109.0,69256.0,66839.0,68648.0,1444.43616494
2026-02-13 16:00:00,68649.0,69405.0,68503.0,68918.0,669.52869027
2026-02-13 20:00:00,68901.0,69040.0,68647.0,68812.0,305.25641896
2026-02-14 00:00:00,68812.0,69101.0,68738.0,68943.0,160.19254189
2026-02-14 04:00:00,68943.0,69296.0,68701.0,69182.0,115.15200766
2026-02-14 08:00:00,69182.0,70513.0,69181.0,70475.0,419.54590212
2026-02-14 12:00:00,70468.0,70494.0,69214.0,69766.0,744.64672526
2026-02-14 16:00:00,69765.0,69890.0,69280.0,69823.0,177.01706598
2026-02-14 20:00:00,69847.0,70213.0,69643.0,69791.0,238.45455959
2026-02-15 00:00:00,69791.0,69957.0,69230.0,69932.0,378.20073776
2026-02-15 04:00:00,69929.0,70886.0,69828.0,70793.0,360.87900752
2026-02-15 08:00:00,70803.0,70937.0,70167.0,70252.0,271.88023386
2026-02-15 12:00:00,70256.0,70372.0,68750.0,69064.0,599.60733067
2026-02-15 16:00:00,69065.0,69066.0,68044.0,68249.0,558.47062763
2026-02-15 20:00:00,68249.0,69037.0,68101.0,68792.0,414.75307092
2026-02-16 00:00:00,68792.0,69007.0,68127.0,68390.0,234.61813019
2026-02-16 04:00:00,68392.0,68848.0,68209.0,68545.0,263.04621745
2026-02-16 08:00:00,68545.0,69031.0,68314.0,68772.0,273.50520983
2026-02-16 12:00:00,68774.0,70066.0,67268.0,67497.0,1145.08894585
2026-02-16 16:00:00,67500.0,68211.0,67478.0,67881.0,392.07268504
2026-02-16 20:00:00,67872.0,68940.0,67795.0,68867.0,253.10564447
2026-02-17 00:00:00,68867.0,69205.0,68323.0,68453.0,577.49993853
2026-02-17 04:00:00,68446.0,68643.0,67869.0,68350.0,311.18775959
2026-02-17 08:00:00,68350.0,68438.0,67656.0,67815.0,230.99453701
2026-02-17 12:00:00,67815.0,68326.0,66557.0,67346.0,960.71248523
2026-02-17 16:00:00,67346.0,68198.0,66863.0,67744.0,899.67298417
2026-02-17 20:00:00,67748.0,67891.0,67353.0,67468.0,193.22729529
2026-02-18 00:00:00,67469.0,67654.0,66869.0,67587.0,287.37652706
2026-02-18 04:00:00,67587.0,68169.0,67462.0,68077.0,182.01127659
2026-02-18 08:00:00,68079.0,68428.0,67080.0,67342.0,433.69695108
2026-02-18 12:00:00,67342.0,68314.0,66695.0,67667.0,944.84080073
2026-02-18 16:00:00,67665.0,67671.0,65840.0,66142.0,1068.31906846
2026-02-18 20:00:00,66142.0,66498.0,66069.0,66425.0,352.87674974
2026-02-19 00:00:00,66425.0,66958.0,66310.0,66952.0,256.89487356
2026-02-19 04:00:00,66951.0,67281.0,66664.0,67175.0,279.29957045
2026-02-19 08:00:00,67174.0,67174.0,66459.0,66469.0,318.36609921
2026-02-19 12:00:00,66469.0,66711.0,65620.0,66370.0,986.35957823
2026-02-19 16:00:00,66363.0,67172.0,65872.0,67014.0,811.71213191
2026-02-19 20:00:00,67024.0,67171.0,66623.0,66973.0,230.55950413
2026-02-20 00:00:00,66973.0,67443.0,66921.0,67331.0,240.20100099
2026-02-20 04:00:00,67334.0,67979.0,67079.0,67800.0,371.3071322
2026-02-20 08:00:00,67800.0,68298.0,67199.0,67278.0,407.29953914
2026-02-20 12:00:00,67305.0,68053.0,66431.0,67573.0,1916.71267284
2026-02-20 16:00:00,67573.0,67988.0,66941.0,67621.0,1111.20859928
2026-02-20 20:00:00,67619.0,68200.0,67510.0,67992.0,239.52392375
2026-02-21 00:00:00,67992.0,68069.0,67518.0,67648.0,215.26369714
2026-02-21 04:00:00,67648.0,67906.0,67571.0,67841.0,95.77397916
2026-02-21 08:00:00,67841.0,68271.0,67803.0,68074.0,194.73021975
2026-02-21 12:00:00,68074.0,68668.0,67907.0,68606.0,343.1998889
2026-02-21 16:00:00,68596.0,68638.0,68094.0,68527.0,349.02945924
2026-02-21 20:00:00,68532.0,68588.0,67906.0,67966.0,223.65747268
2026-02-22 00:00:00,67967.0,68192.0,67792.0,68011.0,214.96386291
2026-02-22 04:00:00,68011.0,68147.0,67855.0,67991.0,98.07232035
2026-02-22 08:00:00,67991.0,68224.0,67907.0,68197.0,99.66996806
2026-02-22 12:00:00,68198.0,68215.0,67298.0,67666.0,396.26697595
2026-02-22 16:00:00,67668.0,67697.0,67160.0,67395.0,193.29741575
2026-02-22 20:00:00,67395.0,67718.0,67326.0,67612.0,204.19647089
2026-02-23 00:00:00,67612.0,67654.0,64258.0,64933.0,1668.93475869
2026-02-23 04:00:00,64933.0,66000.0,64669.0,65945.0,516.80312757
2026-02-23 08:00:00,65944.0,66575.0,65554.0,66204.0,404.47332749
2026-02-23 12:00:00,66205.0,66495.0,65522.0,65650.0,1036.00575379
2026-02-23 16:00:00,65646.0,65717.0,64097.0,64276.0,962.59376367
2026-02-23 20:00:00,64275.0,64994.0,63868.0,64630.0,691.51141109
2026-02-24 00:00:00,64630.0,64984.0,63202.0,63557.0,1156.9384728
2026-02-24 04:00:00,63567.0,63602.0,62696.0,63170.0,629.72254415
2026-02-24 08:00:00,63163.0,63409.0,62925.0,63220.0,306.43419666
2026-02-24 12:00:00,63218.0,64021.0,62525.0,63976.0,973.66814615
2026-02-24 16:00:00,63975.0,64716.0,63699.0,64441.0,701.76610854
2026-02-24 20:00:00,64441.0,64578.0,63836.0,64059.0,396.69350001
2026-02-25 00:00:00,64059.0,66311.0,63920.0,65381.0,1025.28053241
2026-02-25 04:00:00,65384.0,65645.0,64760.0,65029.0,367.93696035
2026-02-25 08:00:00,65029.0,65667.0,64955.0,65422.0,362.29797632
2026-02-25 12:00:00,65421.0,67573.0,65325.0,67419.0,1517.77819363
2026-02-25 16:00:00,67419.0,69562.0,67413.0,69055.0,1574.5912156
2026-02-25 20:00:00,69057.0,70038.0,67621.0,67994.0,1184.30072032
2026-02-26 00:00:00,67993.0,68696.0,67737.0,68222.0,579.76050988
2026-02-26 04:00:00,68194.0,68841.0,67841.0,67842.0,411.44758513
2026-02-26 08:00:00,67841.0,68710.0,67809.0,68041.0,351.88953354
2026-02-26 12:00:00,68051.0,68302.0,66775.0,67386.0,1150.08660276
2026-02-26 16:00:00,67396.0,67908.0,66511.0,67602.0,1077.17199427
2026-02-26 20:00:00,67592.0,67825.0,67160.0,67488.0,285.4518489
2026-02-27 00:00:00,67488.0,67702.0,66895.0,67609.0,427.26378352
2026-02-27 04:00:00,67601.0,68207.0,67468.0,67700.0,382.29486437
2026-02-27 08:00:00,67675.0,68142.0,65971.0,66125.0,672.90702816
2026-02-27 12:00:00,66123.0,66339.0,65663.0,66105.0,1129.88082297
2026-02-27 16:00:00,66098.0,66118.0,65130.0,65387.0,842.90041941
2026-02-27 20:00:00,65384.0,65954.0,64935.0,65868.0,600.95948805
2026-02-28 00:00:00,65868.0,66017.0,65721.0,65789.0,165.36214406
2026-02-28 04:00:00,65789.0,65824.0,63037.0,63832.0,1771.06179736
2026-02-28 08:00:00,63830.0,64309.0,63379.0,63845.0,679.58514018
2026-02-28 12:00:00,63865.0,65361.0,63838.0,64853.0,1252.60163369
2026-02-28 16:00:00,64851.0,66677.0,64686.0,66376.0,1048.19168012
2026-02-28 20:00:00,66369.0,67743.0,66205.0,66985.0,1024.79068768
2026-03-01 00:00:00,66982.0,68201.0,66086.0,67513.0,1219.1700696
2026-03-01 04:00:00,67555.0,67611.0,66800.0,67136.0,428.55000901
2026-03-01 08:00:00,67146.0,67289.0,66235.0,66467.0,460.02621854
2026-03-01 12:00:00,66462.0,67338.0,66146.0,66829.0,722.57454995
2026-03-01 16:00:00,66861.0,67119.0,65734.0,65970.0,828.8004161
2026-03-01 20:00:00,65969.0,66466.0,65051.0,65771.0,981.29125403
2026-03-02 00:00:00,65776.0,67063.0,65763.0,66820.0,843.63943623
2026-03-02 04:00:00,66821.0,66988.0,65557.0,66006.0,562.90435081
2026-03-02 08:00:00,66006.0,66715.0,65661.0,66347.0,699.97598884
2026-03-02 12:00:00,66347.0,69610.0,65259.0,69121.0,1894.80614358
2026-03-02 16:00:00,69135.0,70111.0,68591.0,68975.0,1520.76869409
2026-03-02 20:00:00,68975.0,69537.0,68605.0,68821.0,959.03006772
2026-03-03 00:00:00,68821.0,69256.0,68225.0,68359.0,415.98647468
2026-03-03 04:00:00,68362.0,68528.0,67800.0,68173.0,443.74799541
2026-03-03 08:00:00,68172.0,68296.0,66343.0,67020.0,937.01499652
2026-03-03 12:00:00,67021.0,67945.0,66147.0,67716.0,1372.05266274
2026-03-03 16:00:00,67718.0,68993.0,67494.0,68422.0,1407.73568184
2026-03-03 20:00:00,68437.0,68854.0,67829.0,68336.0,617.76395646
2026-03-04 00:00:00,68336.0,68896.0,67405.0,67748.0,716.49625163
2026-03-04 04:00:00,67730.0,69635.0,67463.0,69510.0,623.65443523
2026-03-04 08:00:00,69493.0,71896.0,69140.0,71117.0,1035.33491669
2026-03-04 12:00:00,71117.0,73500.0,70602.0,73419.0,1689.05094358
2026-03-04 16:00:00,73419.0,74075.0,72569.0,73693.0,1662.29389303
2026-03-04 20:00:00,73685.0,73769.0,72349.0,72691.0,1017.06178042
2026-03-05 00:00:00,72691.0,73300.0,72373.0,72518.0,523.10850676
2026-03-05 04:00:00,72511.0,73101.0,71803.0,72083.0,570.19606191
2026-03-05 08:00:00,72084.0,73573.0,71802.0,72925.0,697.9409124
2026-03-05 12:00:00,72934.0,73102.0,71196.0,71665.0,1296.7947091
2026-03-05 16:00:00,71683.0,71685.0,70671.0,70955.0,1026.48828931
2026-03-05 20:00:00,70918.0,71581.0,70793.0,70896.0,434.18459555
2026-03-06 00:00:00,70898.0,71415.0,70403.0,71092.0,376.24329902
2026-03-06 04:00:00,71092.0,71176.0,70153.0,71059.0,459.53976736
2026-03-06 08:00:00,71061.0,71066.0,70209.0,70243.0,351.86859416
2026-03-06 12:00:00,70233.0,70342.0,68176.0,68508.0,1254.05055248
2026-03-06 16:00:00,68507.0,68796.0,67753.0,68121.0,556.77430431
2026-03-06 20:00:00,68121.0,68438.0,67772.0,68114.0,521.76179149
2026-03-07 00:00:00,68114.0,68543.0,68061.0,68124.0,287.88061223
2026-03-07 04:00:00,68103.0,68134.0,67459.0,67847.0,306.79905941
2026-03-07 08:00:00,67846.0,68250.0,67723.0,68019.0,147.5745584
2026-03-07 12:00:00,68019.0,68090.0,67629.0,67895.0,289.73866251
2026-03-07 16:00:00,67886.0,67947.0,66943.0,67091.0,305.76608942
2026-03-07 20:00:00,67090.0,67473.0,67086.0,67269.0,264.98082086
2026-03-08 00:00:00,67269.0,67485.0,66840.0,67002.0,259.88009112
2026-03-08 04:00:00,67008.0,67442.0,66569.0,67333.0,318.24145817
2026-03-08 08:00:00,67327.0,68186.0,67168.0,67529.0,382.44984264
2026-03-08 12:00:00,67529.0,67649.0,66832.0,67215.0,559.64621868
2026-03-08 16:00:00,67214.0,67457.0,66759.0,67318.0,386.30819664
2026-03-08 20:00:00,67318.0,67505.0,65623.0,65975.0,923.18197143
2026-03-09 00:00:00,65974.0,67661.0,65844.0,67214.0,732.5140404
2026-03-09 04:00:00,67215.0,68045.0,66919.0,67532.0,591.14612716
2026-03-09 08:00:00,67551.0,68437.0,67345.0,67757.0,509.30438665
2026-03-09 12:00:00,67757.0,69497.0,67757.0,68907.0,1173.2916143
2026-03-09 16:00:00,68894.0,69575.0,68258.0,69027.0,1173.44632676
2026-03-09 20:00:00,69020.0,69187.0,68400.0,68453.0,485.87523739
2026-03-10 00:00:00,68453.0,70572.0,68400.0,69439.0,744.24483069
2026-03-10 04:00:00,69440.0,70531.0,69440.0,70408.0,454.63782693
2026-03-10 08:00:00,70415.0,71295.0,70385.0,70617.0,565.86655766
2026-03-10 12:00:00,70617.0,71775.0,69281.0,71364.0,1280.34823053
2026-03-10 16:00:00,71363.0,71727.0,69749.0,70050.0,1327.92312833
2026-03-10 20:00:00,70057.0,70433.0,69465.0,69963.0,829.6946179
2026-03-11 00:00:00,69958.0,70175.0,69503.0,69561.0,356.04626495
2026-03-11 04:00:00,69562.0,70263.0,69427.0,69666.0,350.21120962
2026-03-11 08:00:00,69665.0,69788.0,69172.0,69186.0,322.03888244
2026-03-11 12:00:00,69186.0,71090.0,68991.0,70240.0,1877.89834521
2026-03-11 16:00:00,70251.0,71335.0,70181.0,70668.0,1159.23544329
2026-03-11 20:00:00,70668.0,70961.0,70142.0,70196.0,583.88078033
2026-03-12 00:00:00,70196.0,70354.0,69240.0,69433.0,468.86488806
2026-03-12 04:00:00,69448.0,69853.0,69222.0,69833.0,357.0440822
2026-03-12 08:00:00,69830.0,70805.0,69597.0,70458.0,542.44202735
2026-03-12 12:00:00,70442.0,70672.0,69376.0,70357.0,1673.71648222
2026-03-12 16:00:00,70355.0,70567.0,69783.0,70455.0,1101.39735189
2026-03-12 20:00:00,70456.0,70734.0,70035.0,70529.0,742.28546459
2026-03-13 00:00:00,70537.0,72010.0,70412.0,71414.0,841.30083529
2026-03-13 04:00:00,71401.0,71677.0,71193.0,71630.0,299.46534906
2026-03-13 08:00:00,71630.0,72582.0,71399.0,72239.0,515.35474184
2026-03-13 12:00:00,72238.0,73933.0,71768.0,71860.0,1288.78415219
2026-03-13 16:00:00,71861.0,72267.0,70862.0,71184.0,1195.50394351
2026-03-13 20:00:00,71193.0,71498.0,70578.0,70949.0,453.37529849
2026-03-14 00:00:00,70947.0,71175.0,70500.0,71087.0,361.37665321
2026-03-14 04:00:00,71087.0,71308.0,70305.0,70612.0,362.4119905
2026-03-14 08:00:00,70611.0,70784.0,70403.0,70748.0,174.21222669
2026-03-14 12:00:00,70759.0,70949.0,70517.0,70609.0,213.86948223
2026-03-14 16:00:00,70607.0,70746.0,70515.0,70702.0,132.14553323
2026-03-14 20:00:00,70711.0,71256.0,70657.0,71218.0,276.2388505
2026-03-15 00:00:00,71218.0,71628.0,70878.0,71363.0,316.35935417
2026-03-15 04:00:00,71362.0,71807.0,71359.0,71462.0,248.14453281
2026-03-15 08:00:00,71462.0,71940.0,71462.0,71848.0,197.75679471
2026-03-15 12:00:00,71848.0,71848.0,71287.0,71494.0,288.61043458
2026-03-15 16:00:00,71494.0,72008.0,71339.0,71566.0,274.19017778
2026-03-15 20:00:00,71566.0,73223.0,71449.0,72831.0,967.5541714
2026-03-16 00:00:00,72849.0,74308.0,72294.0,73590.0,597.83768299
2026-03-16 04:00:00,73592.0,74425.0,73400.0,73458.0,611.59969087
2026-03-16 08:00:00,73460.0,73838.0,72903.0,73562.0,404.33949882
2026-03-16 12:00:00,73559.0,74515.0,73012.0,73303.0,991.69596138
2026-03-16 16:00:00,73289.0,74427.0,73170.0,73969.0,669.58426015
2026-03-16 20:00:00,73961.0,74916.0,73851.0,74876.0,497.09457445
2026-03-17 00:00:00,74884.0,76013.0,74283.0,74472.0,823.88467775
2026-03-17 04:00:00,74491.0,74677.0,73803.0,74256.0,484.39714261
2026-03-17 08:00:00,74280.0,74464.0,73574.0,74045.0,594.04681345
2026-03-17 12:00:00,74046.0,74913.0,73429.0,73947.0,949.01609025
2026-03-17 16:00:00,73945.0,74816.0,73887.0,74545.0,636.45067925
2026-03-17 20:00:00,74541.0,74813.0,73900.0,73928.0,435.70084284
2026-03-18 00:00:00,73931.0,74676.0,73564.0,74477.0,272.91733698
2026-03-18 04:00:00,74480.0,74508.0,73719.0,73909.0,256.33251553
2026-03-18 08:00:00,73910.0,74298.0,72835.0,72971.0,334.1735364
2026-03-18 12:00:00,72970.0,72998.0,70882.0,71484.0,1023.64682793
2026-03-18 16:00:00,71484.0,71992.0,70945.0,71071.0,720.3236247
2026-03-18 20:00:00,71076.0,71423.0,70492.0,71259.0,452.0763427
2026-03-19 00:00:00,71241.0,71604.0,70921.0,71220.0,265.26453961
2026-03-19 04:00:00,71219.0,71219.0,69505.0,70205.0,500.63021567
2026-03-19 08:00:00,70198.0,70555.0,69916.0,69933.0,355.0619252
2026-03-19 12:00:00,69947.0,70149.0,68799.0,69404.0,1219.36534315
2026-03-19 16:00:00,69388.0,70589.0,69104.0,70260.0,671.15142641
2026-03-19 20:00:00,70268.0,70693.0,69732.0,69921.0,369.74235718
2026-03-20 00:00:00,69921.0,70793.0,69849.0,70721.0,326.14379306
2026-03-20 04:00:00,70721.0,70951.0,70214.0,70855.0,330.0492318
2026-03-20 08:00:00,70855.0,71356.0,70218.0,70469.0,443.74718555
2026-03-20 12:00:00,70477.0,70670.0,69473.0,69856.0,869.2246514
2026-03-20 16:00:00,69852.0,70173.0,69399.0,70162.0,333.26506412
2026-03-20 20:00:00,70161.0,70899.0,69741.0,70502.0,484.47647722
2026-03-21 00:00:00,70498.0,70808.0,70430.0,70658.0,125.5140318
2026-03-21 04:00:00,70657.0,70866.0,70622.0,70705.0,118.85565993
2026-03-21 08:00:00,70706.0,70741.0,70476.0,70636.0,123.37178257
2026-03-21 12:00:00,70636.0,71082.0,70454.0,70630.0,195.48658089
2026-03-21 16:00:00,70629.0,70639.0,70150.0,70377.0,213.15892713
2026-03-21 20:00:00,70377.0,70494.0,68563.0,68910.0,584.81570895
2026-03-22 00:00:00,68910.0,69564.0,68241.0,69337.0,578.11820758
2026-03-22 04:00:00,69336.0,69515.0,68892.0,68906.0,158.28977017
2026-03-22 08:00:00,68901.0,68969.0,68134.0,68222.0,279.87332366
2026-03-22 12:00:00,68223.0,68990.0,68200.0,68846.0,254.24207699
2026-03-22 16:00:00,68849.0,68876.0,68153.0,68183.0,187.94090344
2026-03-22 20:00:00,68200.0,68487.0,67354.0,67860.0,651.15163326
2026-03-23 00:00:00,67853.0,68558.0,67435.0,68053.0,455.24402797
2026-03-23 04:00:00,68054.0,68875.0,67507.0,68271.0,338.07824689
2026-03-23 08:00:00,68342.0,71463.0,67895.0,70096.0,932.69838317
2026-03-23 12:00:00,70121.0,71801.0,69664.0,70105.0,1314.60258893
2026-03-23 16:00:00,70106.0,71211.0,70106.0,70669.0,443.39957906
2026-03-23 20:00:00,70656.0,70985.0,70399.0,70883.0,170.97064247
2026-03-24 00:00:00,70875.0,71069.0,70271.0,70509.0,345.37591824
2026-03-24 04:00:00,70512.0,71382.0,70108.0,71279.0,355.77496634
2026-03-24 08:00:00,71278.0,71353.0,70839.0,71133.0,437.67551077
2026-03-24 12:00:00,71144.0,71157.0,69488.0,69858.0,1002.72107359
2026-03-24 16:00:00,69847.0,69981.0,68893.0,69330.0,592.8078244
2026-03-24 20:00:00,69334.0,70792.0,69264.0,70519.0,589.19338715
2026-03-25 00:00:00,70519.0,71005.0,70387.0,70695.0,241.11538601
2026-03-25 04:00:00,70694.0,71312.0,70673.0,70900.0,267.47619654
2026-03-25 08:00:00,70900.0,72026.0,70785.0,71664.0,540.0308438
2026-03-25 12:00:00,71665.0,71932.0,70559.0,70827.0,765.58643514
2026-03-25 16:00:00,70815.0,71715.0,70683.0,70837.0,532.66704725
2026-03-25 20:00:00,70853.0,71542.0,70625.0,71301.0,265.84764231
2026-03-26 00:00:00,71305.0,71405.0,70658.0,70870.0,221.14838572
2026-03-26 04:00:00,70873.0,70874.0,69789.0,70056.0,465.89225464
2026-03-26 08:00:00,70036.0,70108.0,69164.0,69244.0,344.80897341
2026-03-26 12:00:00,69245.0,69837.0,68641.0,69038.0,942.69190245
2026-03-26 16:00:00,69047.0,69111.0,68110.0,68500.0,533.76336836
2026-03-26 20:00:00,68475.0,69412.0,68399.0,68779.0,491.73908737
2026-03-27 00:00:00,68779.0,69127.0,68475.0,68720.0,194.42089114
2026-03-27 04:00:00,68721.0,68899.0,68265.0,68473.0,321.04666072
2026-03-27 08:00:00,68482.0,68581.0,66201.0,66667.0,616.34046292
2026-03-27 12:00:00,66667.0,66739.0,65677.0,66070.0,841.53955465
2026-03-27 16:00:00,66069.0,66233.0,65505.0,65986.0,681.15387098
2026-03-27 20:00:00,65986.0,66359.0,65760.0,66359.0,351.47536153
2026-03-28 00:00:00,66359.0,66460.0,65883.0,66171.0,162.29228469
2026-03-28 04:00:00,66183.0,66513.0,66065.0,66513.0,95.32920796
2026-03-28 08:00:00,66511.0,66512.0,66082.0,66287.0,91.64958995
2026-03-28 12:00:00,66284.0,67245.0,66193.0,66966.0,231.83280612
2026-03-28 16:00:00,66970.0,67043.0,66658.0,66861.0,110.50109015
2026-03-28 20:00:00,66861.0,66953.0,66214.0,66321.0,178.31480854
2026-03-29 00:00:00,66320.0,67067.0,66223.0,66850.0,224.97066782
2026-03-29 04:00:00,66850.0,66871.0,66507.0,66611.0,91.83345483
2026-03-29 08:00:00,66611.0,66912.0,66361.0,66764.0,106.51869019
2026-03-29 12:00:00,66764.0,66812.0,66271.0,66468.0,143.39217378
2026-03-29 16:00:00,66468.0,66609.0,66086.0,66290.0,156.77340254
2026-03-29 20:00:00,66290.0,66728.0,64955.0,65954.0,570.35116485
2026-03-30 00:00:00,65961.0,67394.0,65741.0,67098.0,701.37872167
2026-03-30 04:00:00,67098.0,67722.0,67098.0,67559.0,542.14887254
2026-03-30 08:00:00,67558.0,67916.0,67302.0,67604.0,481.4656206
2026-03-30 12:00:00,67604.0,68109.0,67036.0,67577.0,524.90224125
2026-03-30 16:00:00,67578.0,67590.0,66180.0,66482.0,368.64650797
2026-03-30 20:00:00,66481.0,66935.0,66360.0,66731.0,150.60894097
2026-03-31 00:00:00,66741.0,68340.0,66487.0,67642.0,271.68324606
2026-03-31 04:00:00,67648.0,67797.0,67040.0,67293.0,243.7867274
2026-03-31 08:00:00,67293.0,67432.0,65926.0,66616.0,317.9913908
2026-03-31 12:00:00,66616.0,67703.0,66378.0,66661.0,557.45519324
2026-03-31 16:00:00,66667.0,68517.0,66667.0,67778.0,522.94571237
2026-03-31 20:00:00,67772.0,68344.0,67771.0,68215.0,238.51141484
2026-04-01 00:00:00,68215.0,68300.0,67542.0,68108.0,260.30301772
2026-04-01 04:00:00,68108.0,69268.0,67966.0,68643.0,233.06094345
2026-04-01 08:00:00,68653.0,68816.0,68368.0,68691.0,190.37593442
2026-04-01 12:00:00,68692.0,68939.0,67907.0,68909.0,597.55126945
2026-04-01 16:00:00,68903.0,69151.0,67937.0,68155.0,495.26101084
2026-04-01 20:00:00,68146.0,68529.0,67956.0,68102.0,400.26211994
2026-04-02 00:00:00,68104.0,68644.0,66493.0,66575.0,591.67811664
2026-04-02 04:00:00,66570.0,66920.0,66216.0,66920.0,181.75840486
2026-04-02 08:00:00,66919.0,66919.0,66141.0,66224.0,121.70473262
2026-04-02 12:00:00,66199.0,67106.0,65696.0,66827.0,377.20765667
2026-04-02 16:00:00,66846.0,67419.0,66594.0,66963.0,240.14332965
2026-04-02 20:00:00,66974.0,67095.0,66717.0,66890.0,117.1301926
2026-04-03 00:00:00,66890.0,66985.0,66282.0,66582.0,132.32200411
2026-04-03 04:00:00,66576.0,67242.0,66424.0,67031.0,74.83868391
2026-04-03 08:00:00,67032.0,67282.0,66683.0,67025.0,84.98914341
2026-04-03 12:00:00,67036.0,67359.0,66512.0,66826.0,185.04650206
2026-04-03 16:00:00,66826.0,67066.0,66758.0,66870.0,206.25695974
2026-04-03 20:00:00,66870.0,66977.0,66819.0,66944.0,116.31219427
2026-04-04 00:00:00,66949.0,66952.0,66806.0,66831.0,53.34134808
2026-04-04 04:00:00,66830.0,67039.0,66782.0,67004.0,54.75764244
2026-04-04 08:00:00,67005.0,67223.0,66909.0,67128.0,47.88165696
2026-04-04 12:00:00,67138.0,67528.0,67018.0,67373.0,72.88792345
2026-04-04 16:00:00,67378.0,67520.0,67262.0,67270.0,95.72865192
2026-04-04 20:00:00,67270.0,67463.0,67182.0,67290.0,82.53097741
2026-04-05 00:00:00,67296.0,67301.0,66942.0,67119.0,52.31523202
2026-04-05 04:00:00,67125.0,67171.0,66608.0,66812.0,70.10066251
2026-04-05 08:00:00,66812.0,67135.0,66809.0,66979.0,58.53777569
2026-04-05 12:00:00,66979.0,67820.0,66669.0,67282.0,164.96531363
2026-04-05 16:00:00,67295.0,67540.0,67158.0,67333.0,69.97090623
2026-04-05 20:00:00,67343.0,69104.0,67318.0,68999.0,229.52703963
2026-04-06 00:00:00,69005.0,69568.0,68754.0,69100.0,198.35018619
2026-04-06 04:00:00,69100.0,69330.0,68792.0,69101.0,117.50243628
2026-04-06 08:00:00,69105.0,70275.0,69069.0,69619.0,285.64166989
2026-04-06 12:00:00,69637.0,69983.0,69162.0,69961.0,266.82744414
2026-04-06 16:00:00,69975.0,70355.0,69273.0,69752.0,214.14843117
2026-04-06 20:00:00,69743.0,69988.0,68332.0,68857.0,187.26363615
2026-04-07 00:00:00,68856.0,69119.0,68284.0,68776.0,149.74343425
2026-04-07 04:00:00,68775.0,68981.0,68444.0,68621.0,85.15583119
2026-04-07 08:00:00,68622.0,69249.0,68067.0,68339.0,164.13381793
2026-04-07 12:00:00,68338.0,68625.0,67724.0,68152.0,214.588022
2026-04-07 16:00:00,68154.0,69079.0,68074.0,69007.0,203.70363771
2026-04-07 20:00:00,68996.0,72762.0,68996.0,71940.0,738.51888782
2026-04-08 00:00:00,71911.0,72104.0,71234.0,71292.0,238.99670859
2026-04-08 04:00:00,71291.0,71940.0,71288.0,71637.0,187.47172091
2026-04-08 08:00:00,71639.0,71952.0,71415.0,71690.0,97.64676367
2026-04-08 12:00:00,71698.0,72865.0,70705.0,71303.0,658.64250374
2026-04-08 16:00:00,71294.0,71974.0,71015.0,71324.0,390.00946749
2026-04-08 20:00:00,71333.0,71756.0,70911.0,71110.0,108.77008533
2026-04-09 00:00:00,71064.0,71205.0,70480.0,70989.0,118.448869
2026-04-09 04:00:00,71006.0,71110.0,70708.0,70988.0,68.54387084
2026-04-09 08:00:00,70988.0,71573.0,70896.0,71159.0,152.74134635
2026-04-09 12:00:00,71158.0,72359.0,70540.0,72136.0,394.18881425
2026-04-09 16:00:00,72148.0,72571.0,71751.0,72123.0,714.84497922
2026-04-09 20:00:00,72106.0,73159.0,71584.0,71812.0,316.22836332
2026-04-10 00:00:00,71797.0,72380.0,71609.0,71882.0,154.43497779
2026-04-10 04:00:00,71893.0,72281.0,71438.0,71489.0,101.5983267
2026-04-10 08:00:00,71490.0,72273.0,71432.0,72147.0,116.35499647
2026-04-10 12:00:00,72144.0,73332.0,71925.0,72475.0,880.93079104
2026-04-10 16:00:00,72491.0,73311.0,72421.0,73290.0,804.17511047
2026-04-10 20:00:00,73285.0,73465.0,72793.0,72980.0,298.80457699
2026-04-11 00:00:00,72980.0,73129.0,72713.0,72904.0,89.03820248
2026-04-11 04:00:00,72905.0,72991.0,72667.0,72756.0,79.95184415
2026-04-11 08:00:00,72779.0,72951.0,72665.0,72935.0,93.98929468
2026-04-11 12:00:00,72940.0,73010.0,72559.0,72896.0,173.26087983
2026-04-11 16:00:00,72896.0,73832.0,72857.0,73707.0,188.34764755
2026-04-11 20:00:00,73708.0,73724.0,72944.0,73071.0,135.46410038
2026-04-12 00:00:00,73060.0,73166.0,71349.0,71633.0,248.73574304
2026-04-12 04:00:00,71617.0,71808.0,71446.0,71727.0,82.12308798
2026-04-12 08:00:00,71713.0,71819.0,71386.0,71501.0,88.70397384
2026-04-12 12:00:00,71500.0,71532.0,70626.0,70917.0,228.00949362
2026-04-12 16:00:00,70917.0,71258.0,70852.0,71118.0,76.96466068
2026-04-12 20:00:00,71117.0,71460.0,70526.0,70746.0,228.77928735
2026-04-13 00:00:00,70742.0,71289.0,70624.0,71009.0,166.03055774
2026-04-13 04:00:00,71005.0,71154.0,70691.0,70847.0,86.41103348
2026-04-13 08:00:00,70846.0,70993.0,70584.0,70945.0,116.16998278
2026-04-13 12:00:00,70941.0,72530.0,70777.0,71919.0,1264.97230374
2026-04-13 16:00:00,71918.0,73541.0,71733.0,73401.0,1253.7522869
2026-04-13 20:00:00,73384.0,74911.0,73077.0,74447.0,734.08641136
2026-04-14 00:00:00,74451.0,74595.0,74031.0,74476.0,135.3393707
2026-04-14 04:00:00,74472.0,74959.0,74195.0,74560.0,102.9707845
2026-04-14 08:00:00,74589.0,74924.0,74343.0,74411.0,202.24504887
2026-04-14 12:00:00,74393.0,76120.0,74300.0,75368.0,1433.1707939
2026-04-14 16:00:00,75357.0,75757.0,73889.0,74300.0,1917.84239107
2026-04-14 20:00:00,74301.0,74490.0,73861.0,74184.0,267.16941991
2026-04-15 00:00:00,74183.0,74818.0,74164.0,74379.0,130.10813323
2026-04-15 04:00:00,74379.0,74472.0,73528.0,73766.0,93.52864368
2026-04-15 08:00:00,73763.0,74277.0,73707.0,74207.0,124.33646576
2026-04-15 12:00:00,74216.0,74532.0,73613.0,73865.0,215.49416121
2026-04-15 16:00:00,73844.0,75317.0,73781.0,75019.0,138.92220268
2026-04-15 20:00:00,75031.0,75445.0,74548.0,74818.0,121.85623075
2026-04-16 00:00:00,74828.0,75284.0,74455.0,74895.0,106.07819544
2026-04-16 04:00:00,74900.0,75181.0,74660.0,74717.0,95.22806096
2026-04-16 08:00:00,74717.0,74916.0,74279.0,74586.0,138.13036167
2026-04-16 12:00:00,74594.0,75037.0,73309.0,74718.0,403.26423911
2026-04-16 16:00:00,74718.0,75425.0,73920.0,75377.0,320.92273075
2026-04-16 20:00:00,75367.0,75541.0,74820.0,75178.0,102.45795962
2026-04-17 00:00:00,75172.0,75172.0,74571.0,74639.0,84.04051283
2026-04-17 04:00:00,74639.0,75113.0,74580.0,75095.0,64.17792152
2026-04-17 08:00:00,75094.0,76372.0,75020.0,75623.0,295.34267741
2026-04-17 12:00:00,75613.0,78168.0,75571.0,77833.0,1322.76525725
2026-04-17 16:00:00,77835.0,78384.0,77052.0,77451.0,559.64024309
2026-04-17 20:00:00,77452.0,77674.0,76939.0,77108.0,232.4729082
2026-04-18 00:00:00,77107.0,77451.0,77004.0,77036.0,86.96047974
2026-04-18 04:00:00,77031.0,77294.0,76919.0,77018.0,71.3839556
2026-04-18 08:00:00,77018.0,77064.0,75795.0,76075.0,163.86922967
2026-04-18 12:00:00,76078.0,76411.0,75831.0,76193.0,77.24428142
2026-04-18 16:00:00,76193.0,76244.0,75441.0,75693.0,118.66756672
2026-04-18 20:00:00,75691.0,75917.0,75637.0,75737.0,58.76430237
2026-04-19 00:00:00,75734.0,75877.0,75402.0,75552.0,76.75659131
2026-04-19 04:00:00,75553.0,75806.0,74935.0,75299.0,81.1699035
2026-04-19 08:00:00,75296.0,75662.0,74971.0,75637.0,70.38761869
2026-04-19 12:00:00,75648.0,76264.0,75443.0,75875.0,185.86828285
2026-04-19 16:00:00,75875.0,75887.0,74631.0,75004.0,149.64416527
2026-04-19 20:00:00,75004.0,75004.0,73804.0,73825.0,230.6742248
2026-04-20 00:00:00,73834.0,74769.0,73753.0,74664.0,128.71723721
2026-04-20 04:00:00,74665.0,75590.0,74139.0,74846.0,107.23883681
2026-04-20 08:00:00,74867.0,75424.0,74647.0,75226.0,117.69400156
2026-04-20 12:00:00,75222.0,75811.0,74738.0,75754.0,184.71234627
2026-04-20 16:00:00,75759.0,76507.0,75326.0,76324.0,174.86518129
2026-04-20 20:00:00,76333.0,76597.0,75652.0,75870.0,99.38379943
2026-04-21 00:00:00,75870.0,76283.0,75518.0,75750.0,52.87334179
2026-04-21 04:00:00,75744.0,76331.0,75635.0,76126.0,75.91660982
2026-04-21 08:00:00,76127.0,76944.0,76118.0,76475.0,193.05840715
2026-04-21 12:00:00,76481.0,76632.0,75446.0,75841.0,336.99858074
2026-04-21 16:00:00,75848.0,76200.0,74817.0,75034.0,299.47187754
2026-04-21 20:00:00,75032.0,76447.0,74996.0,76345.0,148.35837287
2026-04-22 00:00:00,76346.0,77741.0,76154.0,77551.0,153.31352769
2026-04-22 04:00:00,77547.0,78446.0,77384.0,78008.0,214.00634581
2026-04-22 08:00:00,78019.0,78421.0,77956.0,78307.0,109.34399764
2026-04-22 12:00:00,78313.0,79460.0,78150.0,79329.0,656.01893489
2026-04-22 16:00:00,79321.0,79500.0,78676.0,78877.0,228.00622334
2026-04-22 20:00:00,78877.0,78943.0,78186.0,78208.0,140.27037035
2026-04-23 00:00:00,78209.0,78604.0,77505.0,77766.0,128.45917518
2026-04-23 04:00:00,77748.0,78370.0,77704.0,78059.0,65.10446613
2026-04-23 08:00:00,78076.0,78186.0,77209.0,77756.0,151.03653045
2026-04-23 12:00:00,77739.0,78695.0,77408.0,78406.0,218.89107242
2026-04-23 16:00:00,78406.0,78533.0,76988.0,77733.0,244.12700344
2026-04-23 20:00:00,77733.0,78348.0,77671.0,78269.0,120.8178148
2026-04-24 00:00:00,78269.0,78557.0,77585.0,77762.0,116.26495636
2026-04-24 04:00:00,77740.0,78055.0,77471.0,77671.0,57.54789766
2026-04-24 08:00:00,77677.0,78393.0,77434.0,78256.0,125.61237546
2026-04-24 12:00:00,78259.0,78486.0,77604.0,78075.0,306.06217432
2026-04-24 16:00:00,78075.0,78078.0,77368.0,77643.0,176.99580795
2026-04-24 20:00:00,77642.0,77785.0,77295.0,77466.0,79.40988122
2026-04-25 00:00:00,77460.0,77738.0,77339.0,77685.0,29.81114999
2026-04-25 04:00:00,77703.0,77727.0,77477.0,77531.0,30.13747948
2026-04-25 08:00:00,77524.0,77906.0,77523.0,77695.0,50.4045663
2026-04-25 12:00:00,77704.0,77767.0,77340.0,77363.0,62.3722479
2026-04-25 16:00:00,77362.0,77481.0,77173.0,77346.0,67.67381524
2026-04-25 20:00:00,77347.0,77666.0,77337.0,77639.0,33.48474131
2026-04-26 00:00:00,77639.0,77649.0,77348.0,77435.0,31.26519713
2026-04-26 04:00:00,77415.0,78212.0,77408.0,78123.0,101.50477659
2026-04-26 08:00:00,78123.0,78226.0,77937.0,78128.0,46.60353817
2026-04-26 12:00:00,78127.0,78183.0,77790.0,78066.0,80.96993378
2026-04-26 16:00:00,78066.0,78520.0,77863.0,78252.0,134.09264087
2026-04-26 20:00:00,78250.0,78969.0,77872.0,78660.0,214.19292403
2026-04-27 00:00:00,78666.0,79490.0,78420.0,79124.0,182.48519214
2026-04-27 04:00:00,79123.0,79177.0,77492.0,77630.0,179.25673494
2026-04-27 08:00:00,77629.0,77983.0,77575.0,77861.0,74.16262769
2026-04-27 12:00:00,77859.0,78269.0,76567.0,76792.0,252.16283151
2026-04-27 16:00:00,76791.0,76918.0,76455.0,76849.0,146.7854667
2026-04-27 20:00:00,76871.0,77439.0,76766.0,77373.0,51.90594563
2026-04-28 00:00:00,77374.0,77474.0,76641.0,76815.0,116.99691983
2026-04-28 04:00:00,76808.0,77143.0,76425.0,76875.0,84.57343746
2026-04-28 08:00:00,76876.0,76988.0,76134.0,76196.0,67.00145943
2026-04-28 12:00:00,76214.0,76405.0,75657.0,76058.0,204.51735214
2026-04-28 16:00:00,76057.0,76373.0,75879.0,76308.0,248.03020782
2026-04-28 20:00:00,76315.0,76467.0,76182.0,76323.0,210.50834976
2026-04-29 00:00:00,76324.0,77107.0,76171.0,76980.0,156.9470255
2026-04-29 04:00:00,76985.0,77437.0,76881.0,77045.0,106.41198808
2026-04-29 08:00:00,77037.0,77882.0,76945.0,77588.0,224.88415088
2026-04-29 12:00:00,77587.0,77593.0,75694.0,75883.0,262.32481799
2026-04-29 16:00:00,75883.0,76231.0,74912.0,75531.0,361.67104448
2026-04-29 20:00:00,75541.0,76061.0,75471.0,75745.0,95.82540186
2026-04-30 00:00:00,75746.0,76441.0,75470.0,75918.0,117.35121708
2026-04-30 04:00:00,75906.0,76135.0,75299.0,76103.0,52.58674294
2026-04-30 08:00:00,76130.0,76304.0,75849.0,76040.0,74.66184281
2026-04-30 12:00:00,76035.0,76629.0,76021.0,76452.0,151.69472434
2026-04-30 16:00:00,76443.0,76488.0,76076.0,76388.0,97.34356525
2026-04-30 20:00:00,76385.0,76533.0,76178.0,76310.0,90.98076409
2026-05-01 00:00:00,76310.0,77406.0,76294.0,77098.0,96.02485805
2026-05-01 04:00:00,77098.0,77174.0,76855.0,77111.0,56.77761556
2026-05-01 08:00:00,77103.0,77593.0,77036.0,77452.0,62.08280778
2026-05-01 12:00:00,77451.0,78924.0,77390.0,78453.0,383.23420608
2026-05-01 16:00:00,78446.0,78683.0,78128.0,78365.0,138.62778697
2026-05-01 20:00:00,78373.0,78436.0,77752.0,78232.0,92.93506951
2026-05-02 00:00:00,78232.0,78514.0,78173.0,78416.0,75.36199418
2026-05-02 04:00:00,78422.0,78437.0,78036.0,78212.0,62.73598942
2026-05-02 08:00:00,78215.0,78389.0,78100.0,78138.0,23.77147295
2026-05-02 12:00:00,78138.0,78495.0,78107.0,78484.0,47.38894342
2026-05-02 16:00:00,78489.0,78585.0,78315.0,78466.0,28.43348488
2026-05-02 20:00:00,78475.0,79157.0,78421.0,78690.0,122.75889226
2026-05-03 00:00:00,78690.0,78747.0,78114.0,78204.0,56.30223563
2026-05-03 04:00:00,78198.0,78451.0,78082.0,78364.0,51.3269614
2026-05-03 08:00:00,78365.0,78840.0,78356.0,78653.0,38.99981596
2026-05-03 12:00:00,78659.0,78866.0,78581.0,78658.0,74.21707801
2026-05-03 16:00:00,78670.0,78847.0,78566.0,78767.0,41.10711453
2026-05-03 20:00:00,78767.0,79437.0,78480.0,78565.0,185.96099892
2026-05-04 00:00:00,78563.0,80450.0,78282.0,80315.0,425.34512546
2026-05-04 04:00:00,80312.0,80617.0,79472.0,79684.0,159.59436812
2026-05-04 08:00:00,79684.0,79912.0,78203.0,78784.0,240.62418029
2026-05-04 12:00:00,78778.0,80554.0,78498.0,80008.0,439.7188125
2026-05-04 16:00:00,80039.0,80768.0,79614.0,80039.0,217.23366111
2026-05-04 20:00:00,80039.0,80392.0,79745.0,79844.0,108.25190783
2026-05-05 00:00:00,79855.0,81068.0,79810.0,80882.0,91.61069039
2026-05-05 04:00:00,80889.0,81325.0,80722.0,80861.0,306.36621339
2026-05-05 08:00:00,80855.0,81115.0,80528.0,81004.0,179.26382919
2026-05-05 12:00:00,81018.0,81714.0,80938.0,81551.0,360.51566263
2026-05-05 16:00:00,81551.0,81687.0,81060.0,81598.0,118.01498084
2026-05-05 20:00:00,81611.0,81781.0,80788.0,80913.0,201.03361106
2026-05-06 00:00:00,80904.0,81754.0,80728.0,81566.0,109.56535613
2026-05-06 04:00:00,81573.0,81636.0,81066.0,81365.0,51.45852067
2026-05-06 08:00:00,81365.0,82833.0,81351.0,82515.0,256.93734392
2026-05-06 12:00:00,82515.0,82531.0,81125.0,81703.0,330.0838957
2026-05-06 16:00:00,81702.0,81877.0,81185.0,81466.0,95.75733025
2026-05-06 20:00:00,81456.0,81696.0,80999.0,81447.0,130.92783045
2026-05-07 00:00:00,81436.0,81484.0,80833.0,80842.0,196.71877066
2026-05-07 04:00:00,80841.0,81706.0,80728.0,81528.0,71.01778561
2026-05-07 08:00:00,81531.0,81587.0,80575.0,80859.0,82.84144016
2026-05-07 12:00:00,80849.0,81186.0,79700.0,79877.0,333.6874748
2026-05-07 16:00:00,79883.0,80278.0,79500.0,80094.0,225.44143364
2026-05-07 20:00:00,80154.0,80371.0,79573.0,80017.0,121.22756916
2026-05-08 00:00:00,80005.0,80130.0,79168.0,79568.0,135.64350462
2026-05-08 04:00:00,79568.0,79760.0,79242.0,79679.0,83.83376206
2026-05-08 08:00:00,79660.0,80325.0,79660.0,80236.0,253.23032005
2026-05-08 12:00:00,80228.0,80500.0,79535.0,80124.0,178.46073207
2026-05-08 16:00:00,80124.0,80296.0,79721.0,80149.0,125.20143019
2026-05-08 20:00:00,80155.0,80404.0,80078.0,80199.0,84.97579565
2026-05-09 00:00:00,80200.0,80550.0,80135.0,80391.0,60.47899067
2026-05-09 04:00:00,80394.0,80661.0,80144.0,80227.0,40.98562372
2026-05-09 08:00:00,80227.0,80427.0,80169.0,80339.0,20.77639382
2026-05-09 12:00:00,80339.0,80595.0,80233.0,80523.0,45.78133659
2026-05-09 16:00:00,80523.0,81063.0,80491.0,80929.0,67.2713052
2026-05-09 20:00:00,80927.0,80927.0,80614.0,80665.0,25.05648444
2026-05-10 00:00:00,80665.0,80872.0,80561.0,80768.0,34.79329823
2026-05-10 04:00:00,80768.0,80831.0,80649.0,80739.0,30.16197435
2026-05-10 08:00:00,80725.0,80969.0,80692.0,80841.0,49.36581485
2026-05-10 12:00:00,80828.0,81433.0,80787.0,81411.0,77.72423198
2026-05-10 16:00:00,81413.0,81568.0,81135.0,81416.0,63.75245483
2026-05-10 20:00:00,81420.0,82458.0,80269.0,82193.0,253.28648141
2026-05-11 00:00:00,82197.0,82361.0,80509.0,80718.0,163.62183148
2026-05-11 04:00:00,80716.0,81034.0,80635.0,80723.0,62.24019901
2026-05-11 08:00:00,80722.0,81187.0,80607.0,81179.0,49.74868046
2026-05-11 12:00:00,81179.0,81429.0,80429.0,81421.0,209.6197548
2026-05-11 16:00:00,81430.0,82132.0,81334.0,81944.0,506.68542959
2026-05-11 20:00:00,81953.0,82072.0,81581.0,81736.0,106.18961965
2026-05-12 00:00:00,81736.0,81767.0,80690.0,81024.0,91.16757501
2026-05-12 04:00:00,81038.0,81284.0,80792.0,80849.0,61.45201962
2026-05-12 08:00:00,80839.0,80940.0,80475.0,80759.0,142.80416198
2026-05-12 12:00:00,80758.0,80979.0,80149.0,80319.0,491.84012178
2026-05-12 16:00:00,80318.0,80843.0,79820.0,80813.0,163.23841902
2026-05-12 20:00:00,80810.0,80867.0,80425.0,80491.0,69.95457744
2026-05-13 00:00:00,80495.0,81279.0,80396.0,81240.0,52.07155575
2026-05-13 04:00:00,81245.0,81259.0,80874.0,81002.0,41.8845097
2026-05-13 08:00:00,81009.0,81288.0,80479.0,80499.0,78.59832294
2026-05-13 12:00:00,80469.0,80566.0,78750.0,78788.0,390.94370593
2026-05-13 16:00:00,78787.0,79779.0,78704.0,79614.0,752.0024774
2026-05-13 20:00:00,79614.0,79733.0,79200.0,79284.0,90.29262664
2026-05-14 00:00:00,79291.0,79655.0,78893.0,79013.0,106.20525437
2026-05-14 04:00:00,79014.0,79955.0,78960.0,79725.0,75.97223008
2026-05-14 08:00:00,79716.0,79904.0,79198.0,79229.0,55.71290767
2026-05-14 12:00:00,79210.0,81336.0,79209.0,81312.0,946.29047011
2026-05-14 16:00:00,81312.0,82047.0,81088.0,81443.0,1458.7461671
2026-05-14 20:00:00,81444.0,81639.0,81039.0,81075.0,277.35478441
2026-05-15 00:00:00,81075.0,81650.0,80743.0,81068.0,119.63446878
2026-05-15 04:00:00,81052.0,81085.0,80304.0,80813.0,111.81265935
2026-05-15 08:00:00,80814.0,80814.0,80360.0,80619.0,100.91164834
2026-05-15 12:00:00,80618.0,80628.0,78611.0,79126.0,436.87462769
2026-05-15 16:00:00,79126.0,79528.0,79015.0,79102.0,226.4012935
2026-05-15 20:00:00,79099.0,79177.0,78876.0,79062.0,61.34210851
2026-05-16 00:00:00,79064.0,79186.0,78973.0,79056.0,32.33676972
2026-05-16 04:00:00,79045.0,79088.0,78033.0,78355.0,90.54008962
2026-05-16 08:00:00,78348.0,78490.0,77614.0,78063.0,165.91146182
2026-05-16 12:00:00,78057.0,78305.0,77808.0,78199.0,90.47809832
2026-05-16 16:00:00,78200.0,78329.0,78090.0,78233.0,47.38735472
2026-05-16 20:00:00,78235.0,78291.0,78095.0,78118.0,16.36146949
2026-05-17 00:00:00,78117.0,78210.0,77689.0,77996.0,71.67345436
2026-05-17 04:00:00,77994.0,78294.0,77972.0,78151.0,66.64167226
2026-05-17 08:00:00,78164.0,78573.0,78007.0,78395.0,32.53705814
2026-05-17 12:00:00,78396.0,78521.0,77827.0,78022.0,49.21638341
2026-05-17 16:00:00,78022.0,78432.0,77818.0,78387.0,54.21278008
2026-05-17 20:00:00,78384.0,78442.0,76689.0,77412.0,194.8649716
2026-05-18 00:00:00,77419.0,77433.0,76657.0,76887.0,173.27398225
2026-05-18 04:00:00,76891.0,77033.0,76509.0,77025.0,89.89844164
2026-05-18 08:00:00,77039.0,77362.0,76620.0,77246.0,114.30042754
2026-05-18 12:00:00,77243.0,77753.0,76000.0,76331.0,455.32579624
2026-05-18 16:00:00,76323.0,76937.0,76086.0,76846.0,182.40701797
2026-05-18 20:00:00,76855.0,77167.0,76741.0,76949.0,112.85441152
2026-05-19 00:00:00,76955.0,77357.0,76414.0,76711.0,96.08252864
2026-05-19 04:00:00,76668.0,76882.0,76648.0,76791.0,32.58401128
