timestamp,open,high,low,close,volume
2021-01-01 00:00:00,28999.63,29543.93,28774.64,29345.63,1620.95163172
2021-01-01 04:00:00,29351.85,29458.27,28896.66,29173.17,1312.1774458
2021-01-01 08:00:00,29179.01,29490.0,28947.7,29390.34,1202.13861209
2021-01-01 12:00:00,29390.34,29700.0,29100.0,29261.96,1781.90825078
2021-01-01 16:00:00,29261.96,29436.33,28720.0,29131.54,1745.92087225
2021-01-01 20:00:00,29108.67,29434.27,28947.7,29402.64,1118.36874192
2021-01-02 00:00:00,29410.77,29574.11,29050.0,29432.47,1095.19589307
2021-01-02 04:00:00,29435.0,29895.0,29310.5,29834.26,1284.44342708
2021-01-02 08:00:00,29829.59,29990.0,29543.93,29822.42,1342.35585191
2021-01-02 12:00:00,29822.42,31886.42,29800.0,31782.96,4606.88014869
2021-01-02 16:00:00,31758.0,33333.0,31757.37,33080.5,4243.89828361
2021-01-02 20:00:00,33082.29,33112.26,30000.0,32216.53,5295.10529414
2021-01-03 00:00:00,32216.51,32911.22,31977.45,32611.55,983.06455913
2021-01-03 04:00:00,32612.19,34800.0,32479.91,34484.5,2858.00407214
2021-01-03 08:00:00,34495.37,34652.95,33428.35,34447.28,2125.7864385
2021-01-03 12:00:00,34425.03,34622.67,32793.03,33557.89,2463.2346554
2021-01-03 16:00:00,33549.05,33855.83,32000.0,32775.76,3918.88419409
2021-01-03 20:00:00,32744.07,33872.26,32720.53,33097.83,1811.60736084
2021-01-04 00:00:00,33068.83,33629.4,32450.97,33593.17,1341.8960664
2021-01-04 04:00:00,33590.85,33669.76,31748.18,32092.71,2526.37075027
2021-01-04 08:00:00,32111.77,32557.9,27734.0,30796.34,9457.60695311
2021-01-04 12:00:00,30796.48,32246.97,30461.85,31792.05,4324.14625237
2021-01-04 16:00:00,31785.85,31939.12,30600.01,31678.62,3204.87008226
2021-01-04 20:00:00,31686.83,32054.24,30884.42,32005.88,1592.04990107
2021-01-05 00:00:00,32054.23,32874.39,31182.16,31183.83,2186.62626663
2021-01-05 04:00:00,31188.58,31558.37,29936.26,30838.53,2971.65658999
2021-01-05 08:00:00,30820.66,31817.0,30820.66,31810.58,1558.38975708
2021-01-05 12:00:00,31820.0,32440.98,31153.24,32156.58,2090.63635159
2021-01-05 16:00:00,32169.78,34297.31,31830.89,33809.17,3264.7487092
2021-01-05 20:00:00,33791.11,34500.0,33468.46,34039.05,2734.4388327
2021-01-06 00:00:00,34081.24,34239.84,33348.27,34222.39,2094.74349043
2021-01-06 04:00:00,34209.27,35879.35,34202.12,34808.72,3419.19515059
2021-01-06 08:00:00,34792.26,35366.69,33710.16,35040.81,3458.89385022
2021-01-06 12:00:00,35040.81,35183.92,34174.11,34664.93,2816.49927855
2021-01-06 16:00:00,34672.69,35850.0,34457.16,34933.57,3158.75971688
2021-01-06 20:00:00,34971.34,37050.83,34341.0,36849.94,4271.19640305
2021-01-07 00:00:00,36875.96,37785.04,36493.37,37560.18,3104.0226182
2021-01-07 04:00:00,37560.25,37800.0,36778.98,36909.9,1765.90999907
2021-01-07 08:00:00,36903.35,37988.7,36327.5,37891.04,2438.48066149
2021-01-07 12:00:00,37891.04,39000.0,37589.46,39000.0,3737.82041797
2021-01-07 16:00:00,39000.0,40402.46,36388.0,39100.0,8980.78328394
2021-01-07 20:00:00,39100.0,39995.51,38400.0,39510.49,3075.24422796
2021-01-08 00:00:00,39510.59,39754.82,36618.36,38419.28,3266.92664385
2021-01-08 04:00:00,38395.66,39151.0,37575.0,38978.56,1498.95495848
2021-01-08 08:00:00,38952.09,41530.0,38269.7,41337.96,4069.53725947
2021-01-08 12:00:00,41335.89,42000.0,39840.0,40901.27,5194.10077637
2021-01-08 16:00:00,40923.24,41661.05,39825.18,40376.7,3184.12605079
2021-01-08 20:00:00,40349.01,40988.11,38677.22,40667.07,4970.30605337
2021-01-09 00:00:00,40682.76,41008.81,39500.0,40252.21,2122.89483111
2021-01-09 04:00:00,40252.21,40510.58,38788.16,39651.56,1204.85970672
2021-01-09 08:00:00,39680.32,41270.66,39342.18,40625.26,1696.27768225
2021-01-09 12:00:00,40625.26,41422.77,40305.67,40631.81,1318.68061439
2021-01-09 16:00:00,40623.29,40968.13,39969.71,40741.9,1055.14605488
2021-01-09 20:00:00,40747.46,40889.92,40100.0,40239.06,1137.98842337
2021-01-10 00:00:00,40239.06,41450.0,40239.06,40480.51,1090.25292134
2021-01-10 04:00:00,40443.36,41185.21,40151.8,41052.47,1135.39722599
2021-01-10 08:00:00,41092.02,41146.67,38928.5,39225.27,2434.27389694
2021-01-10 12:00:00,39227.23,40182.67,38556.27,39733.63,1659.17222026
2021-01-10 16:00:00,39723.66,39799.19,37104.63,37352.23,3505.51941604
2021-01-10 20:00:00,37357.88,39068.28,34322.07,38173.73,6394.38172463
2021-01-11 00:00:00,38164.88,38261.39,33447.0,35373.51,5340.14705247
2021-01-11 04:00:00,35363.34,35965.51,32330.01,34319.39,7148.47173902
2021-01-11 08:00:00,34323.09,36386.15,34005.01,34082.5,4066.0471437
2021-01-11 12:00:00,34142.65,35070.26,30699.78,31500.71,8879.13346636
2021-01-11 16:00:00,31500.0,33586.0,30261.13,32200.36,9520.52976057
2021-01-11 20:00:00,32199.33,35650.0,31407.34,35455.58,5832.63509221
2021-01-12 00:00:00,35449.71,35547.83,33710.26,35001.04,2851.01637701
2021-01-12 04:00:00,35004.23,36639.23,34532.3,36459.42,2782.27465096
2021-01-12 08:00:00,36459.72,36548.18,34747.43,35373.19,3384.95707145
2021-01-12 12:00:00,35391.97,35680.76,32479.91,33842.48,3941.42503336
2021-01-12 16:00:00,33843.8,35494.17,33829.36,34678.42,2494.49147858
2021-01-12 20:00:00,34673.1,34987.02,33268.37,34035.02,2813.70983871
2021-01-13 00:00:00,34035.02,34338.79,32327.76,33789.25,3586.54263937
2021-01-13 04:00:00,33799.18,35155.25,32800.0,34973.11,1586.24772586
2021-01-13 08:00:00,34949.32,35239.68,34195.93,34370.52,1837.47725098
2021-01-13 12:00:00,34404.49,35071.03,34026.01,34669.88,1778.51699772
2021-01-13 16:00:00,34668.48,36181.82,34363.25,35986.1,1803.79226997
2021-01-13 20:00:00,36000.0,37800.0,35670.9,37393.49,3069.81062871
2021-01-14 00:00:00,37393.49,38187.98,37002.87,37055.95,1686.61396055
2021-01-14 04:00:00,37061.41,38589.08,36717.23,38224.48,1720.6867999
2021-01-14 08:00:00,38224.48,38789.0,37889.54,38353.78,1398.48563364
2021-01-14 12:00:00,38357.91,40112.78,37333.0,39500.39,2998.50314425
2021-01-14 16:00:00,39548.02,39994.95,39169.74,39852.06,1430.41827957
2021-01-14 20:00:00,39852.06,39900.0,38200.0,39134.35,1688.79691549
2021-01-15 00:00:00,39147.98,39694.0,38417.27,38700.29,1567.39424736
2021-01-15 04:00:00,38675.1,38834.71,37552.3,38423.49,1339.63150644
2021-01-15 08:00:00,38428.2,38768.07,37912.53,38086.63,1101.8090149
2021-01-15 12:00:00,38097.11,38145.57,35197.44,35586.37,3102.04567149
2021-01-15 16:00:00,35557.18,36413.78,34380.0,35132.82,4057.62685924
2021-01-15 20:00:00,35187.14,36882.8,34777.85,36756.57,2330.60997063
2021-01-16 00:00:00,36778.66,37665.03,35965.51,36533.05,1606.34751764
2021-01-16 04:00:00,36540.11,36959.21,35535.49,36585.6,1271.15628364
2021-01-16 08:00:00,36591.41,37944.12,36406.1,37679.5,1095.56531747
2021-01-16 12:00:00,37687.65,37895.91,36706.29,37485.59,1442.24671713
2021-01-16 16:00:00,37489.74,37732.87,36228.78,36395.55,966.4002663
2021-01-16 20:00:00,36413.43,36838.54,35350.0,36000.0,1306.86659596
2021-01-17 00:00:00,36013.51,36723.6,35539.46,36198.16,747.04525507
2021-01-17 04:00:00,36191.06,36401.19,34528.49,34777.68,1460.37409494
2021-01-17 08:00:00,34763.95,35388.89,33833.55,35285.5,2013.29607536
2021-01-17 12:00:00,35302.42,35940.75,34700.0,35732.9,1068.47225909
2021-01-17 16:00:00,35756.52,36161.61,35516.92,35637.62,589.18051776
2021-01-17 20:00:00,35651.24,36839.0,35561.82,35819.25,943.34435727
2021-01-18 00:00:00,35826.36,36181.82,34851.0,35092.98,901.70093141
2021-01-18 04:00:00,35092.98,36266.44,34777.85,36101.18,984.58874409
2021-01-18 08:00:00,36101.18,36642.0,35780.0,36431.97,979.74324238
2021-01-18 12:00:00,36444.28,37449.86,36095.14,36415.36,1758.40537227
2021-01-18 16:00:00,36444.8,36566.99,35431.61,35996.26,930.37176819
2021-01-18 20:00:00,35986.68,36785.26,35830.42,36616.95,696.40448306
2021-01-19 00:00:00,36665.82,37319.11,36411.04,36501.11,904.05651992
2021-01-19 04:00:00,36526.82,37300.0,36192.32,37205.15,883.56857656
2021-01-19 08:00:00,37227.82,37569.86,36794.44,37325.64,1345.20458024
2021-01-19 12:00:00,37327.79,37495.19,36662.3,37340.0,1098.03306182
2021-01-19 16:00:00,37340.0,37874.71,36055.85,36281.28,1407.28073073
2021-01-19 20:00:00,36269.21,36794.44,35888.0,35917.62,940.71478125
2021-01-20 00:00:00,35888.13,36440.1,35001.0,35050.96,1281.54844222
2021-01-20 04:00:00,35084.2,35840.17,34800.0,35700.0,1352.95958664
2021-01-20 08:00:00,35700.0,35965.51,34000.0,34409.99,3536.28241101
2021-01-20 12:00:00,34401.34,35179.58,34000.0,34183.14,2104.78519394
2021-01-20 16:00:00,34190.79,35331.74,33400.0,35219.41,2684.85757633
2021-01-20 20:00:00,35234.72,35675.62,34498.99,35496.91,1200.03432319
2021-01-21 00:00:00,35516.17,35620.96,34250.0,34598.01,1153.95929574
2021-01-21 04:00:00,34587.77,35000.0,33953.6,34603.82,1644.04085793
2021-01-21 08:00:00,34594.32,34659.26,31977.45,32189.24,5030.90795822
2021-01-21 12:00:00,32167.27,32753.72,30969.0,31335.89,6335.6071317
2021-01-21 16:00:00,31366.25,32722.8,30995.74,32479.37,3149.31864574
2021-01-21 20:00:00,32474.15,32557.9,30044.16,30818.18,3900.80736877
2021-01-22 00:00:00,30817.86,31058.88,28800.0,30974.01,5833.07105573
2021-01-22 04:00:00,30981.59,32054.29,30589.52,30822.32,2222.04968859
2021-01-22 08:00:00,30810.31,32015.82,30449.59,31742.23,2424.93381003
2021-01-22 12:00:00,31778.58,32800.0,31369.7,32504.11,2451.5307246
2021-01-22 16:00:00,32516.16,33694.07,32015.82,33637.6,2704.0466039
2021-01-22 20:00:00,33656.83,33864.85,32657.54,32992.06,1383.95156795
2021-01-23 00:00:00,32989.1,32989.33,32092.71,32418.11,961.31641817
2021-01-23 04:00:00,32375.42,33468.46,32312.58,32988.98,818.09210028
2021-01-23 08:00:00,32948.9,33147.54,31576.0,31684.5,1118.7616497
2021-01-23 12:00:00,31650.22,32306.06,31426.11,31881.28,932.33908257
2021-01-23 16:00:00,31878.81,32518.88,31789.31,32368.43,730.61609439
2021-01-23 20:00:00,32385.29,32518.88,31862.61,32117.49,694.62052275
2021-01-24 00:00:00,32098.38,32488.27,31672.12,32480.89,556.77286737
2021-01-24 04:00:00,32489.59,33075.75,32368.0,32781.66,540.89053216
2021-01-24 08:00:00,32804.07,33029.84,32500.01,32849.05,651.84488492
2021-01-24 12:00:00,32844.65,32962.34,31900.84,31978.57,794.66783505
2021-01-24 16:00:00,31997.65,32180.65,30960.77,31317.3,1303.15063385
2021-01-24 20:00:00,31334.78,32397.98,31266.02,32288.83,811.38287228
2021-01-25 00:00:00,32289.06,33678.85,32209.97,33561.86,1190.8235706
2021-01-25 04:00:00,33589.56,33791.11,33072.23,33387.96,719.81392967
2021-01-25 08:00:00,33388.27,33539.77,32774.28,33163.5,1483.24576527
2021-01-25 12:00:00,33208.36,34888.0,33048.69,34421.89,2506.88935502
2021-01-25 16:00:00,34494.46,34606.08,33358.77,33424.7,2040.21021643
2021-01-25 20:00:00,33411.42,33466.44,31939.12,32261.22,2097.77263388
2021-01-26 00:00:00,32264.15,32837.63,31483.92,31517.98,1969.4530465
2021-01-26 04:00:00,31533.8,32324.47,31137.68,31651.83,1248.89518808
2021-01-26 08:00:00,31663.1,32451.0,31379.97,31806.67,1313.60655321
2021-01-26 12:00:00,31786.39,31992.0,30847.4,31759.38,1951.99810234
2021-01-26 16:00:00,31785.55,32440.98,31340.03,32240.51,2284.59972803
2021-01-26 20:00:00,32240.51,32953.28,31889.76,32504.53,2786.35839301
2021-01-27 00:00:00,32521.65,32580.12,31607.27,31856.48,1813.39466546
2021-01-27 04:00:00,31823.46,32060.16,31409.96,31808.03,1739.69497482
2021-01-27 08:00:00,31798.9,31813.66,30662.98,30704.4,2885.1094935
2021-01-27 12:00:00,30710.07,31089.72,29150.49,30378.62,5957.99655679
2021-01-27 16:00:00,30352.92,31006.52,29512.0,30794.82,5289.05998162
2021-01-27 20:00:00,30776.35,31710.12,30139.76,30424.62,4718.45098987
2021-01-28 00:00:00,30427.34,31596.24,29899.99,31505.12,2968.42791529
2021-01-28 04:00:00,31508.08,31936.4,31107.46,31192.22,2020.77746606
2021-01-28 08:00:00,31182.59,31622.71,30847.4,31472.92,1959.91586211
2021-01-28 12:00:00,31471.47,32247.03,31180.0,31979.09,2683.3927113
2021-01-28 16:00:00,31972.51,32828.52,31710.12,32650.72,4176.25857046
2021-01-28 20:00:00,32646.83,33870.58,32479.91,33484.87,4070.58445041
2021-01-29 00:00:00,33488.66,34404.49,33435.24,33838.36,3984.80119168
2021-01-29 04:00:00,33847.3,34024.98,31990.0,32330.17,2786.76120003
2021-01-29 08:00:00,32330.17,38249.99,32072.07,37127.02,11106.99305251
2021-01-29 12:00:00,37101.73,38620.0,36530.63,37147.36,5850.24086738
2021-01-29 16:00:00,37164.97,37552.3,33524.55,34279.94,5168.11430401
2021-01-29 20:00:00,34273.25,35366.69,33622.03,34249.64,2542.70841857
2021-01-30 00:00:00,34265.71,34931.39,32860.0,33278.04,1954.93968566
2021-01-30 04:00:00,33271.18,34192.08,33147.81,34037.73,1262.09697968
2021-01-30 08:00:00,34021.32,34445.74,33548.84,33679.07,1426.54025317
2021-01-30 12:00:00,33633.9,34528.48,33468.46,34256.35,1104.24191271
2021-01-30 16:00:00,34258.28,34419.79,33550.0,34319.32,771.50261229
2021-01-30 20:00:00,34309.97,34800.0,33994.35,34323.0,761.96422281
2021-01-31 00:00:00,34300.19,34380.21,33676.27,33956.75,637.56573738
2021-01-31 04:00:00,33959.55,34130.27,33468.57,33624.77,535.29456235
2021-01-31 08:00:00,33612.51,33831.66,33228.5,33593.67,723.16494773
2021-01-31 12:00:00,33572.81,34226.9,32596.97,32905.34,1104.71067239
2021-01-31 16:00:00,32914.89,33109.16,32193.7,32850.43,1071.06022995
2021-01-31 20:00:00,32835.0,33298.7,32541.57,33141.38,678.32700628
2021-02-01 00:00:00,33110.32,33831.66,32333.01,33575.63,1255.62292267
2021-02-01 04:00:00,33585.0,34460.13,33268.37,33828.82,1730.69266296
2021-02-01 08:00:00,33813.67,34736.1,33616.07,34191.24,1870.2164541
2021-02-01 12:00:00,34191.24,34459.99,33148.89,33148.89,1975.89769146
2021-02-01 16:00:00,33148.89,34069.81,33138.26,33854.02,913.45695875
2021-02-01 20:00:00,33855.3,34062.36,33460.59,33532.74,628.16993038
2021-02-02 00:00:00,33497.16,34170.68,33431.67,33578.04,698.78476247
2021-02-02 04:00:00,33586.68,34421.34,33519.21,34258.7,914.44392922
2021-02-02 08:00:00,34240.85,35665.99,34120.26,34722.37,1972.7302946
2021-02-02 12:00:00,34740.49,35236.27,34411.05,34724.12,1471.20507608
2021-02-02 16:00:00,34739.65,35836.35,34587.78,35795.28,1366.04593398
2021-02-02 20:00:00,35801.23,36008.67,35494.17,35522.16,802.65502334
2021-02-03 00:00:00,35496.91,36530.63,35382.45,36442.8,1142.76979765
2021-02-03 04:00:00,36442.95,36871.59,36272.24,36349.53,936.45719174
2021-02-03 08:00:00,36331.56,36338.3,35579.4,35992.96,1094.74451294
2021-02-03 12:00:00,35987.73,36969.99,35851.15,36911.71,2546.65852975
2021-02-03 16:00:00,36917.62,37278.8,36663.33,36866.05,1621.42099656
2021-02-03 20:00:00,36865.93,37732.87,36708.25,37691.63,1435.28184793
2021-02-04 00:00:00,37693.0,38367.76,37417.12,37530.04,1825.46374829
2021-02-04 04:00:00,37537.59,38260.0,37372.59,37891.25,1180.03178531
2021-02-04 08:00:00,37892.44,38748.52,36838.59,37372.59,2799.83895597
2021-02-04 12:00:00,37372.59,37780.0,36197.65,36631.74,2663.09437688
2021-02-04 16:00:00,36622.69,37569.32,36473.02,37533.87,2275.94757072
2021-02-04 20:00:00,37521.04,37839.99,36893.76,36996.32,1018.42591094
2021-02-05 00:00:00,36984.28,37436.12,36618.36,37387.9,588.92416429
2021-02-05 04:00:00,37413.13,37777.78,37049.34,37706.73,616.66077768
2021-02-05 08:00:00,37714.98,37836.97,37208.6,37745.68,699.24937575
2021-02-05 12:00:00,37749.62,38359.69,37595.21,38000.0,1479.97558986
2021-02-05 16:00:00,38000.0,38200.0,37283.05,37656.08,1159.44785104
2021-02-05 20:00:00,37665.76,38342.46,37529.5,38320.0,667.71712275
2021-02-06 00:00:00,38320.0,39673.0,38230.81,39396.4,1867.66988593
2021-02-06 04:00:00,39372.0,39513.19,38770.0,39378.81,625.62860193
2021-02-06 08:00:00,39405.2,40505.88,39399.3,40244.36,2075.23639886
2021-02-06 12:00:00,40215.3,40938.98,39922.15,40938.98,1155.77708278
2021-02-06 16:00:00,40938.98,41025.48,40035.0,40209.09,1466.38740807
2021-02-06 20:00:00,40214.34,40503.74,39115.16,39282.1,1444.96082954
2021-02-07 00:00:00,39274.8,39660.0,38401.0,38878.21,1146.81081079
2021-02-07 04:00:00,38812.81,39115.16,38005.37,39082.74,857.77151386
2021-02-07 08:00:00,39080.76,39727.44,38834.71,39103.41,799.8536829
2021-02-07 12:00:00,39088.2,39328.13,37613.12,37989.12,1354.59239559
2021-02-07 16:00:00,37976.26,38527.22,37412.93,38113.81,1266.8456677
2021-02-07 20:00:00,38141.94,39130.0,37778.15,38858.39,547.36609001
2021-02-08 00:00:00,38870.36,39162.1,38070.0,38111.5,613.73818703
2021-02-08 04:00:00,38097.75,39418.96,38050.97,39304.3,730.24325814
2021-02-08 08:00:00,39320.37,39549.49,38883.3,39473.03,722.02609986
2021-02-08 12:00:00,39492.25,44899.0,39168.08,43835.92,9338.29596127
2021-02-08 16:00:00,43872.67,44407.07,42550.0,43104.18,2990.23069682
2021-02-08 20:00:00,43069.42,46712.12,42959.85,46416.45,4659.17923257
2021-02-09 00:00:00,46445.51,47565.86,45550.37,46648.87,2737.52440274
2021-02-09 04:00:00,46648.95,48216.09,46291.55,47595.49,2165.55152657
2021-02-09 08:00:00,47626.9,48018.53,45561.66,46452.77,2226.52441223
2021-02-09 12:00:00,46439.36,47161.98,45000.0,46819.66,2394.68672021
2021-02-09 16:00:00,46860.15,47446.1,46079.39,47131.95,1652.94003249
2021-02-09 20:00:00,47131.95,47560.04,46266.13,46505.2,1327.85538913
2021-02-10 00:00:00,46493.9,46992.25,46044.68,46280.19,1089.9658317
2021-02-10 04:00:00,46275.97,46993.06,45665.0,46642.35,980.77967603
2021-02-10 08:00:00,46640.0,47364.09,46330.0,46671.45,1318.89731414
2021-02-10 12:00:00,46643.69,46668.03,43746.06,44379.15,3571.70630358
2021-02-10 16:00:00,44404.52,45278.05,43835.4,45244.86,1691.31459452
2021-02-10 20:00:00,45256.29,45344.34,44382.65,44854.63,830.66523643
2021-02-11 00:00:00,44854.63,45658.68,44040.96,45451.02,791.68372398
2021-02-11 04:00:00,45479.3,45711.32,44455.38,44772.76,670.03784244
2021-02-11 08:00:00,44760.21,46544.36,44547.86,46083.23,1483.91854858
2021-02-11 12:00:00,46101.29,48481.45,46101.29,48048.15,2957.96742716
2021-02-11 16:00:00,48043.47,48325.56,46936.74,47834.11,1697.81053695
2021-02-11 20:00:00,47782.89,48696.84,46513.82,47981.48,1789.39827573
2021-02-12 00:00:00,48044.88,49000.0,47432.94,47624.56,981.53873271
2021-02-12 04:00:00,47617.17,47617.17,46816.65,47374.51,925.19200737
2021-02-12 08:00:00,47344.16,48046.49,47070.64,47650.45,758.05650703
2021-02-12 12:00:00,47655.9,48200.0,46231.16,47136.37,1769.04352641
2021-02-12 16:00:00,47136.37,48034.49,46941.96,47359.79,849.13476079
2021-02-12 20:00:00,47341.03,48219.0,47233.45,47395.84,687.17036846
2021-02-13 00:00:00,47424.25,48220.0,47310.0,47923.45,500.72947547
2021-02-13 04:00:00,47926.06,48008.44,47074.43,47074.43,572.45851669
2021-02-13 08:00:00,47065.6,47666.31,46133.0,46604.39,1837.72928768
2021-02-13 12:00:00,46577.84,47347.86,46184.73,47128.71,513.1375122
2021-02-13 16:00:00,47143.26,47410.0,46762.88,46932.67,378.1028151
2021-02-13 20:00:00,46937.78,47427.67,46700.0,47228.48,469.51454434
2021-02-14 00:00:00,47258.66,47760.0,47081.02,47322.12,462.27454274
2021-02-14 04:00:00,47345.81,49361.06,47294.92,48767.94,1940.39060882
2021-02-14 08:00:00,48789.01,49378.19,48436.87,49048.63,819.03563046
2021-02-14 12:00:00,49053.61,49714.66,48151.87,48600.21,944.49019857
2021-02-14 16:00:00,48610.39,49144.79,48435.9,48733.85,516.83690512
2021-02-14 20:00:00,48671.39,49329.23,48550.0,48662.5,518.66603989
2021-02-15 00:00:00,48620.48,49048.82,45914.75,47150.0,2468.08789384
2021-02-15 04:00:00,47149.99,47434.53,46267.47,47338.58,1244.56360713
2021-02-15 08:00:00,47318.99,48037.27,47121.62,47841.22,928.17332522
2021-02-15 12:00:00,47909.8,48250.0,47434.26,47979.87,877.53398893
2021-02-15 16:00:00,47979.87,48800.2,47979.87,48694.09,646.54443835
2021-02-15 20:00:00,48699.62,48825.7,47629.94,47942.57,759.43083519
2021-02-16 00:00:00,47954.05,49600.0,47036.02,49564.77,1169.61873352
2021-02-16 04:00:00,49574.86,49938.0,48556.5,49162.36,1241.88773458
2021-02-16 08:00:00,49171.18,49371.25,48690.31,48907.36,745.92765964
2021-02-16 12:00:00,48890.38,50602.53,48354.0,48998.07,2461.23301507
2021-02-16 16:00:00,48998.07,49292.91,47752.0,48557.37,1580.16492962
2021-02-16 20:00:00,48557.23,49294.57,48215.62,49166.53,1177.24401571
2021-02-17 00:00:00,49136.7,50236.01,48896.19,49651.08,878.15696715
2021-02-17 04:00:00,49661.0,51259.0,49129.64,51173.7,2231.07221713
2021-02-17 08:00:00,51146.55,51721.15,50616.62,51240.48,2007.25891684
2021-02-17 12:00:00,51265.1,51643.06,50463.74,51162.01,1736.15944713
2021-02-17 16:00:00,51171.88,52339.85,50728.76,52123.64,1593.95397469
2021-02-17 20:00:00,52126.5,52640.0,51933.9,52174.28,1125.0464458
2021-02-18 00:00:00,52141.23,52566.98,51966.28,52036.89,475.75868351
2021-02-18 04:00:00,52026.55,52346.16,51290.0,51931.91,941.05602029
2021-02-18 08:00:00,51917.41,52183.17,51068.59,51332.13,956.00836828
2021-02-18 12:00:00,51323.48,52289.81,50869.61,51513.19,1441.22157169
2021-02-18 16:00:00,51549.32,52145.56,51408.34,51745.71,1257.37295162
2021-02-18 20:00:00,51753.14,52220.29,51511.56,51579.54,1258.72532339
2021-02-19 00:00:00,51560.46,51952.94,50627.32,51225.78,726.24568389
2021-02-19 04:00:00,51251.15,51873.82,50883.92,51722.35,574.17939869
2021-02-19 08:00:00,51712.37,52942.79,51694.86,52692.08,1025.16984418
2021-02-19 12:00:00,52706.58,53870.0,52285.36,53869.99,1795.66594753
2021-02-19 16:00:00,53870.0,55772.8,53638.63,55044.12,3101.44395555
2021-02-19 20:00:00,55057.69,56399.99,54850.84,55988.58,2007.07767431
2021-02-20 00:00:00,56000.59,56620.0,55386.86,55746.8,832.29852211
2021-02-20 04:00:00,55722.97,56173.77,55201.0,55250.66,490.53156866
2021-02-20 08:00:00,55247.88,56356.04,55025.0,56335.67,382.43111823
2021-02-20 12:00:00,56353.56,57553.81,55815.2,56229.67,1292.10529084
2021-02-20 16:00:00,56239.89,57508.17,56219.51,57029.08,1073.75185821
2021-02-20 20:00:00,57021.86,57086.84,54000.0,55936.04,1116.13210447
2021-02-21 00:00:00,55919.75,56912.43,55537.99,56545.31,512.13115062
2021-02-21 04:00:00,56545.31,56964.56,55916.49,56100.13,421.01297892
2021-02-21 08:00:00,56143.11,57844.25,55846.95,57318.59,698.33131445
2021-02-21 12:00:00,57318.59,57600.0,56650.0,57366.2,539.28624833
2021-02-21 16:00:00,57381.88,58354.14,57061.96,58114.05,805.07600708
2021-02-21 20:00:00,58109.96,58273.56,57004.23,57492.91,587.13181023
2021-02-22 00:00:00,57485.74,57564.19,55818.98,55913.83,1592.40397531
2021-02-22 04:00:00,55840.0,56595.06,55124.0,56479.27,1151.61286594
2021-02-22 08:00:00,56479.43,56673.88,53461.77,54497.67,2354.37844517
2021-02-22 12:00:00,54508.13,54624.89,47400.0,53302.71,8152.4323352
2021-02-22 16:00:00,53304.58,53872.97,51504.23,53641.93,1832.95668344
2021-02-22 20:00:00,53631.69,55046.02,53314.0,54173.65,1919.04842575
2021-02-23 00:00:00,54173.64,54196.58,50848.08,51836.17,1876.54234108
2021-02-23 04:00:00,51836.17,52311.53,48575.68,49666.0,2678.33085434
2021-02-23 08:00:00,49651.73,49957.04,44845.72,46388.22,5938.56322474
2021-02-23 12:00:00,46330.0,49582.34,45795.0,48568.0,3738.24484344
2021-02-23 16:00:00,48656.2,49224.0,45446.25,45503.1,2151.09054926
2021-02-23 20:00:00,45482.8,48927.32,45210.0,48887.93,1383.62633609
2021-02-24 00:00:00,48927.33,51000.0,47000.0,50939.95,1746.00111217
2021-02-24 04:00:00,50937.51,51459.51,49443.41,50060.64,1335.87060123
2021-02-24 08:00:00,50100.0,51443.47,49812.0,50381.65,1672.58191584
2021-02-24 12:00:00,50408.26,51310.99,48488.51,49839.86,2022.35111799
2021-02-24 16:00:00,49847.54,50155.0,48850.23,48991.68,825.75571394
2021-02-24 20:00:00,48971.59,49789.41,48050.0,49754.0,1171.80628222
2021-02-25 00:00:00,49715.13,50918.34,49585.82,50297.19,870.73000741
2021-02-25 04:00:00,50247.59,50645.4,49557.25,50444.84,867.08747039
2021-02-25 08:00:00,50455.22,50574.08,48656.25,50313.11,1539.68415624
2021-02-25 12:00:00,50367.47,52079.16,50125.4,50849.47,1633.43973999
2021-02-25 16:00:00,50871.11,51377.29,49250.0,49475.26,958.7687585
2021-02-25 20:00:00,49450.0,49531.14,46723.0,47088.58,2050.98281455
2021-02-26 00:00:00,47070.18,47784.0,46000.0,47357.13,1332.73694311
2021-02-26 04:00:00,47351.32,47791.42,44151.97,44928.36,1563.93511066
2021-02-26 08:00:00,44938.83,46917.05,44906.04,46432.47,1300.5271797
2021-02-26 12:00:00,46432.85,47878.91,45832.52,47651.72,1712.66178022
2021-02-26 16:00:00,47625.08,48476.62,46600.0,46900.0,1166.56191369
2021-02-26 20:00:00,46900.0,47091.3,45055.15,46314.83,1049.80448116
2021-02-27 00:00:00,46324.15,48023.27,46200.0,47424.12,639.41795782
2021-02-27 04:00:00,47444.71,48365.31,46889.26,47190.0,389.41095259
2021-02-27 08:00:00,47184.39,47649.0,46238.31,47305.33,391.28751766
2021-02-27 12:00:00,47293.05,47827.44,46370.84,46582.36,372.3034933
2021-02-27 16:00:00,46586.18,47493.73,46314.0,47454.91,481.17970345
2021-02-27 20:00:00,47461.89,47575.17,45050.0,46109.98,797.96874163
2021-02-28 00:00:00,46142.1,46659.88,44501.0,44705.99,706.80047359
2021-02-28 04:00:00,44625.0,45579.0,43782.86,44429.45,1493.8942927
2021-02-28 08:00:00,44406.21,45535.64,44400.0,45285.35,713.13041984
2021-02-28 12:00:00,45335.04,45508.8,43189.0,43418.02,1064.21680198
2021-02-28 16:00:00,43356.63,44610.31,43021.0,44504.99,1531.83433756
2021-02-28 20:00:00,44507.89,46000.0,44177.41,45240.96,1159.04178836
2021-03-01 00:00:00,45261.56,46875.18,45020.25,46380.0,907.0762508
2021-03-01 04:00:00,46409.83,46730.4,45680.1,46322.61,684.43038585
2021-03-01 08:00:00,46324.47,47982.37,46321.5,47859.46,1682.04569486
2021-03-01 12:00:00,47812.84,49440.17,47504.84,49302.89,2220.25693601
2021-03-01 16:00:00,49293.56,49552.0,48050.0,48299.41,1639.50448992
2021-03-01 20:00:00,48276.34,49831.52,47933.63,49629.33,1379.44568036
2021-03-02 00:00:00,49641.89,50250.0,48740.17,49007.1,881.20031468
2021-03-02 04:00:00,49014.58,49405.25,48353.72,48419.78,750.86488423
2021-03-02 08:00:00,48400.46,49308.67,48304.83,48914.81,639.43945808
2021-03-02 12:00:00,48885.21,49734.76,48412.35,48714.58,800.77538742
2021-03-02 16:00:00,48713.15,48762.48,47150.0,47461.11,1224.26888227
2021-03-02 20:00:00,47441.59,48532.07,47069.52,48516.35,649.23988024
2021-03-03 00:00:00,48438.0,48989.63,48168.45,48739.17,313.78573233
2021-03-03 04:00:00,48732.34,50000.0,48704.23,49800.41,733.72976819
2021-03-03 08:00:00,49822.25,51800.0,49822.25,51689.0,1543.34144342
2021-03-03 12:00:00,51662.71,52652.82,50502.54,50786.39,2120.53765479
2021-03-03 16:00:00,50843.47,51654.42,50262.32,50874.65,910.02693611
2021-03-03 20:00:00,50887.24,51352.67,50290.29,50379.68,530.06561766
2021-03-04 00:00:00,50376.05,51817.54,49400.0,49575.87,783.5474472
2021-03-04 04:00:00,49559.56,49899.0,49000.0,49726.16,803.28197362
2021-03-04 08:00:00,49745.84,50751.6,48507.65,49366.05,1083.3015228
2021-03-04 12:00:00,49317.0,50639.6,48750.0,49441.29,874.68951261
2021-03-04 16:00:00,49431.93,50034.0,47520.02,47976.5,1319.82866185
2021-03-04 20:00:00,47993.0,48688.72,47500.0,48360.5,776.96301765
2021-03-05 00:00:00,48353.09,48356.56,46294.0,47324.94,1443.48276784
2021-03-05 04:00:00,47306.79,47588.99,46570.53,47434.13,622.8658171
2021-03-05 08:00:00,47410.08,47529.04,46396.08,47527.88,562.36974176
2021-03-05 12:00:00,47524.12,48787.67,46965.0,47864.27,1063.90317406
2021-03-05 16:00:00,47870.03,49422.13,46900.0,49309.14,977.13887671
2021-03-05 20:00:00,49331.18,49471.24,48621.04,48739.21,549.48653128
2021-03-06 00:00:00,48774.67,49174.63,48203.41,48613.53,291.84538731
2021-03-06 04:00:00,48646.32,49133.59,48101.5,48835.25,369.62137658
2021-03-06 08:00:00,48848.1,49098.85,47950.0,48149.9,303.13426971
2021-03-06 12:00:00,48140.17,48199.77,47082.29,47300.48,510.19187471
2021-03-06 16:00:00,47311.83,48699.98,47156.04,48368.0,319.30248967
2021-03-06 20:00:00,48380.68,49200.0,48271.7,48904.63,346.9648973
2021-03-07 00:00:00,48933.12,49920.0,48933.12,49572.22,383.27930905
2021-03-07 04:00:00,49590.37,50195.56,49133.24,50058.25,229.69514237
2021-03-07 08:00:00,50117.01,51169.77,50096.68,50717.65,676.96828717
2021-03-07 12:00:00,50720.15,51306.5,50169.57,50575.85,445.98271803
2021-03-07 16:00:00,50575.85,51355.7,50235.62,50397.84,386.21272074
2021-03-07 20:00:00,50321.5,51477.53,49744.54,50967.3,696.31173321
2021-03-08 00:00:00,50952.55,51834.49,50271.6,50608.16,596.61656383
2021-03-08 04:00:00,50609.07,50983.68,49569.94,49800.0,455.97124108
2021-03-08 08:00:00,49797.43,50601.29,49316.98,50507.95,789.6680277
2021-03-08 12:00:00,50542.74,51273.87,50140.0,51105.39,891.67959491
2021-03-08 16:00:00,51127.82,51499.0,50590.0,51351.43,797.37821786
2021-03-08 20:00:00,51361.69,52427.8,51253.03,52427.8,888.24748894
2021-03-09 00:00:00,52427.8,54171.2,51857.0,53898.28,1404.59035247
2021-03-09 04:00:00,53903.33,54500.0,53433.1,53549.75,926.47559727
2021-03-09 08:00:00,53579.55,54399.99,53310.51,54252.43,725.27687264
2021-03-09 12:00:00,54255.65,54820.0,53540.0,54106.57,1069.06004874
2021-03-09 16:00:00,54107.34,54353.37,53619.2,54140.67,657.09842352
2021-03-09 20:00:00,54117.43,54939.26,53904.63,54929.02,646.39094935
2021-03-10 00:00:00,54927.29,55855.0,53144.12,53474.83,1312.24824516
2021-03-10 04:00:00,53445.43,54503.24,53010.0,54212.31,609.8297939
2021-03-10 08:00:00,54235.01,55408.08,54111.91,54855.34,636.59094728
2021-03-10 12:00:00,54852.72,56514.58,54836.23,56409.71,1605.7535499
2021-03-10 16:00:00,56419.03,57402.89,56115.23,56749.9,1173.96998773
2021-03-10 20:00:00,56736.11,57207.33,55494.69,55852.29,1577.88565727
2021-03-11 00:00:00,55918.09,56490.04,55064.47,55983.07,842.88580614
2021-03-11 04:00:00,55935.16,56163.73,54955.68,55007.93,706.01307166
2021-03-11 08:00:00,54990.27,56367.15,54269.0,56277.92,1036.11577089
2021-03-11 12:00:00,56297.06,57231.35,55723.5,56351.0,1952.40259835
2021-03-11 16:00:00,56373.83,57729.79,56302.39,56851.17,1316.8968196
2021-03-11 20:00:00,56859.03,58155.99,56564.98,57772.09,786.17369865
2021-03-12 00:00:00,57847.92,58098.5,56632.38,57093.92,674.75282109
2021-03-12 04:00:00,57129.0,57435.91,56340.01,56686.73,563.63690916
2021-03-12 08:00:00,56670.74,57100.0,55839.41,56485.74,769.4471523
2021-03-12 12:00:00,56465.41,57100.0,55011.0,57000.1,1518.36280935
2021-03-12 16:00:00,56963.87,57741.11,56729.09,56938.34,1144.38477467
2021-03-12 20:00:00,56952.96,57503.0,56268.81,57271.04,561.72610419
2021-03-13 00:00:00,57297.67,57297.67,56080.96,56698.9,311.09518131
2021-03-13 04:00:00,56709.61,57393.88,56275.67,57357.71,175.46970559
2021-03-13 08:00:00,57369.53,60120.0,57106.94,59843.59,2017.91266272
2021-03-13 12:00:00,59834.41,60419.0,59142.58,59662.79,1142.22551683
2021-03-13 16:00:00,59670.55,60868.08,59406.04,60790.56,1522.84394012
2021-03-13 20:00:00,60792.84,61781.83,60550.0,61165.19,1018.28699512
2021-03-14 00:00:00,61177.03,61700.0,60700.03,61366.78,449.57707286
2021-03-14 04:00:00,61350.44,61565.13,60420.38,60462.33,477.56286591
2021-03-14 08:00:00,60502.53,61102.9,59350.0,60319.67,632.21363514
2021-03-14 12:00:00,60252.63,60593.79,59471.55,59680.03,881.88635417
2021-03-14 16:00:00,59708.48,60340.0,59273.0,59914.15,329.65583005
2021-03-14 20:00:00,59935.87,60748.78,58959.57,59016.39,503.2263968
2021-03-15 00:00:00,58956.9,60489.09,58742.0,60354.53,786.55640132
2021-03-15 04:00:00,60379.5,60595.13,57319.31,57809.35,1243.94022008
2021-03-15 08:00:00,57809.35,58379.4,54555.0,56171.28,2785.1293868
2021-03-15 12:00:00,56186.78,57341.3,55002.64,56220.73,1566.26831014
2021-03-15 16:00:00,56232.2,56702.91,55500.0,56631.96,584.085406
2021-03-15 20:00:00,56631.89,56979.67,55555.0,55644.37,759.23432548
2021-03-16 00:00:00,55616.42,56073.14,53221.0,54203.57,2173.17152871
2021-03-16 04:00:00,54254.66,55483.53,53563.13,55167.6,1311.26298908
2021-03-16 08:00:00,55253.3,56449.52,55022.65,55387.43,913.70260362
2021-03-16 12:00:00,55416.61,55920.0,54500.0,55863.6,1594.52068951
2021-03-16 16:00:00,55861.1,56095.99,54949.58,55771.8,919.25362324
2021-03-16 20:00:00,55750.76,56950.0,55691.08,56908.34,821.31526058
2021-03-17 00:00:00,56928.38,57198.24,55400.0,55486.61,531.81042061
2021-03-17 04:00:00,55528.37,56355.19,55145.12,55844.11,538.42253276
2021-03-17 08:00:00,55841.02,56078.07,54427.92,54841.8,928.88109974
2021-03-17 12:00:00,54806.19,55429.0,54124.0,54981.06,1082.12001346
2021-03-17 16:00:00,54961.14,58258.73,54776.74,57909.51,1833.16554905
2021-03-17 20:00:00,57909.61,58968.8,57377.84,58901.8,925.67741037
2021-03-18 00:00:00,58939.73,59559.26,58560.45,58695.97,673.05978951
2021-03-18 04:00:00,58716.02,59200.0,58113.81,58355.19,674.92792677
2021-03-18 08:00:00,58367.39,58660.11,57834.99,58161.39,566.81412504
2021-03-18 12:00:00,58104.75,59698.34,57508.0,59515.54,1372.06295671
2021-03-18 16:00:00,59577.02,60083.25,57136.15,57269.83,1624.69835976
2021-03-18 20:00:00,57287.58,58153.93,57000.0,57648.05,604.90073644
2021-03-19 00:00:00,57648.01,57907.09,56279.34,57800.57,605.91343755
2021-03-19 04:00:00,57802.75,58500.0,57626.78,57801.53,449.37650635
2021-03-19 08:00:00,57801.62,58876.44,57460.83,58842.96,705.22983924
2021-03-19 12:00:00,58877.84,59280.0,57946.36,59000.86,803.80857339
2021-03-19 16:00:00,59006.62,59200.0,58351.88,58884.88,478.38817056
2021-03-19 20:00:00,58879.81,59450.95,57967.01,58072.0,480.76580442
2021-03-20 00:00:00,58029.94,58916.01,57815.61,58408.68,389.58536411
2021-03-20 04:00:00,58355.57,58631.94,58000.0,58452.43,193.5839294
2021-03-20 08:00:00,58430.13,59957.0,57997.47,59237.68,577.51830397
2021-03-20 12:00:00,59271.97,59897.4,58608.58,59247.08,563.56204371
2021-03-20 16:00:00,59273.35,59479.33,58907.23,59264.78,295.97323109
2021-03-20 20:00:00,59289.74,59389.87,58020.92,58138.39,362.72277574
2021-03-21 00:00:00,58072.87,58632.52,57475.0,57817.77,678.45971089
2021-03-21 04:00:00,57768.1,57803.59,56712.15,57059.89,702.66526739
2021-03-21 08:00:00,57016.02,57353.64,55500.0,56266.91,669.59669468
2021-03-21 12:00:00,56260.17,57600.0,55890.01,57238.39,954.3174041
2021-03-21 16:00:00,57186.29,57729.26,56847.29,57583.82,243.48480925
2021-03-21 20:00:00,57571.73,58150.0,57189.96,57381.79,380.27392273
2021-03-22 00:00:00,57410.54,57627.52,56304.31,57584.31,505.1206963
2021-03-22 04:00:00,57556.72,57871.84,57297.5,57585.38,384.23796422
2021-03-22 08:00:00,57585.81,58461.78,57047.12,57720.67,651.52769638
2021-03-22 12:00:00,57727.69,57757.9,56551.0,57066.1,965.57850477
2021-03-22 16:00:00,57097.39,57231.92,55540.0,55593.39,1277.28301186
2021-03-22 20:00:00,55540.0,56018.41,53715.0,54070.92,2783.21908956
2021-03-23 00:00:00,54117.71,55350.0,53824.38,54678.61,571.38862319
2021-03-23 04:00:00,54673.79,54779.0,52933.03,54178.74,1129.89036812
2021-03-23 08:00:00,54196.49,54816.25,53833.08,54251.28,733.2745479
2021-03-23 12:00:00,54244.0,55467.69,54244.0,55177.36,1025.67493563
2021-03-23 16:00:00,55172.6,55866.44,54808.03,55009.03,857.79404557
2021-03-23 20:00:00,55002.53,55067.67,54180.0,54361.57,678.44113157
2021-03-24 00:00:00,54360.07,54728.2,53520.0,54351.78,467.30589278
2021-03-24 04:00:00,54342.42,55598.0,53719.51,55500.0,747.09777232
2021-03-24 08:00:00,55481.53,56775.0,55478.6,56598.78,844.51104684
2021-03-24 12:00:00,56557.61,57207.33,55981.0,56263.04,1300.6099645
2021-03-24 16:00:00,56281.87,56370.7,54567.91,54703.59,1280.83331145
2021-03-24 20:00:00,54703.59,54703.59,51638.76,52287.52,2227.20634891
2021-03-25 00:00:00,52281.77,52896.85,51503.0,52113.17,800.49823644
2021-03-25 04:00:00,52129.52,53271.59,51900.0,52235.6,848.91024546
2021-03-25 08:00:00,52245.78,53155.52,52070.08,52135.27,871.81042124
2021-03-25 12:00:00,52129.18,52295.25,50360.0,50950.0,2163.99605295
2021-03-25 16:00:00,50990.76,52561.95,50555.0,52184.05,1126.68923545
2021-03-25 20:00:00,52223.72,52708.0,51223.37,51326.11,870.71321247
2021-03-26 00:00:00,51292.65,52727.17,51263.38,52443.44,526.3110247
2021-03-26 04:00:00,52449.23,53698.99,52188.14,53650.42,920.8203403
2021-03-26 08:00:00,53649.0,53876.38,52573.75,52687.56,808.3884882
2021-03-26 12:00:00,52724.91,53590.79,52489.1,53351.3,873.62937112
2021-03-26 16:00:00,53286.84,54056.51,52929.96,53865.81,1091.45168218
2021-03-26 20:00:00,53850.24,55114.86,53833.99,55081.37,653.65020846
2021-03-27 00:00:00,55081.26,55597.04,54550.68,54786.92,452.20315303
2021-03-27 04:00:00,54821.66,55397.0,54681.69,54982.82,318.85167675
2021-03-27 08:00:00,54987.37,55160.25,54320.17,54458.52,408.69991929
2021-03-27 12:00:00,54433.89,55060.0,53948.35,54982.48,325.64468707
2021-03-27 16:00:00,54972.99,56279.0,54970.25,55842.61,605.72130001
2021-03-27 20:00:00,55890.66,56686.15,55707.83,55839.42,498.84684346
2021-03-28 00:00:00,55817.85,56204.05,55601.0,56052.27,364.63761601
2021-03-28 04:00:00,56095.81,56500.0,55861.15,56212.33,167.97761811
2021-03-28 08:00:00,56220.17,56573.04,55707.98,55792.25,300.75050637
2021-03-28 12:00:00,55798.44,56380.48,55282.83,56365.37,266.2397033
2021-03-28 16:00:00,56370.36,56470.0,54677.51,55228.45,501.74722075
2021-03-28 20:00:00,55217.76,55884.23,54752.7,55790.92,472.09652686
2021-03-29 00:00:00,55790.28,55902.35,54964.07,55349.28,273.76065582
2021-03-29 04:00:00,55361.25,56142.66,54892.42,55911.13,703.41510895
2021-03-29 08:00:00,55911.13,58300.0,55911.13,57871.55,1407.07963199
2021-03-29 12:00:00,57903.18,58402.68,57256.37,57732.39,1122.2938179
2021-03-29 16:00:00,57732.39,58300.0,57181.5,57665.67,1067.73317862
2021-03-29 20:00:00,57665.67,57904.4,57091.37,57600.1,786.14326991
2021-03-30 00:00:00,57623.66,57746.92,57040.41,57118.51,480.5760001
2021-03-30 04:00:00,57069.04,58299.0,57011.0,58118.21,524.07682352
2021-03-30 08:00:00,58125.0,59313.72,57758.83,59284.39,926.5141764
2021-03-30 12:00:00,59266.24,59388.66,58430.09,58514.65,665.65957459
2021-03-30 16:00:00,58514.65,59144.94,58445.17,59118.91,472.98228058
2021-03-30 20:00:00,59118.91,59135.0,58402.82,58760.59,322.52976397
2021-03-31 00:00:00,58767.75,59093.51,58419.78,58607.39,275.73225549
2021-03-31 04:00:00,58623.47,59816.17,57001.0,58192.86,831.29103588
2021-03-31 08:00:00,58158.51,58261.81,56713.45,58036.0,1085.64127123
2021-03-31 12:00:00,58025.91,59491.0,57652.94,59286.35,901.39468728
2021-03-31 16:00:00,59281.2,59667.15,58500.0,58582.36,921.69001334
2021-03-31 20:00:00,58601.17,59280.0,58345.05,58782.58,579.5032575
2021-04-01 00:00:00,58789.96,59339.49,58749.23,59114.01,261.90676048
2021-04-01 04:00:00,59128.78,59263.13,58517.27,58852.27,440.83249884
2021-04-01 08:00:00,58857.52,59490.0,58108.0,58578.85,594.03609787
2021-04-01 12:00:00,58570.14,59270.0,58417.79,58973.16,476.65243391
2021-04-01 16:00:00,58979.96,59136.28,57935.42,58899.97,685.81619321
2021-04-01 20:00:00,58927.59,59061.51,58533.99,58728.53,327.33692598
2021-04-02 00:00:00,58744.0,60103.04,58450.0,59804.0,587.67507703
2021-04-02 04:00:00,59829.67,59941.01,59260.19,59454.71,433.33920959
2021-04-02 08:00:00,59413.84,59726.73,59220.04,59570.82,625.51293942
2021-04-02 12:00:00,59583.3,59645.83,58999.79,59492.9,333.4852119
2021-04-02 16:00:00,59475.28,59612.32,58503.74,58864.8,329.97771064
2021-04-02 20:00:00,58864.8,59221.69,58451.65,59003.6,254.60987212
2021-04-03 00:00:00,58967.61,59455.0,58953.35,59219.84,150.45849119
2021-04-03 04:00:00,59245.25,59550.0,59200.79,59316.99,169.46053525
2021-04-03 08:00:00,59309.0,59801.39,58710.51,59304.9,277.96306829
2021-04-03 12:00:00,59289.48,59476.18,58800.98,58836.63,116.06287323
2021-04-03 16:00:00,58843.0,59131.32,57777.77,58636.49,464.2311009
2021-04-03 20:00:00,58588.26,58588.27,56922.0,57064.42,485.0922841
2021-04-04 00:00:00,57064.13,57619.35,56466.25,57538.92,401.11752738
2021-04-04 04:00:00,57546.14,57709.0,57203.49,57638.46,299.69690984
2021-04-04 08:00:00,57639.0,57793.69,57171.36,57291.49,192.2137129
2021-04-04 12:00:00,57314.72,58501.0,57039.85,57965.3,259.41115946
2021-04-04 16:00:00,57949.43,58288.38,57670.75,57969.03,114.57905367
2021-04-04 20:00:00,57972.69,58316.42,57810.51,58212.18,173.61345661
2021-04-05 00:00:00,58213.69,58401.0,57304.88,57499.43,313.83855553
2021-04-05 04:00:00,57444.1,57648.7,56829.03,57284.19,329.02974847
2021-04-05 08:00:00,57252.74,57759.96,56800.0,57744.19,258.44678663
2021-04-05 12:00:00,57750.0,59280.0,57750.0,59031.53,592.94931842
2021-04-05 16:00:00,59040.0,59235.17,58599.45,59028.06,600.05773688
2021-04-05 20:00:00,59065.52,59125.0,58470.58,59125.0,308.1149892
2021-04-06 00:00:00,59135.36,59473.9,58610.0,58642.33,273.78752151
2021-04-06 04:00:00,58609.89,59036.34,58349.99,58562.17,198.761698
2021-04-06 08:00:00,58582.46,58924.02,58150.0,58545.25,523.29568921
2021-04-06 12:00:00,58511.98,59029.26,57216.0,57827.11,963.49241118
2021-04-06 16:00:00,57844.11,58305.63,57741.8,58258.14,415.94783723
2021-04-06 20:00:00,58258.14,58329.89,57626.89,58018.3,336.1126902
2021-04-07 00:00:00,58024.9,58236.6,57210.51,57909.43,567.84170074
2021-04-07 04:00:00,57913.24,58668.0,57255.98,57861.67,490.70703047
2021-04-07 08:00:00,57851.53,57931.02,55761.8,56317.92,1430.25992721
2021-04-07 12:00:00,56289.21,56967.47,55600.0,56434.13,1090.98586906
2021-04-07 16:00:00,56456.4,56800.04,55441.93,56127.66,1173.61736831
2021-04-07 20:00:00,56075.95,56555.61,55690.0,55932.83,701.16472027
2021-04-08 00:00:00,55912.38,56683.59,55680.4,56548.97,556.87283892
2021-04-08 04:00:00,56538.58,57313.18,56520.0,57010.0,694.86080891
2021-04-08 08:00:00,57031.1,57260.0,56349.17,56450.0,438.37024591
2021-04-08 12:00:00,56403.95,57911.0,56350.0,57745.0,1733.23320049
2021-04-08 16:00:00,57781.68,58145.49,57560.94,57742.55,834.21571656
2021-04-08 20:00:00,57729.0,58139.68,57450.52,58096.6,329.25404775
2021-04-09 00:00:00,58066.18,58400.0,57832.79,58010.68,369.24580981
2021-04-09 04:00:00,57998.57,58316.86,57657.43,58050.0,438.04947742
2021-04-09 08:00:00,58050.0,58890.25,57663.34,58520.37,542.6534119
2021-04-09 12:00:00,58531.47,58776.15,58026.81,58214.63,823.3474497
2021-04-09 16:00:00,58225.68,58510.38,57858.0,58373.13,261.65940549
2021-04-09 20:00:00,58377.2,58615.55,57840.76,58109.56,225.69254219
2021-04-10 00:00:00,58129.02,59196.62,57870.0,59196.62,297.70291971
2021-04-10 04:00:00,59198.0,61222.22,59198.0,60441.26,1695.9125535
2021-04-10 08:00:00,60453.28,60959.42,60400.0,60525.01,322.86993087
2021-04-10 12:00:00,60525.27,60756.29,59791.97,60254.09,488.02503848
2021-04-10 16:00:00,60235.24,60514.89,59505.28,59548.73,556.27622219
2021-04-10 20:00:00,59536.96,59840.8,58304.8,59766.93,557.16415229
2021-04-11 00:00:00,59773.19,60679.0,59611.73,60234.28,370.09605986
2021-04-11 04:00:00,60246.04,60293.61,59286.42,59625.72,386.93959644
2021-04-11 08:00:00,59630.05,60094.04,59386.28,59679.06,236.34741654
2021-04-11 12:00:00,59698.26,59776.45,59165.15,59609.58,293.47718372
2021-04-11 16:00:00,59629.13,60159.38,59350.82,59661.24,258.38805421
2021-04-11 20:00:00,59673.05,60094.9,59386.42,59979.26,277.4721389
2021-04-12 00:00:00,59972.26,60430.43,59550.0,60334.91,572.20667566
2021-04-12 04:00:00,60336.46,61234.56,59990.14,60673.87,772.0718926
2021-04-12 08:00:00,60663.6,60831.78,59361.11,60219.55,693.79192243
2021-04-12 12:00:00,60229.0,60595.23,59605.0,59997.46,758.12412121
2021-04-12 16:00:00,59999.59,60176.56,59645.1,60039.68,523.62916752
2021-04-12 20:00:00,60044.47,60200.0,59706.39,59831.66,387.61267532
2021-04-13 00:00:00,59814.87,61066.96,59780.0,60338.99,1130.20582851
2021-04-13 04:00:00,60350.0,61376.0,60280.0,61008.76,669.08208581
2021-04-13 08:00:00,61050.0,63199.44,61022.84,62954.48,1537.49152147
2021-04-13 12:00:00,62957.55,63705.97,62550.0,63399.33,1163.59841933
2021-04-13 16:00:00,63380.27,63769.0,62570.6,63044.49,791.17180706
2021-04-13 20:00:00,63043.49,63682.24,62836.04,63564.48,419.97710723
2021-04-14 00:00:00,63605.69,63908.92,63080.33,63788.47,469.93035492
2021-04-14 04:00:00,63832.08,64895.22,63639.89,64346.64,735.68826839
2021-04-14 08:00:00,64354.14,64843.74,61417.52,64559.91,987.45224418
2021-04-14 12:00:00,64581.81,64684.78,62350.0,63050.29,1337.44127776
2021-04-14 16:00:00,63027.43,63780.74,61327.0,62139.52,1504.078386
2021-04-14 20:00:00,62140.95,63091.86,61853.31,62986.09,968.30301179
2021-04-15 00:00:00,62954.2,63432.3,62332.96,63081.86,610.69183614
2021-04-15 04:00:00,63074.28,63500.0,62701.03,62854.27,471.57693103
2021-04-15 08:00:00,62853.8,63129.25,61998.9,62340.35,543.00974194
2021-04-15 12:00:00,62349.06,63132.99,62329.59,62777.22,632.90076248
2021-04-15 16:00:00,62779.77,63661.56,62359.21,63460.99,672.39167488
2021-04-15 20:00:00,63482.22,63855.37,63074.91,63239.19,502.87839851
2021-04-16 00:00:00,63247.24,63580.4,62771.04,63006.05,488.56692587
2021-04-16 04:00:00,63001.2,63025.3,61099.25,61457.63,1500.16179484
2021-04-16 08:00:00,61484.06,61670.65,60042.04,60895.51,1358.44128672
2021-04-16 12:00:00,60892.05,61810.83,60332.39,61720.47,1433.03374453
2021-04-16 16:00:00,61719.61,61975.4,61212.08,61848.34,609.98134138
2021-04-16 20:00:00,61863.98,62179.17,61433.52,61436.24,388.63159325
2021-04-17 00:00:00,61436.23,62596.48,61234.08,62477.81,401.95460597
2021-04-17 04:00:00,62479.84,62534.56,61946.91,62189.58,457.6802669
2021-04-17 08:00:00,62194.34,62523.87,60734.05,60947.3,421.37665117
2021-04-17 12:00:00,60900.0,61277.56,60145.23,60332.44,726.43602185
2021-04-17 16:00:00,60305.86,60838.14,59676.67,60755.55,489.0663534
2021-04-17 20:00:00,60765.43,61000.0,60000.0,60032.29,594.96975827
2021-04-18 00:00:00,60048.82,60433.81,51541.16,55453.57,2837.10918136
2021-04-18 04:00:00,55428.5,57939.99,54500.0,56328.23,3278.8018037
2021-04-18 08:00:00,56334.98,56665.76,53123.0,53314.83,2089.45086887
2021-04-18 12:00:00,53356.25,55900.0,53323.67,55555.6,2259.03421968
2021-04-18 16:00:00,55547.11,56057.38,54940.09,55832.73,1065.90871187
2021-04-18 20:00:00,55828.36,56816.36,55655.16,56280.6,1339.55458851
2021-04-19 00:00:00,56260.83,57555.0,55826.85,57163.21,981.66779937
2021-04-19 04:00:00,57167.15,57592.21,56526.62,57441.26,887.64101333
2021-04-19 08:00:00,57441.26,57633.0,56184.62,57184.85,873.57052716
2021-04-19 12:00:00,57189.53,57244.11,54252.88,54611.01,1388.490399
2021-04-19 16:00:00,54590.0,56154.35,54401.0,56027.41,955.85431003
2021-04-19 20:00:00,56027.41,56661.09,55600.0,55694.55,704.01501337
2021-04-20 00:00:00,55694.55,55820.48,53643.0,54595.37,1065.96435536
2021-04-20 04:00:00,54597.86,55534.33,53400.0,54440.56,929.44489548
2021-04-20 08:00:00,54461.85,56466.32,54284.33,56348.13,944.83427111
2021-04-20 12:00:00,56356.72,56542.92,54700.0,55355.58,1054.74931235
2021-04-20 16:00:00,55384.65,56797.73,55155.76,56639.29,1049.1625558
2021-04-20 20:00:00,56639.28,57119.0,56140.0,56503.19,819.72744874
2021-04-21 00:00:00,56493.02,56850.0,55218.45,55262.53,682.10885368
2021-04-21 04:00:00,55262.3,55875.74,55003.63,55335.04,512.40649944
2021-04-21 08:00:00,55366.99,55766.38,54340.0,54596.91,923.36762003
2021-04-21 12:00:00,54592.89,56399.0,54332.0,56186.8,1004.07311922
2021-04-21 16:00:00,56186.8,56357.5,55151.44,55518.27,630.94341774
2021-04-21 20:00:00,55513.09,55513.09,53628.79,53806.24,825.35757712
2021-04-22 00:00:00,53823.48,54666.32,52603.63,53471.31,1096.31651914
2021-04-22 04:00:00,53483.56,54893.74,53443.14,54169.89,634.36754361
2021-04-22 08:00:00,54171.01,55225.55,53137.5,54878.87,974.46609688
2021-04-22 12:00:00,54931.32,55491.8,54350.0,54693.19,773.83687534
2021-04-22 16:00:00,54692.65,55186.26,52192.0,52957.17,2253.8760277
2021-04-22 20:00:00,52921.52,52921.52,50450.01,51683.95,2106.09328424
2021-04-23 00:00:00,51693.98,52131.34,48338.37,50332.4,2651.49028252
2021-04-23 04:00:00,50268.37,50589.97,47601.42,47864.67,2246.0840857
2021-04-23 08:00:00,47889.75,50512.55,47555.0,50099.35,2729.55736616
2021-04-23 12:00:00,50120.0,50351.57,48556.69,49882.86,1519.20817892
2021-04-23 16:00:00,49885.77,50989.0,49498.15,50941.32,1822.34636244
2021-04-23 20:00:00,50969.63,51378.63,50214.59,51176.65,680.63290891
2021-04-24 00:00:00,51177.77,51227.38,49388.64,50164.97,606.06972474
2021-04-24 04:00:00,50150.54,50661.89,49698.96,49861.45,376.03958359
2021-04-24 08:00:00,49853.87,50240.0,48713.34,49100.0,759.01465863
2021-04-24 12:00:00,49109.82,50389.0,48975.0,50269.9,763.02561159
2021-04-24 16:00:00,50264.6,50952.8,49710.03,50729.57,322.60499818
2021-04-24 20:00:00,50737.0,51053.38,49980.25,50118.94,618.38200642
2021-04-25 00:00:00,50126.34,50484.33,49642.15,49680.21,275.32187047
2021-04-25 04:00:00,49666.99,49881.59,49125.0,49710.2,738.26378037
2021-04-25 08:00:00,49711.73,50299.95,49249.0,49563.58,626.89090205
2021-04-25 12:00:00,49573.54,50608.94,49505.0,50303.25,569.20151885
2021-04-25 16:00:00,50314.18,50475.39,49329.72,49414.37,299.11508839
2021-04-25 20:00:00,49368.83,49633.99,47004.2,49128.43,1658.64254785
2021-04-26 00:00:00,49122.75,52546.49,48823.01,52444.68,1230.28866304
2021-04-26 04:00:00,52431.68,53188.99,52078.81,52904.68,954.47555216
2021-04-26 08:00:00,52900.0,53795.6,52366.55,53703.67,1073.9621703
2021-04-26 12:00:00,53703.67,54006.13,53309.09,53635.65,911.07614041
2021-04-26 16:00:00,53649.52,54404.78,52902.2,54101.16,1105.90972772
2021-04-26 20:00:00,54102.08,54285.58,52629.78,54073.41,771.08457439
2021-04-27 00:00:00,54015.32,54201.82,53390.0,53547.71,598.19530409
2021-04-27 04:00:00,53538.41,54934.05,53325.75,54626.33,565.3090734
2021-04-27 08:00:00,54614.85,55318.08,54400.0,55215.8,684.97969987
2021-04-27 12:00:00,55215.8,55384.59,54422.34,55067.36,1226.31569877
2021-04-27 16:00:00,55079.16,55162.1,54270.66,54846.25,583.24537961
2021-04-27 20:00:00,54846.82,55519.37,54816.13,55091.39,453.08006022
2021-04-28 00:00:00,55094.73,55809.86,54852.95,54870.23,464.71542521
2021-04-28 04:00:00,54844.14,55061.96,53811.49,54320.58,723.35202168
2021-04-28 08:00:00,54331.17,55148.2,53972.2,54901.43,516.19128342
2021-04-28 12:00:00,54945.52,55350.0,54142.11,54386.05,882.26912439
2021-04-28 16:00:00,54393.09,55487.0,54284.28,55461.68,1093.16626046
2021-04-28 20:00:00,55479.42,56500.0,54082.29,54901.97,862.81580497
2021-04-29 00:00:00,54898.45,55239.33,54118.03,54310.23,358.02411755
2021-04-29 04:00:00,54291.69,54532.84,53547.0,54513.62,526.69827278
2021-04-29 08:00:00,54521.4,54781.27,53814.93,54351.73,451.48340757
2021-04-29 12:00:00,54355.65,54580.45,53306.93,53764.45,973.32018429
2021-04-29 16:00:00,53735.83,53837.15,52505.0,52888.31,1169.29711707
2021-04-29 20:00:00,52892.87,53696.0,52379.9,53593.97,693.85360772
2021-04-30 00:00:00,53585.93,53855.1,53087.15,53741.75,522.75503319
2021-04-30 04:00:00,53738.91,54621.55,53738.46,54355.97,653.27342019
2021-04-30 08:00:00,54374.17,54862.55,54092.55,54253.11,431.68224333
2021-04-30 12:00:00,54297.77,57285.23,54229.73,57217.2,1654.94050561
2021-04-30 16:00:00,57217.2,57442.99,56314.2,57098.08,780.31417591
2021-04-30 20:00:00,57092.42,58008.0,56476.63,57775.27,766.21666889
2021-05-01 00:00:00,57790.66,58549.0,57555.0,58264.21,672.76362252
2021-05-01 04:00:00,58258.95,58493.84,57647.62,57789.83,241.47345979
2021-05-01 08:00:00,57816.1,58000.0,57180.04,57894.43,377.43166641
2021-05-01 12:00:00,57895.55,58117.73,57049.63,57401.42,291.62840624
2021-05-01 16:00:00,57448.19,58067.48,57251.18,57822.6,395.83477733
2021-05-01 20:00:00,57828.02,58034.0,57326.55,57851.91,269.42351913
2021-05-02 00:00:00,57893.01,57967.01,56426.14,56511.25,361.91091988
2021-05-02 04:00:00,56485.0,57178.38,56235.36,56692.65,312.87779924
2021-05-02 08:00:00,56700.35,57124.37,56064.51,57119.67,399.40357618
2021-05-02 12:00:00,57159.0,57329.07,56489.16,56651.03,308.54056657
2021-05-02 16:00:00,56619.61,56996.88,56371.14,56888.61,236.59971477
2021-05-02 20:00:00,56916.72,57193.34,56248.87,56622.66,267.75169524
2021-05-03 00:00:00,56599.91,58315.65,56582.22,57983.85,411.73757497
2021-05-03 04:00:00,57930.99,58870.95,57750.28,58817.08,583.6858114
2021-05-03 08:00:00,58841.69,59000.0,58314.7,58688.01,461.89737619
2021-05-03 12:00:00,58714.5,58810.82,57333.0,57625.76,722.05995094
2021-05-03 16:00:00,57651.08,58222.28,57223.02,57589.8,789.66704572
2021-05-03 20:00:00,57547.38,57558.98,56500.0,57222.37,667.46959754
2021-05-04 00:00:00,57227.64,57250.85,54653.74,55475.23,1023.47543084
2021-05-04 04:00:00,55441.31,56408.1,55251.91,55946.32,577.67955481
2021-05-04 08:00:00,55953.74,56673.42,55562.44,56200.49,736.58761973
2021-05-04 12:00:00,56200.49,56329.65,53479.82,53851.38,1567.89201341
2021-05-04 16:00:00,53827.72,54788.35,53259.0,54594.15,801.30163338
2021-05-04 20:00:00,54603.47,54882.7,53080.69,53236.84,1040.25776697
2021-05-05 00:00:00,53221.75,55450.02,52924.5,54825.55,850.86055308
2021-05-05 04:00:00,54822.49,55301.0,53980.14,54871.88,518.22745745
2021-05-05 08:00:00,54909.17,55859.0,54752.67,55158.85,646.47236848
2021-05-05 12:00:00,55172.01,57769.17,55083.32,57660.19,1684.86024255
2021-05-05 16:00:00,57700.0,57976.62,57057.65,57186.27,1100.68053963
2021-05-05 20:00:00,57166.9,57643.86,56570.88,57509.93,703.45671989
2021-05-06 00:00:00,57517.08,57644.59,56602.61,56856.81,509.07219573
2021-05-06 04:00:00,56845.5,57616.08,56408.47,56919.38,470.87524426
2021-05-06 08:00:00,56897.48,58420.83,56825.29,58058.8,804.55049541
2021-05-06 12:00:00,58073.3,58156.01,56852.1,57165.69,1053.47240393
2021-05-06 16:00:00,57172.13,57528.33,55283.0,56180.86,1717.92004286
2021-05-06 20:00:00,56190.29,56847.6,55727.51,56447.39,588.34278912
2021-05-07 00:00:00,56425.82,57125.72,55509.42,55761.98,716.21320575
2021-05-07 04:00:00,55724.8,56330.1,55288.11,55817.31,453.16663809
2021-05-07 08:00:00,55826.84,56840.0,55614.73,56493.0,576.57298933
2021-05-07 12:00:00,56538.3,57750.0,56281.91,57605.07,1023.98221286
2021-05-07 16:00:00,57627.89,58743.85,57224.13,57648.3,967.99635776
2021-05-07 20:00:00,57643.47,58154.46,56800.0,57381.73,496.77814045
2021-05-08 00:00:00,57371.02,58483.22,56977.5,58193.77,402.46980747
2021-05-08 04:00:00,58161.92,58665.65,57576.34,58549.72,361.13421601
2021-05-08 08:00:00,58564.73,59417.4,58417.0,58660.25,604.82662189
2021-05-08 12:00:00,58650.85,59501.0,57601.37,57689.29,824.07263773
2021-05-08 16:00:00,57709.28,59406.48,57709.28,59149.79,451.01660575
2021-05-08 20:00:00,59093.68,59564.24,58570.0,58984.75,285.47356471
2021-05-09 00:00:00,58964.89,59300.62,58434.1,58673.39,370.48810153
2021-05-09 04:00:00,58673.38,58925.51,57765.53,58011.14,649.76123015
2021-05-09 08:00:00,58011.14,58395.24,57518.96,57951.63,356.43779816
2021-05-09 12:00:00,57916.7,57985.41,56256.0,57423.49,726.56600622
2021-05-09 16:00:00,57434.89,57917.08,57121.25,57352.77,188.96540574
2021-05-09 20:00:00,57345.42,58500.82,57287.72,58305.24,297.40707757
2021-05-10 00:00:00,58336.16,59496.97,58102.91,59416.48,574.31333501
2021-05-10 04:00:00,59434.7,59603.0,58407.81,58409.59,694.91379193
2021-05-10 08:00:00,58435.16,58648.38,57399.33,58195.8,601.50238233
2021-05-10 12:00:00,58183.34,58431.7,56754.34,58362.94,1236.37212319
2021-05-10 16:00:00,58388.59,58663.85,55555.88,55694.85,1275.54607453
2021-05-10 20:00:00,55694.85,56300.9,53500.0,55880.72,2206.77943331
2021-05-11 00:00:00,55854.43,56466.35,54500.0,55182.38,727.39949382
2021-05-11 04:00:00,55151.94,56001.3,54638.87,55761.38,822.74025408
2021-05-11 08:00:00,55809.54,56293.8,55210.05,55285.14,544.96906946
2021-05-11 12:00:00,55273.82,56243.66,54833.67,56097.2,968.19861871
2021-05-11 16:00:00,56123.68,56953.56,55233.55,56729.69,631.11821131
2021-05-11 20:00:00,56724.25,56972.33,56296.56,56763.7,508.74342191
2021-05-12 00:00:00,56763.7,57943.7,56643.71,57808.45,590.87623022
2021-05-12 04:00:00,57859.69,58021.26,56950.36,57183.14,392.73545334
2021-05-12 08:00:00,57156.67,57263.92,56048.0,56481.9,402.76587164
2021-05-12 12:00:00,56511.25,57000.0,55345.0,55514.74,1034.9838917
2021-05-12 16:00:00,55514.74,55701.0,53555.0,54496.28,1485.38000682
2021-05-12 20:00:00,54469.85,54819.0,48530.0,49386.56,2460.61264845
2021-05-13 00:00:00,49419.44,51237.85,45700.0,50500.0,3069.97070784
2021-05-13 04:00:00,50463.01,51420.72,50321.8,50896.83,926.15050744
2021-05-13 08:00:00,50908.11,50993.66,47500.0,49783.52,1878.54296172
2021-05-13 12:00:00,49807.0,50915.11,49530.0,49665.92,839.91711584
2021-05-13 16:00:00,49711.37,50450.0,47000.0,48549.37,1696.15228485
2021-05-13 20:00:00,48559.35,49891.75,48376.21,49694.96,685.65005548
2021-05-14 00:00:00,49711.64,50427.89,49115.3,49240.01,636.75193815
2021-05-14 04:00:00,49270.38,50321.8,48875.69,50033.89,565.16285761
2021-05-14 08:00:00,50065.97,51054.22,49956.07,50642.92,882.97983876
2021-05-14 12:00:00,50640.92,51572.0,50155.38,51317.63,853.30989762
2021-05-14 16:00:00,51309.46,51411.39,50155.0,50198.39,607.97063269
2021-05-14 20:00:00,50200.95,50353.84,49074.04,49880.43,464.90673897
2021-05-15 00:00:00,49883.89,50710.93,49321.67,49681.46,289.40317764
2021-05-15 04:00:00,49656.14,49903.89,48444.0,48520.49,419.58462449
2021-05-15 08:00:00,48489.91,49286.98,47805.83,48969.62,534.95430972
2021-05-15 12:00:00,48990.44,49642.82,48691.67,49022.78,500.30355357
2021-05-15 16:00:00,49022.91,49027.85,46894.8,48071.37,975.57970367
2021-05-15 20:00:00,48149.13,48766.37,46448.53,46708.89,894.10300934
2021-05-16 00:00:00,46753.4,48425.92,46486.02,48373.62,524.65253416
2021-05-16 04:00:00,48411.09,49484.7,48067.34,49337.72,352.74811704
2021-05-16 08:00:00,49388.67,49800.0,48678.27,49071.68,581.59414288
2021-05-16 12:00:00,49074.19,49278.19,47685.0,47770.92,454.0283368
2021-05-16 16:00:00,47741.99,48110.8,44444.0,45550.0,1667.06339479
2021-05-16 20:00:00,45546.72,46514.45,43769.4,46444.75,2169.99673789
2021-05-17 00:00:00,46446.42,46648.5,42761.74,42888.16,2112.18306857
2021-05-17 04:00:00,42907.37,45336.39,42185.0,45176.34,3431.03025334
2021-05-17 08:00:00,45186.83,45854.94,44402.05,45804.03,1379.20218671
2021-05-17 12:00:00,45819.48,45837.67,43210.0,43349.14,2132.66692232
2021-05-17 16:00:00,43349.14,44410.39,42100.0,44225.96,2099.19715628
2021-05-17 20:00:00,44235.01,44950.0,42542.0,43593.39,1108.4430938
2021-05-18 00:00:00,43581.27,45290.13,43201.0,44813.52,991.81385618
2021-05-18 04:00:00,44782.89,45872.05,44762.91,45200.12,1115.04995289
2021-05-18 08:00:00,45185.54,45701.0,44664.95,45384.45,579.79926803
2021-05-18 12:00:00,45390.17,45401.0,42666.48,43062.32,1619.99649464
2021-05-18 16:00:00,43033.49,43872.69,42023.69,43297.57,1235.96183927
2021-05-18 20:00:00,43286.18,43572.42,42300.0,42877.75,733.29246121
2021-05-19 00:00:00,42900.85,43601.63,40127.26,40621.31,3062.75197627
2021-05-19 04:00:00,40625.81,40849.99,38514.42,40378.78,6753.05280704
2021-05-19 08:00:00,40375.15,40770.0,36250.0,38680.47,3652.36750088
2021-05-19 12:00:00,38680.95,39170.09,30066.0,37434.1,10975.12925261
2021-05-19 16:00:00,37480.76,40772.72,36260.57,39407.94,5123.20552696
2021-05-19 20:00:00,39413.18,40251.2,36750.0,36780.43,2902.35690643
2021-05-20 00:00:00,36793.39,38777.24,35000.0,38404.44,2821.93419071
2021-05-20 04:00:00,38411.26,41308.45,38277.74,40019.32,2425.58936405
2021-05-20 08:00:00,40019.32,41152.95,38800.0,40560.63,2032.95136602
2021-05-20 12:00:00,40560.63,43000.0,40170.05,41549.33,3571.61059602
2021-05-20 16:00:00,41545.48,41567.2,38237.0,40214.36,2414.2774744
2021-05-20 20:00:00,40226.84,41850.0,39590.82,40640.9,1436.66742827
2021-05-21 00:00:00,40566.13,42297.89,40517.88,40759.25,1155.67001643
2021-05-21 04:00:00,40764.56,40801.0,39262.68,39883.71,1269.67166056
2021-05-21 08:00:00,39886.59,41264.91,39359.08,41217.98,1632.00589781
2021-05-21 12:00:00,41218.33,41779.36,36500.0,36860.05,3375.7309098
2021-05-21 16:00:00,36908.25,37884.93,35550.0,36094.58,2938.70955293
2021-05-21 20:00:00,36094.58,37615.62,33520.0,37335.16,2735.05256411
2021-05-22 00:00:00,37318.43,38152.87,36570.43,36972.67,852.25898
2021-05-22 04:00:00,36974.45,37243.19,35260.0,36298.78,1499.41190211
2021-05-22 08:00:00,36290.24,38800.0,36290.24,38206.82,969.63911403
2021-05-22 12:00:00,38258.81,38887.99,37144.06,38200.39,1165.78715091
2021-05-22 16:00:00,38216.38,38602.04,37264.67,37379.12,602.16305718
2021-05-22 20:00:00,37343.12,38414.74,37343.12,37500.54,630.74541743
2021-05-23 00:00:00,37474.34,38311.74,36725.98,37484.46,571.06217352
2021-05-23 04:00:00,37436.57,37446.98,35560.1,35913.52,607.47137819
2021-05-23 08:00:00,35926.04,35926.04,33821.17,35442.14,2112.85223653
2021-05-23 12:00:00,35421.36,35839.3,32652.37,33311.11,1927.29400151
2021-05-23 16:00:00,33311.11,33940.0,31107.46,33101.38,2633.95874447
2021-05-23 20:00:00,33132.6,35044.97,33132.6,34706.79,1523.65355151
2021-05-24 00:00:00,34735.35,35969.1,34735.35,35326.88,1215.7980059
2021-05-24 04:00:00,35333.66,37391.65,34426.21,36725.1,1390.3557386
2021-05-24 08:00:00,36723.35,37952.58,35946.8,37648.11,1970.90070724
2021-05-24 12:00:00,37665.17,38800.0,37350.05,37591.88,2490.09005053
2021-05-24 16:00:00,37582.91,39822.73,36900.0,39641.54,1651.85939701
2021-05-24 20:00:00,39680.99,39960.0,37997.2,38839.86,1494.17934713
2021-05-25 00:00:00,38848.36,40000.0,37835.85,38425.28,931.98220673
2021-05-25 04:00:00,38350.99,39235.77,37684.0,39048.95,685.32286992
2021-05-25 08:00:00,39050.74,39164.65,36542.0,36569.63,1223.01316022
2021-05-25 12:00:00,36590.77,38500.0,36486.85,38350.3,1483.4497583
2021-05-25 16:00:00,38340.89,38340.89,37135.24,37365.72,958.5811806
2021-05-25 20:00:00,37365.72,38746.93,37341.02,38397.72,482.99808453
2021-05-26 00:00:00,38385.87,39740.0,37859.74,39567.28,651.75015152
2021-05-26 04:00:00,39577.29,40800.0,39033.23,40544.53,739.82985027
2021-05-26 08:00:00,40514.37,40904.0,39436.0,39921.94,658.28671669
2021-05-26 12:00:00,39929.47,40346.07,38510.06,38806.3,891.99117648
2021-05-26 16:00:00,38816.18,39415.11,37945.0,38554.15,769.19706885
2021-05-26 20:00:00,38547.69,39503.6,38368.83,39309.56,494.55787134
2021-05-27 00:00:00,39299.46,39299.46,37212.9,37661.73,644.74544504
2021-05-27 04:00:00,37691.56,38496.1,37300.0,38323.95,504.56224306
2021-05-27 08:00:00,38328.47,39880.26,37900.0,39736.35,571.68216657
2021-05-27 12:00:00,39750.49,40429.47,39330.0,39721.37,1100.95361235
2021-05-27 16:00:00,39734.45,39770.66,38560.0,38828.53,805.47588964
2021-05-27 20:00:00,38822.96,39209.09,38225.83,38503.47,486.01885292
2021-05-28 00:00:00,38578.5,38905.12,37746.32,38286.17,521.39775913
2021-05-28 04:00:00,38282.9,38282.9,36435.12,37000.0,744.63273935
2021-05-28 08:00:00,37000.0,37280.0,35145.52,35399.35,1386.6170572
2021-05-28 12:00:00,35375.7,37302.22,35239.68,36774.31,1420.3528769
2021-05-28 16:00:00,36765.04,36881.25,35566.25,35802.58,1013.3426934
2021-05-28 20:00:00,35806.14,36261.9,34710.23,35692.46,1080.67746556
2021-05-29 00:00:00,35691.36,36745.64,35658.21,36485.42,576.18558034
2021-05-29 04:00:00,36467.16,37348.01,35662.75,36206.16,555.37825562
2021-05-29 08:00:00,36182.21,36363.03,34505.97,35395.25,993.50470576
2021-05-29 12:00:00,35421.74,35439.49,33850.0,34405.23,1085.30214581
2021-05-29 16:00:00,34414.06,35050.0,33650.0,34059.74,713.2744439
2021-05-29 20:00:00,34050.9,35142.43,33791.24,34632.08,533.52248863
2021-05-30 00:00:00,34644.09,34960.19,33425.0,34775.61,573.84110861
2021-05-30 04:00:00,34798.43,36260.0,34643.81,36024.39,761.31327558
2021-05-30 08:00:00,36045.04,36439.96,35569.8,36397.21,531.85814045
2021-05-30 12:00:00,36388.68,36516.99,35129.16,35495.87,375.23969406
2021-05-30 16:00:00,35503.99,36300.99,35341.29,36102.48,338.52482683
2021-05-30 20:00:00,36102.48,36342.44,35536.76,35677.72,398.94273146
2021-05-31 00:00:00,35675.3,36008.67,34265.11,34539.79,574.55934409
2021-05-31 04:00:00,34522.31,36009.14,34195.2,35835.21,665.00909638
2021-05-31 08:00:00,35864.86,37210.45,35616.49,36826.75,892.0600103
2021-05-31 12:00:00,36871.29,37283.05,36359.03,37024.09,812.16198895
2021-05-31 16:00:00,37003.99,37485.71,36542.62,36907.65,986.24950525
2021-05-31 20:00:00,36903.62,37540.96,36600.0,37341.41,453.75238885
2021-06-01 00:00:00,37279.89,37927.44,36479.96,36703.13,781.18985426
2021-06-01 04:00:00,36707.78,37439.96,36575.14,36857.37,513.97774597
2021-06-01 08:00:00,36820.0,36935.47,35900.0,36600.18,588.12213064
2021-06-01 12:00:00,36603.35,37419.0,35699.98,36236.59,1092.07423805
2021-06-01 16:00:00,36238.66,36486.54,35713.58,35964.59,955.43074014
2021-06-01 20:00:00,36002.33,36823.4,35875.48,36693.3,417.95977454
2021-06-02 00:00:00,36693.3,36900.0,35933.19,36493.54,465.55802691
2021-06-02 04:00:00,36482.38,37410.06,36482.38,37238.64,524.31203023
2021-06-02 08:00:00,37238.64,37531.86,36871.0,37179.22,1124.63688085
2021-06-02 12:00:00,37214.7,38256.3,37081.21,38034.88,1114.29893834
2021-06-02 16:00:00,38098.97,38222.86,37714.25,37895.52,510.39029044
2021-06-02 20:00:00,37841.93,37951.04,37351.8,37589.36,530.90724444
2021-06-03 00:00:00,37585.12,37891.42,37176.06,37656.29,464.15208093
2021-06-03 04:00:00,37653.17,39036.52,37620.2,38662.07,818.86546831
2021-06-03 08:00:00,38663.16,39490.0,38515.96,38784.81,824.02147345
2021-06-03 12:00:00,38794.5,39299.52,38342.6,38573.06,937.19073916
2021-06-03 16:00:00,38564.99,39008.11,38446.37,38598.24,498.06412523
2021-06-03 20:00:00,38576.41,39250.0,38539.37,39219.88,516.64904456
2021-06-04 00:00:00,39242.94,39277.36,37400.0,37960.98,938.02034074
2021-06-04 04:00:00,37947.07,37947.07,36288.0,36621.98,1242.44560705
2021-06-04 08:00:00,36588.55,37024.45,36263.16,36586.62,905.01899132
2021-06-04 12:00:00,36583.72,37157.66,35576.67,37000.0,1636.76734869
2021-06-04 16:00:00,36995.56,37288.56,36751.22,36835.04,574.30340593
2021-06-04 20:00:00,36828.09,37275.0,36511.07,36887.32,489.63039334
2021-06-05 00:00:00,36851.58,37868.59,36662.3,37403.38,565.52872902
2021-06-05 04:00:00,37451.62,37927.93,37440.0,37596.51,373.88743674
2021-06-05 08:00:00,37592.44,37870.24,35686.05,35903.17,940.31368921
2021-06-05 12:00:00,35900.0,36433.17,35275.0,36334.27,862.53253067
2021-06-05 16:00:00,36330.57,36330.57,35701.03,35764.83,516.29908286
2021-06-05 20:00:00,35764.83,36020.46,34849.65,35532.14,847.78733802
2021-06-06 00:00:00,35532.59,36273.39,35437.86,36015.7,644.36048352
2021-06-06 04:00:00,36025.2,36510.58,35754.64,36148.34,424.40098914
2021-06-06 08:00:00,36158.85,36443.11,35834.09,35889.07,258.81627199
2021-06-06 12:00:00,35893.49,36439.89,35466.96,36163.93,471.61972175
2021-06-06 16:00:00,36163.02,36330.16,35706.3,35762.58,231.64641006
2021-06-06 20:00:00,35730.9,36001.35,35250.0,35808.85,495.88974351
2021-06-07 00:00:00,35810.69,36801.0,35532.17,36397.69,559.51695208
2021-06-07 04:00:00,36418.16,36539.41,35870.0,36152.73,510.31529056
2021-06-07 08:00:00,36199.4,36621.58,35920.0,36402.95,551.961105
2021-06-07 12:00:00,36417.18,36808.3,35867.0,36042.64,1014.03697426
2021-06-07 16:00:00,36029.43,36090.08,35326.9,35649.0,750.78819709
2021-06-07 20:00:00,35631.07,35748.78,33321.09,33582.62,1526.42170603
2021-06-08 00:00:00,33567.51,34085.61,32418.3,32846.74,1604.09479208
2021-06-08 04:00:00,32849.2,33267.39,32190.6,32983.5,1124.49966711
2021-06-08 08:00:00,32981.34,33353.64,32656.88,33115.79,1262.39650477
2021-06-08 12:00:00,33115.79,33184.15,31025.0,31752.08,2679.29198791
2021-06-08 16:00:00,31723.45,33045.09,31596.08,32913.02,1316.2577348
2021-06-08 20:00:00,32911.13,33874.88,32706.35,33411.69,1058.10778331
2021-06-09 00:00:00,33413.19,33538.62,32423.72,32882.92,760.85834773
2021-06-09 04:00:00,32896.09,34544.51,32570.83,34178.39,1415.03758065
2021-06-09 08:00:00,34183.84,35073.41,33837.75,35008.32,1075.16366121
2021-06-09 12:00:00,35016.3,36746.16,34571.1,36367.91,2265.49172973
2021-06-09 16:00:00,36376.98,37000.0,35674.59,36291.76,1897.02013326
2021-06-09 20:00:00,36291.76,37556.25,36159.71,37400.0,1126.01588962
2021-06-10 00:00:00,37414.64,37682.0,36779.5,36983.77,582.67848663
2021-06-10 04:00:00,36966.13,37248.14,36547.87,36994.71,594.4425149
2021-06-10 08:00:00,36967.62,38446.24,36254.0,37838.13,1640.71937424
2021-06-10 12:00:00,37850.2,38201.0,36662.3,36923.55,1339.55103294
2021-06-10 16:00:00,36926.3,37151.83,36113.25,36706.18,991.10913661
2021-06-10 20:00:00,36706.18,37108.28,35824.69,36707.54,613.22434208
2021-06-11 00:00:00,36724.97,37285.85,35958.49,36784.65,609.21630574
2021-06-11 04:00:00,36810.46,37435.62,36417.9,37156.77,567.0448345
2021-06-11 08:00:00,37138.41,37680.65,36933.29,37398.31,923.41409865
2021-06-11 12:00:00,37398.31,37588.0,36743.05,36830.98,661.64141632
2021-06-11 16:00:00,36808.47,37393.12,36525.06,37268.86,532.52146289
2021-06-11 20:00:00,37261.88,37500.0,36773.21,37341.11,447.39239749
2021-06-12 00:00:00,37338.91,37445.55,35301.0,35612.24,824.67574948
2021-06-12 04:00:00,35595.47,35720.0,35013.0,35348.34,797.17262921
2021-06-12 08:00:00,35290.35,35900.64,34630.0,35617.4,850.25069532
2021-06-12 12:00:00,35645.35,36258.0,35363.56,35441.64,632.11704606
2021-06-12 16:00:00,35414.35,36019.04,35324.3,35745.71,321.02683638
2021-06-12 20:00:00,35788.18,36141.67,35419.54,35542.76,302.70939705
2021-06-13 00:00:00,35563.66,35923.58,34840.0,34880.0,420.8733453
2021-06-13 04:00:00,34861.87,35494.17,34783.9,35283.82,420.89471726
2021-06-13 08:00:00,35295.02,36137.06,35175.12,35902.76,391.21816936
2021-06-13 12:00:00,35899.53,36156.44,35685.4,36051.0,301.81839318
2021-06-13 16:00:00,36049.69,37761.99,36006.69,37695.47,892.18854127
2021-06-13 20:00:00,37700.0,39386.43,37663.15,39013.76,1174.92450005
2021-06-14 00:00:00,39035.52,39838.92,38758.4,38993.96,681.4735986
2021-06-14 04:00:00,39001.46,39750.0,38809.92,39582.76,765.42123327
2021-06-14 08:00:00,39565.27,39667.0,38895.95,39181.05,1002.51878303
2021-06-14 12:00:00,39157.04,41050.0,39057.86,40687.23,1915.56855841
2021-06-14 16:00:00,40714.96,40755.88,39312.93,39696.86,1375.44279499
2021-06-14 20:00:00,39696.86,40603.58,39626.98,40532.79,540.85562869
2021-06-15 00:00:00,40544.19,40876.43,39874.12,40430.88,381.65715617
2021-06-15 04:00:00,40456.7,40613.39,40082.7,40390.37,393.28579601
2021-06-15 08:00:00,40400.0,40448.43,39573.05,39860.85,914.63202357
2021-06-15 12:00:00,39855.52,40450.94,39724.58,40061.79,834.30393873
2021-06-15 16:00:00,40061.08,41341.57,39772.38,39980.88,1076.79738542
2021-06-15 20:00:00,39966.88,40373.52,39526.47,40171.47,478.1256745
2021-06-16 00:00:00,40166.93,40188.98,39618.29,40028.29,268.28207637
2021-06-16 04:00:00,40023.6,40506.59,39870.96,40131.91,630.79232432
2021-06-16 08:00:00,40125.17,40274.56,38905.23,39094.97,749.3062873
2021-06-16 12:00:00,39083.62,39533.09,38558.6,38769.42,839.94128045
2021-06-16 16:00:00,38769.22,39715.64,38333.0,38687.88,1084.65981156
2021-06-16 20:00:00,38679.31,38928.79,38095.41,38353.99,435.53118381
2021-06-17 00:00:00,38361.38,38974.68,38227.03,38858.13,231.50595613
2021-06-17 04:00:00,38888.02,39449.08,38664.38,39205.0,410.55867195
2021-06-17 08:00:00,39258.11,39553.05,39077.88,39170.64,396.17358355
2021-06-17 12:00:00,39165.21,39208.14,38400.0,39027.17,597.95306757
2021-06-17 16:00:00,39027.22,39105.57,37521.77,37700.0,1302.12868934
2021-06-17 20:00:00,37682.9,38207.3,37350.0,38097.68,630.93264786
2021-06-18 00:00:00,38110.25,38208.68,37224.0,37952.35,528.18542174
2021-06-18 04:00:00,37931.03,38139.4,37317.7,37705.12,526.57125398
2021-06-18 08:00:00,37705.12,38021.94,37069.45,37835.81,635.79755573
2021-06-18 12:00:00,37835.81,37959.81,36328.4,36382.16,966.69405785
2021-06-18 16:00:00,36348.78,36751.7,35143.68,35335.67,900.56132633
2021-06-18 20:00:00,35313.83,35935.49,35239.68,35840.0,682.59525158
2021-06-19 00:00:00,35849.18,36324.6,34718.21,35132.5,717.53356485
2021-06-19 04:00:00,35155.26,35878.84,34970.99,35794.87,393.21095712
2021-06-19 08:00:00,35809.16,36064.26,35568.85,35923.77,552.68594565
2021-06-19 12:00:00,35958.96,36440.0,35533.18,36122.01,561.23302243
2021-06-19 16:00:00,36175.64,36225.25,35353.38,35944.15,402.29368937
2021-06-19 20:00:00,35941.85,36217.86,35381.55,35507.06,502.37754305
2021-06-20 00:00:00,35494.7,35817.58,35123.57,35524.75,380.46599926
2021-06-20 04:00:00,35500.01,35922.4,35355.41,35619.69,393.14638716
2021-06-20 08:00:00,35643.22,35673.93,33745.33,33873.53,1031.72354266
2021-06-20 12:00:00,33890.25,34667.14,33337.0,34416.81,830.75460376
2021-06-20 16:00:00,34400.87,35666.0,34286.85,35512.07,730.57276799
2021-06-20 20:00:00,35512.11,36125.0,35373.2,35589.77,591.45481909
2021-06-21 00:00:00,35598.66,35763.8,34600.0,34659.58,370.63275822
2021-06-21 04:00:00,34634.95,34715.83,32288.0,33054.63,1717.85706146
2021-06-21 08:00:00,33003.9,33600.0,31700.0,32526.71,2536.63687527
2021-06-21 12:00:00,32557.05,33220.02,31930.7,32703.0,1763.38303827
2021-06-21 16:00:00,32702.94,32998.69,32051.96,32592.83,1104.89107368
2021-06-21 20:00:00,32583.38,32801.0,31238.69,31634.16,1086.66141353
2021-06-22 00:00:00,31628.83,33240.0,31163.63,33042.16,912.98143056
2021-06-22 04:00:00,33042.17,33104.91,32479.91,32596.96,443.39213658
2021-06-22 08:00:00,32650.67,32651.35,31111.0,31182.19,1557.21522116
2021-06-22 12:00:00,31229.34,31975.0,28600.0,31716.26,4588.83236208
2021-06-22 16:00:00,31718.37,33315.85,31643.46,32409.31,1664.21743725
2021-06-22 20:00:00,32414.67,32988.89,32142.85,32545.26,611.87835785
2021-06-23 00:00:00,32547.57,34437.61,31670.89,34015.97,1080.34236208
2021-06-23 04:00:00,34035.14,34404.49,33615.83,34001.24,750.36693129
2021-06-23 08:00:00,34008.49,34526.69,33691.1,33943.06,851.13523385
2021-06-23 12:00:00,33935.05,35000.0,33421.95,33489.3,1503.36265251
2021-06-23 16:00:00,33489.3,33949.0,32874.82,32898.7,722.26947679
2021-06-23 20:00:00,32897.81,33769.0,32736.28,33652.28,948.10463747
2021-06-24 00:00:00,33693.99,33845.47,32318.2,32601.63,924.93881931
2021-06-24 04:00:00,32554.89,33239.77,32314.37,32841.02,599.79896889
2021-06-24 08:00:00,32857.11,33907.07,32810.43,33859.1,811.15840444
2021-06-24 12:00:00,33872.87,34600.0,33750.61,33901.93,1034.89111421
2021-06-24 16:00:00,33954.46,35289.0,33767.92,34858.8,1052.53243176
2021-06-24 20:00:00,34865.22,34997.26,34491.3,34649.32,302.50744591
2021-06-25 00:00:00,34652.68,35517.22,34212.5,35094.57,574.37963178
2021-06-25 04:00:00,35050.0,35089.0,33970.0,34304.52,666.56986841
2021-06-25 08:00:00,34304.52,34477.08,33227.32,33274.02,793.9997187
2021-06-25 12:00:00,33291.0,33559.66,32346.4,32607.12,1168.22499361
2021-06-25 16:00:00,32581.2,32895.5,31500.0,32261.63,997.156294
2021-06-25 20:00:00,32216.72,32384.68,31271.02,31597.75,898.93302701
2021-06-26 00:00:00,31595.95,32263.39,31275.64,32005.3,382.75088933
2021-06-26 04:00:00,32044.4,32714.46,30641.1,30726.85,735.38792177
2021-06-26 08:00:00,30718.39,31897.3,30082.79,31786.27,904.11656407
2021-06-26 12:00:00,31786.27,31970.74,30520.0,31558.37,525.14243133
2021-06-26 16:00:00,31549.04,31909.0,30757.77,31594.35,347.91527299
2021-06-26 20:00:00,31591.13,32285.73,30927.9,32269.38,404.84697827
2021-06-27 00:00:00,32293.98,33218.65,32015.82,33148.89,532.04680809
2021-06-27 04:00:00,33171.79,33499.99,32819.71,33300.0,464.3940086
2021-06-27 08:00:00,33312.05,33482.8,32363.93,33236.39,657.28146609
2021-06-27 12:00:00,33308.3,33585.88,32732.37,33232.31,371.2118059
2021-06-27 16:00:00,33232.31,33395.09,32572.5,32827.86,393.78587402
2021-06-27 20:00:00,32808.72,34772.94,32425.77,34699.5,841.84538182
2021-06-28 00:00:00,34716.02,34992.74,34270.0,34410.31,365.55136231
2021-06-28 04:00:00,34409.83,35357.13,34281.88,35051.3,543.31401384
2021-06-28 08:00:00,35068.5,35176.1,33917.07,34121.04,645.81264549
2021-06-28 12:00:00,34106.17,34983.98,33878.23,34983.98,664.75911761
2021-06-28 16:00:00,34985.0,35034.26,33953.6,34459.15,743.47416995
2021-06-28 20:00:00,34463.82,34831.62,34116.43,34487.11,407.08240766
2021-06-29 00:00:00,34494.42,35182.99,34240.0,34588.39,436.99728556
2021-06-29 04:00:00,34587.67,35470.0,34566.21,34872.22,439.10888124
2021-06-29 08:00:00,34871.77,35784.65,34750.0,35600.95,631.8618862
2021-06-29 12:00:00,35551.32,36480.88,35366.69,36264.95,763.78635215
2021-06-29 16:00:00,36263.2,36623.79,36067.22,36418.26,492.31626395
2021-06-29 20:00:00,36413.16,36503.59,35740.0,35907.93,415.43717078
2021-06-30 00:00:00,35900.05,36099.82,34936.0,35105.95,477.54141039
2021-06-30 04:00:00,35095.46,35289.0,34600.0,35268.6,414.6125038
2021-06-30 08:00:00,35249.97,35339.92,34422.93,34870.49,513.02478107
2021-06-30 12:00:00,34844.74,35032.21,34063.39,34216.46,809.64162043
2021-06-30 16:00:00,34192.91,34898.52,34049.36,34780.49,427.63322082
2021-06-30 20:00:00,34786.46,35212.12,34440.69,35037.23,738.59185879
2021-07-01 00:00:00,35059.71,35071.34,34130.0,34130.0,347.56314299
2021-07-01 04:00:00,34116.87,34471.38,33333.19,33340.73,594.67431357
2021-07-01 08:00:00,33342.84,33739.0,32990.28,33739.0,994.38523602
2021-07-01 12:00:00,33716.59,33870.73,33047.4,33456.64,547.74684062
2021-07-01 16:00:00,33434.87,33668.84,32700.88,33119.94,377.31616621
2021-07-01 20:00:00,33139.0,33669.19,33139.0,33564.21,257.07755961
2021-07-02 00:00:00,33537.11,33981.51,32777.77,32912.31,285.49513853
2021-07-02 04:00:00,32912.31,33497.0,32700.05,33377.71,341.31003693
2021-07-02 08:00:00,33383.6,33602.78,32760.76,33028.8,355.6271609
2021-07-02 12:00:00,33000.0,33738.36,32872.41,33689.79,508.0839056
2021-07-02 16:00:00,33710.16,33801.0,33112.25,33358.58,359.77134713
2021-07-02 20:00:00,33332.53,33925.78,33048.89,33811.56,236.55122716
2021-07-03 00:00:00,33810.46,33922.66,33333.1,33527.82,146.49050019
2021-07-03 04:00:00,33532.09,34689.44,33461.02,34512.05,241.10409369
2021-07-03 08:00:00,34517.07,34770.45,34414.39,34606.29,282.50072446
2021-07-03 12:00:00,34614.94,34815.12,34495.15,34631.63,245.83861834
2021-07-03 16:00:00,34634.63,34959.72,34480.3,34759.19,108.05689691
2021-07-03 20:00:00,34753.97,34910.0,34242.3,34688.3,220.50609032
2021-07-04 00:00:00,34672.08,34797.15,34404.29,34659.85,98.96766766
2021-07-04 04:00:00,34653.14,35702.85,34653.14,35592.21,259.59399148
2021-07-04 08:00:00,35608.43,35693.84,35380.0,35541.03,246.39504015
2021-07-04 12:00:00,35516.3,35578.53,35248.08,35513.31,136.97318552
2021-07-04 16:00:00,35513.36,35689.91,35399.0,35572.8,164.23164679
2021-07-04 20:00:00,35565.98,35960.0,35224.5,35289.21,297.84218368
2021-07-05 00:00:00,35255.0,35258.7,34222.0,34363.38,366.47588224
2021-07-05 04:00:00,34363.72,34409.98,34044.19,34271.7,325.82108124
2021-07-05 08:00:00,34269.56,34554.76,33320.0,33386.32,416.44634294
2021-07-05 12:00:00,33393.01,33772.86,33320.0,33600.0,321.49045248
2021-07-05 16:00:00,33607.61,34279.67,33143.0,34136.51,397.67882841
2021-07-05 20:00:00,34149.71,34222.08,33701.0,33704.21,426.44082187
2021-07-06 00:00:00,33730.76,34186.26,33655.01,33928.42,209.99308547
2021-07-06 04:00:00,33931.62,34973.41,33931.62,34883.56,666.07463954
2021-07-06 08:00:00,34905.97,35100.49,33743.73,34085.43,431.59128118
2021-07-06 12:00:00,34069.58,34524.21,33850.82,34058.5,433.63586504
2021-07-06 16:00:00,34064.31,34192.19,33510.58,34028.97,420.23172462
2021-07-06 20:00:00,34037.47,34331.24,33639.7,34244.09,224.97852126
2021-07-07 00:00:00,34231.95,34551.63,33979.09,34466.53,236.01029303
2021-07-07 04:00:00,34508.66,34936.13,34387.3,34742.03,320.09727775
2021-07-07 08:00:00,34747.83,35020.4,34492.87,34850.98,221.67175956
2021-07-07 12:00:00,34853.71,35059.02,34476.27,34534.51,291.07045022
2021-07-07 16:00:00,34533.21,34808.74,34429.76,34648.94,200.98505072
2021-07-07 20:00:00,34619.31,34642.13,33800.0,33882.47,270.20761696
2021-07-08 00:00:00,33858.33,33943.02,33056.98,33330.06,513.13586886
2021-07-08 04:00:00,33298.5,33501.0,32261.61,32497.28,680.67788561
2021-07-08 08:00:00,32487.63,32748.4,32101.0,32708.71,696.96833802
2021-07-08 12:00:00,32687.33,33000.0,32352.18,32916.93,445.13178964
2021-07-08 16:00:00,32918.13,33189.0,32664.69,32999.01,368.92255002
2021-07-08 20:00:00,33031.89,33071.38,32512.98,32898.79,241.0184928
2021-07-09 00:00:00,32892.94,33109.15,32285.73,32951.46,263.20782392
2021-07-09 04:00:00,32962.12,33319.32,32745.97,32903.22,371.01448212
2021-07-09 08:00:00,32908.11,33054.24,32620.0,32770.31,235.17925966
2021-07-09 12:00:00,32774.89,33687.93,32648.22,33557.85,333.53806764
2021-07-09 16:00:00,33562.6,33695.02,33286.45,33452.31,219.62116336
2021-07-09 20:00:00,33449.51,34115.44,33381.12,33826.43,214.01427371
2021-07-10 00:00:00,33830.73,34261.04,33650.57,33789.54,221.07171364
2021-07-10 04:00:00,33804.01,33927.88,33436.38,33781.94,178.47544769
2021-07-10 08:00:00,33779.92,33939.0,33566.88,33807.28,270.85018616
2021-07-10 12:00:00,33801.86,33956.64,33655.0,33884.02,246.83717254
2021-07-10 16:00:00,33874.94,34200.0,33254.32,33418.82,268.54806384
2021-07-10 20:00:00,33426.36,33710.04,33014.21,33517.6,256.642248
2021-07-11 00:00:00,33521.48,33820.97,33397.2,33459.09,206.86419913
2021-07-11 04:00:00,33496.45,33656.23,33335.49,33506.67,125.92497644
2021-07-11 08:00:00,33534.51,33886.46,33429.93,33824.53,301.68848648
2021-07-11 12:00:00,33828.54,34019.13,33653.79,33964.69,352.59177282
2021-07-11 16:00:00,33966.57,34104.06,33774.83,33902.61,253.66469805
2021-07-11 20:00:00,33890.48,34635.82,33750.0,34258.53,394.28352582
2021-07-12 00:00:00,34266.84,34552.81,34047.67,34447.42,335.73128929
2021-07-12 04:00:00,34458.71,34677.0,34150.04,34292.35,212.93064352
2021-07-12 08:00:00,34288.75,34486.88,33531.33,33560.21,286.91391214
2021-07-12 12:00:00,33545.94,33644.12,33330.0,33351.97,364.51823576
2021-07-12 16:00:00,33329.84,33428.35,32721.03,32832.24,380.33185973
2021-07-12 20:00:00,32793.03,33289.0,32660.0,33105.0,299.11139427
2021-07-13 00:00:00,33091.53,33235.25,32834.8,33090.12,315.41410668
2021-07-13 04:00:00,33088.89,33324.0,32750.0,33184.03,246.22011217
2021-07-13 08:00:00,33214.35,33340.0,32933.76,33050.0,276.47372191
2021-07-13 12:00:00,33056.91,33056.91,32248.88,32797.91,548.92295926
2021-07-13 16:00:00,32802.28,32937.37,32231.63,32297.88,301.12375206
2021-07-13 20:00:00,32286.64,32747.06,32190.0,32728.0,182.41938095
2021-07-14 00:00:00,32737.56,32801.0,31663.82,31834.13,625.86393694
2021-07-14 04:00:00,31812.93,32025.5,31670.14,31934.47,325.45396104
2021-07-14 08:00:00,31934.08,32696.02,31589.35,32462.78,536.73688189
2021-07-14 12:00:00,32471.45,32980.61,32300.92,32791.46,618.9331766
2021-07-14 16:00:00,32781.44,33111.72,32553.03,32739.16,450.97728731
2021-07-14 20:00:00,32738.65,33050.64,32705.0,32823.55,195.13281713
2021-07-15 00:00:00,32818.68,33179.0,32636.33,32636.33,237.90584761
2021-07-15 04:00:00,32647.89,32691.15,32358.16,32463.49,254.80647024
2021-07-15 08:00:00,32463.33,32616.84,31789.5,31882.71,378.04424342
2021-07-15 12:00:00,31863.22,32149.62,31400.0,31686.0,790.23777806
2021-07-15 16:00:00,31667.5,31769.0,31121.57,31539.48,566.63395753
2021-07-15 20:00:00,31533.98,31895.45,31521.68,31848.65,242.58473939
2021-07-16 00:00:00,31885.7,32051.93,31566.24,31933.89,233.13527611
2021-07-16 04:00:00,31927.06,32031.28,31539.86,31778.24,211.85753629
2021-07-16 08:00:00,31804.15,31804.15,31012.93,31088.15,409.59406157
2021-07-16 12:00:00,31079.04,32205.24,31079.04,32136.09,469.470544
2021-07-16 16:00:00,32146.33,32264.53,31812.17,31938.31,398.03105444
2021-07-16 20:00:00,31900.0,31977.75,31352.2,31388.17,190.38019484
2021-07-17 00:00:00,31376.3,31640.65,31176.66,31321.53,213.820191
2021-07-17 04:00:00,31298.24,31599.73,31196.86,31522.79,134.31423759
2021-07-17 08:00:00,31514.31,31950.0,31257.04,31400.06,202.87411379
2021-07-17 12:00:00,31393.79,31779.24,31341.81,31770.94,382.69716354
2021-07-17 16:00:00,31770.94,31922.9,31548.12,31856.73,367.23296777
2021-07-17 20:00:00,31869.45,31900.88,31497.48,31529.68,249.1333369
2021-07-18 00:00:00,31509.33,32440.98,31480.0,32169.54,314.46496803
2021-07-18 04:00:00,32186.39,32201.25,31684.7,31724.37,209.12733073
2021-07-18 08:00:00,31724.37,31851.7,31587.0,31803.62,160.15966017
2021-07-18 12:00:00,31803.62,31859.0,31100.0,31381.57,273.69482362
2021-07-18 16:00:00,31389.11,31759.0,31337.1,31654.11,129.70867248
2021-07-18 20:00:00,31625.42,31936.25,31445.03,31776.65,169.39060572
2021-07-19 00:00:00,31794.49,31850.0,31429.73,31544.46,167.88060761
2021-07-19 04:00:00,31561.77,31881.71,31532.79,31614.77,329.02637339
2021-07-19 08:00:00,31586.06,31679.19,31111.15,31274.73,611.79610165
2021-07-19 12:00:00,31240.0,31362.27,30400.0,30676.4,965.41047264
2021-07-19 16:00:00,30671.83,30844.87,30548.71,30728.85,215.87077788
2021-07-19 20:00:00,30748.31,30989.11,30687.92,30829.29,216.29310767
2021-07-20 00:00:00,30822.08,31068.62,29500.0,29602.04,894.00636822
2021-07-20 04:00:00,29591.77,29920.0,29500.0,29832.72,537.24383377
2021-07-20 08:00:00,29832.72,29891.1,29300.0,29697.33,649.42300771
2021-07-20 12:00:00,29697.33,30000.0,29296.39,29895.58,572.65177864
2021-07-20 16:00:00,29914.64,29999.99,29614.88,29790.12,321.91866699
2021-07-20 20:00:00,29790.12,30000.0,29483.23,29786.58,437.99840921
2021-07-21 00:00:00,29792.99,29924.08,29500.0,29839.1,349.60966802
2021-07-21 04:00:00,29855.53,30949.66,29837.06,30825.31,679.76719585
2021-07-21 08:00:00,30845.41,31662.71,30736.17,31559.02,1266.36711419
2021-07-21 12:00:00,31555.06,31979.32,31434.08,31933.11,1166.13980444
2021-07-21 16:00:00,31954.94,32875.42,31505.2,31649.06,977.35589002
2021-07-21 20:00:00,31634.86,32249.0,31506.1,32138.45,402.92432471
2021-07-22 00:00:00,32115.82,32388.72,31794.92,31941.18,254.28286128
2021-07-22 04:00:00,31924.89,32333.95,31870.0,32144.3,743.4109221
2021-07-22 08:00:00,32125.2,32268.47,31703.15,31928.11,340.92482236
2021-07-22 12:00:00,31911.22,32584.31,31724.37,32527.92,435.92366267
2021-07-22 16:00:00,32504.67,32609.83,32232.53,32395.05,361.60489555
2021-07-22 20:00:00,32387.9,32489.0,32056.19,32300.88,256.32231738
2021-07-23 00:00:00,32306.98,32800.0,32213.63,32600.0,407.03387506
2021-07-23 04:00:00,32594.76,32930.0,32356.38,32495.54,249.64263402
2021-07-23 08:00:00,32500.0,32543.22,32222.82,32316.38,391.50662669
2021-07-23 12:00:00,32300.0,32608.0,32243.67,32325.38,263.6224043
2021-07-23 16:00:00,32327.5,32347.79,32000.0,32273.14,218.76048053
2021-07-23 20:00:00,32267.75,33684.17,32222.37,33684.17,445.81819715
2021-07-24 00:00:00,33685.0,33821.45,33419.31,33699.43,333.10359943
2021-07-24 04:00:00,33708.04,33960.0,33600.06,33840.95,242.33262464
2021-07-24 08:00:00,33831.67,34067.5,33565.57,33895.06,251.22029756
2021-07-24 12:00:00,33878.18,34072.8,33762.58,33905.04,129.85505755
2021-07-24 16:00:00,33892.51,34534.32,33740.34,33883.88,299.08839013
2021-07-24 20:00:00,33850.0,34312.04,33679.12,34301.78,184.86630933
2021-07-25 00:00:00,34301.86,34474.39,33874.03,34198.61,108.61025781
2021-07-25 04:00:00,34178.64,34817.4,34100.0,34717.39,178.84065741
2021-07-25 08:00:00,34738.79,34854.88,34301.0,34407.82,208.52486678
2021-07-25 12:00:00,34408.72,34445.59,33875.61,34213.73,380.31008549
2021-07-25 16:00:00,34219.36,34667.36,34118.65,34379.0,629.48585441
2021-07-25 20:00:00,34379.0,35448.97,34326.99,35428.28,557.72252837
2021-07-26 00:00:00,35438.93,39850.0,35282.7,38341.02,1730.23676232
2021-07-26 04:00:00,38287.14,39300.0,37800.0,38155.93,990.07389164
2021-07-26 08:00:00,38194.75,38798.7,37732.87,38484.95,1023.95192745
2021-07-26 12:00:00,38514.09,38929.66,37903.56,38648.45,1027.02655804
2021-07-26 16:00:00,38550.0,40581.3,38526.71,39362.65,1719.6968329
2021-07-26 20:00:00,39318.83,39489.25,36775.98,37291.24,2349.41277813
2021-07-27 00:00:00,37271.44,37541.43,36386.19,36859.08,992.54246902
2021-07-27 04:00:00,36852.92,37375.25,36710.67,37155.86,1115.68326084
2021-07-27 08:00:00,37148.56,38105.0,37025.86,38091.21,1359.39151111
2021-07-27 12:00:00,38100.19,38779.29,37740.5,38220.72,1173.81114411
2021-07-27 16:00:00,38212.55,38312.91,37363.69,37828.87,777.09337476
2021-07-27 20:00:00,37816.22,39539.5,37816.22,39475.41,478.14539604
2021-07-28 00:00:00,39446.94,40393.98,38895.81,39855.68,710.54474539
2021-07-28 04:00:00,39822.17,40235.17,39256.53,39921.18,551.79544837
2021-07-28 08:00:00,39898.21,40927.53,39400.0,40799.95,622.15811237
2021-07-28 12:00:00,40786.1,40900.0,39351.04,39694.55,1035.24362109
2021-07-28 16:00:00,39731.73,40691.48,38786.8,40410.91,687.2067527
2021-07-28 20:00:00,40373.57,40376.01,39610.0,40036.32,336.52932386
2021-07-29 00:00:00,40024.8,40300.0,39239.95,39611.54,212.28912153
2021-07-29 04:00:00,39633.85,40276.59,39519.81,39926.89,358.02400759
2021-07-29 08:00:00,39921.42,40662.8,39550.0,39802.18,519.44196638
2021-07-29 12:00:00,39798.36,40180.13,39483.82,39952.92,477.50672241
2021-07-29 16:00:00,39960.08,40163.25,39363.47,39699.25,317.48144726
2021-07-29 20:00:00,39677.03,40412.69,39524.46,40037.51,421.29512054
2021-07-30 00:00:00,40045.21,40255.55,39754.3,40002.21,229.82229255
2021-07-30 04:00:00,39981.7,40042.01,39568.7,39717.47,336.74113472
2021-07-30 08:00:00,39745.98,39783.72,38331.37,38670.4,748.9466178
2021-07-30 12:00:00,38655.9,39171.85,38595.72,39091.59,672.51221306
2021-07-30 16:00:00,39074.32,39901.0,38892.27,39901.0,314.82457824
2021-07-30 20:00:00,39909.99,42335.5,39739.0,42234.89,1348.86895386
2021-07-31 00:00:00,42236.72,42411.32,41659.71,41834.05,381.89579752
2021-07-31 04:00:00,41849.53,41896.7,41180.23,41567.79,194.5937503
2021-07-31 08:00:00,41563.41,41991.35,41362.18,41614.99,255.11987232
2021-07-31 12:00:00,41594.1,41732.06,41123.96,41582.93,233.74530037
2021-07-31 16:00:00,41560.0,41637.86,41007.51,41335.16,153.95440141
2021-07-31 20:00:00,41317.48,42016.96,41172.28,41490.13,288.55909884
2021-08-01 00:00:00,41489.16,42614.85,41170.0,42478.0,274.76672163
2021-08-01 04:00:00,42462.26,42462.26,41604.18,41716.6,207.34545504
2021-08-01 08:00:00,41724.07,41984.27,41222.75,41613.4,289.47741352
2021-08-01 12:00:00,41577.52,41823.81,41182.79,41322.05,163.93907743
2021-08-01 16:00:00,41299.79,41520.79,40621.0,41260.0,312.21435494
2021-08-01 20:00:00,41279.64,41524.91,39424.27,39839.0,794.2740454
2021-08-02 00:00:00,39875.2,40106.25,39217.2,39800.0,423.70001092
2021-08-02 04:00:00,39792.1,40459.31,39608.97,40127.83,360.01036891
2021-08-02 08:00:00,40116.84,40178.92,39303.21,39554.42,429.32292073
2021-08-02 12:00:00,39561.44,39834.89,38920.08,39717.45,504.52306141
2021-08-02 16:00:00,39706.6,39982.78,39042.4,39189.39,254.07203192
2021-08-02 20:00:00,39169.71,39548.08,38687.62,39165.55,436.3368761
2021-08-03 00:00:00,39157.52,39792.83,38500.29,38641.56,317.36023633
2021-08-03 04:00:00,38618.37,38821.31,37966.0,38606.22,455.40843369
2021-08-03 08:00:00,38611.49,38828.99,38332.61,38495.99,278.09669332
2021-08-03 12:00:00,38501.53,38699.95,37700.0,38151.41,717.77502132
2021-08-03 16:00:00,38160.65,38526.14,37639.0,37984.63,812.28466264
2021-08-03 20:00:00,38005.47,38632.99,37861.03,38177.07,698.71989008
2021-08-04 00:00:00,38173.75,38557.8,37870.88,37945.95,553.35875567
2021-08-04 04:00:00,37949.85,38197.48,37643.94,37802.03,808.98296551
2021-08-04 08:00:00,37812.66,38255.92,37481.0,38147.06,1115.46146989
2021-08-04 12:00:00,38170.17,39483.15,38134.58,39307.38,864.32211558
2021-08-04 16:00:00,39303.27,39863.0,39242.43,39751.38,428.80083758
2021-08-04 20:00:00,39797.62,39973.94,39546.92,39741.12,309.9092145
2021-08-05 00:00:00,39742.77,39857.94,39148.94,39440.16,326.68387238
2021-08-05 04:00:00,39437.63,39530.84,38705.84,38864.34,230.1838695
2021-08-05 08:00:00,38854.59,38953.71,37825.8,38017.87,601.967627
2021-08-05 12:00:00,37977.32,39397.49,37300.0,38787.62,1151.34953242
2021-08-05 16:00:00,38781.0,41401.96,38766.66,40695.28,2941.5463773
2021-08-05 20:00:00,40756.27,41319.8,40700.0,40894.67,552.67579
2021-08-06 00:00:00,40893.77,41058.0,39921.83,40243.08,467.49832979
2021-08-06 04:00:00,40229.39,41211.83,39879.47,40742.54,435.93303499
2021-08-06 08:00:00,40742.54,41134.07,40407.0,40516.78,334.3817841
2021-08-06 12:00:00,40513.18,42445.0,40327.71,42193.65,528.90761705
2021-08-06 16:00:00,42240.0,43381.0,42240.0,42913.5,913.53737041
2021-08-06 20:00:00,42935.59,42998.94,42426.68,42856.59,257.1267031
2021-08-07 00:00:00,42857.09,43797.81,42604.17,43724.76,428.34769187
2021-08-07 04:00:00,43754.84,43960.0,43067.45,43248.92,397.16829403
2021-08-07 08:00:00,43240.5,44032.0,43141.6,43856.39,793.70905993
2021-08-07 12:00:00,43856.39,44646.39,43145.0,43423.61,991.33028428
2021-08-07 16:00:00,43424.08,44102.41,42251.0,44015.1,1233.19298821
2021-08-07 20:00:00,43968.11,44763.14,43516.82,44612.94,1043.19006266
2021-08-08 00:00:00,44624.4,44840.65,43825.51,44379.87,825.96656632
2021-08-08 04:00:00,44394.68,45355.0,44211.38,44851.07,943.12631063
2021-08-08 08:00:00,44835.1,45080.0,44137.77,44507.91,423.75070699
2021-08-08 12:00:00,44471.12,45235.24,43763.0,44008.35,706.0430908
2021-08-08 16:00:00,44041.8,44417.42,43298.84,43743.7,379.17102604
2021-08-08 20:00:00,43746.45,44654.76,43569.39,43858.42,369.07292902
2021-08-09 00:00:00,43836.05,44061.8,42811.26,43530.05,651.95075304
2021-08-09 04:00:00,43530.6,43871.77,43298.05,43831.32,192.31413465
2021-08-09 08:00:00,43850.0,46082.9,43640.11,45990.04,1070.68596096
2021-08-09 12:00:00,46006.29,46293.72,45250.92,45903.7,991.13241693
2021-08-09 16:00:00,45920.87,46529.02,45715.48,46021.26,652.83495745
2021-08-09 20:00:00,45995.58,46449.99,44888.0,46292.89,1402.67005803
2021-08-10 00:00:00,46282.3,46759.0,45660.0,45713.23,490.7897984
2021-08-10 04:00:00,45713.23,46024.0,45325.0,45976.29,364.04053963
2021-08-10 08:00:00,45946.71,46177.14,45193.72,45396.86,425.58681376
2021-08-10 12:00:00,45382.9,46142.88,44900.0,45150.16,468.81378169
2021-08-10 16:00:00,45196.39,45597.36,44643.0,45529.93,324.86566688
2021-08-10 20:00:00,45529.93,45954.69,45250.0,45609.7,315.99190796
2021-08-11 00:00:00,45596.21,46000.0,45353.02,45593.02,225.34624324
2021-08-11 04:00:00,45589.84,46463.04,45500.0,46362.91,296.42340784
2021-08-11 08:00:00,46408.62,46608.88,45855.0,45959.9,554.48426647
2021-08-11 12:00:00,45953.98,46787.6,45850.0,46488.1,787.39672468
2021-08-11 16:00:00,46490.36,46613.13,46230.98,46475.2,311.24428408
2021-08-11 20:00:00,46471.59,46695.34,45539.85,45539.85,431.23144044
2021-08-12 00:00:00,45536.8,46236.7,45425.0,45952.95,276.05351784
2021-08-12 04:00:00,45942.07,46066.68,44835.65,45278.05,677.67489286
2021-08-12 08:00:00,45284.97,45676.64,44666.0,44705.17,398.65373528
2021-08-12 12:00:00,44755.65,44966.5,43903.55,44195.79,481.6435055
2021-08-12 16:00:00,44222.76,44567.83,43800.02,44411.82,315.17039524
2021-08-12 20:00:00,44407.42,44576.6,43874.82,44444.45,314.3102372
2021-08-13 00:00:00,44413.35,45403.58,44253.97,45188.65,267.3584457
2021-08-13 04:00:00,45197.88,46367.09,44937.4,46139.6,465.4302651
2021-08-13 08:00:00,46146.94,46596.04,45990.84,46178.57,555.79966277
2021-08-13 12:00:00,46180.88,46727.79,46156.67,46385.0,480.71137702
2021-08-13 16:00:00,46384.39,46660.56,46246.0,46467.6,188.80559658
2021-08-13 20:00:00,46467.5,47929.18,46434.79,47860.58,976.63668355
2021-08-14 00:00:00,47855.0,47864.89,47428.17,47585.89,124.34527503
2021-08-14 04:00:00,47556.17,47763.88,47456.61,47663.03,112.64295273
2021-08-14 08:00:00,47661.99,48190.0,46000.0,46580.1,755.5371314
2021-08-14 12:00:00,46580.01,46999.92,46143.49,46985.19,384.56267045
2021-08-14 16:00:00,46993.06,47499.99,46626.54,47098.49,300.89696326
2021-08-14 20:00:00,47087.83,47242.14,46354.28,47119.73,230.96641866
2021-08-15 00:00:00,47130.97,47424.0,46860.0,46918.18,129.94605783
2021-08-15 04:00:00,46913.29,46933.46,45600.0,45797.47,463.24311036
2021-08-15 08:00:00,45754.38,46182.09,45581.01,45969.7,368.45501301
2021-08-15 12:00:00,45944.09,46524.0,45500.27,46201.63,189.57068355
2021-08-15 16:00:00,46212.22,46467.3,45663.31,46366.38,176.65356015
2021-08-15 20:00:00,46398.22,47364.66,46307.51,47028.3,398.92720307
2021-08-16 00:00:00,47024.96,48075.22,46803.79,47397.18,616.14825629
2021-08-16 04:00:00,47396.63,47747.44,47215.56,47337.79,224.0429958
2021-08-16 08:00:00,47349.3,47689.02,47007.61,47550.0,375.58794137
2021-08-16 12:00:00,47576.71,47724.05,45968.0,46357.76,592.61350445
2021-08-16 16:00:00,46364.13,46669.0,46069.44,46101.61,281.10509041
2021-08-16 20:00:00,46060.0,46367.47,45654.14,45930.51,320.65320696
2021-08-17 00:00:00,45930.48,46636.93,45260.01,46435.98,413.08900009
2021-08-17 04:00:00,46447.58,46637.59,45646.69,45933.5,278.4255491
2021-08-17 08:00:00,45942.29,47183.37,45912.73,46855.65,328.67988512
2021-08-17 12:00:00,46873.78,47092.02,45600.0,45716.04,696.03087933
2021-08-17 16:00:00,45722.19,46181.55,45253.79,45482.99,865.77069761
2021-08-17 20:00:00,45455.69,45549.0,44417.51,44694.35,704.27725325
2021-08-18 00:00:00,44631.47,45155.9,44218.73,45078.38,467.66317028
2021-08-18 04:00:00,45082.97,45557.99,44898.18,44992.5,322.2052904
2021-08-18 08:00:00,44965.69,45580.2,44642.71,44775.08,460.2734134
2021-08-18 12:00:00,44744.87,45849.0,44655.25,45849.0,360.4246348
2021-08-18 16:00:00,45849.0,46041.62,44786.45,44898.4,418.75870705
2021-08-18 20:00:00,44880.0,45199.99,44405.96,44721.13,218.6089419
2021-08-19 00:00:00,44734.16,45214.7,44035.08,44060.5,279.13878994
2021-08-19 04:00:00,44039.69,44656.24,43935.54,44631.94,327.37500342
2021-08-19 08:00:00,44657.97,44989.57,44205.75,44205.75,280.87941935
2021-08-19 12:00:00,44201.02,45823.78,44135.08,45818.88,704.58236104
2021-08-19 16:00:00,45795.79,46774.77,45425.0,46710.14,637.73885412
2021-08-19 20:00:00,46745.28,47114.99,46344.22,46764.3,546.52325703
2021-08-20 00:00:00,46759.29,47418.71,46645.77,47069.21,420.15434597
2021-08-20 04:00:00,47104.06,47265.73,46701.82,46794.63,270.74792086
2021-08-20 08:00:00,46824.5,47364.37,46735.31,46935.11,279.47965676
2021-08-20 12:00:00,46941.19,48750.0,46882.83,48740.66,1005.92460898
2021-08-20 16:00:00,48747.08,49163.98,48300.01,48701.97,394.95893879
2021-08-20 20:00:00,48680.71,49436.1,48622.44,49356.0,444.28612387
2021-08-21 00:00:00,49332.31,49367.72,48693.88,48858.34,274.81803069
2021-08-21 04:00:00,48833.34,49032.24,48573.29,48983.07,328.61168837
2021-08-21 08:00:00,48979.46,49440.0,48300.0,48565.51,356.75347449
2021-08-21 12:00:00,48562.42,49480.0,48525.72,49240.0,207.09402173
2021-08-21 16:00:00,49240.0,49833.02,48798.28,48979.19,422.90664478
2021-08-21 20:00:00,48986.08,49441.35,48869.38,48884.34,178.05770603
2021-08-22 00:00:00,48883.84,49215.88,48624.73,48845.78,108.03856083
2021-08-22 04:00:00,48825.76,49327.4,48825.76,49232.39,90.39570883
2021-08-22 08:00:00,49250.45,49505.86,48969.98,49164.84,123.24405484
2021-08-22 12:00:00,49177.12,49228.34,48080.17,48565.54,407.51295622
2021-08-22 16:00:00,48569.0,48871.04,48219.1,48692.21,111.20691863
2021-08-22 20:00:00,48678.31,49540.01,48287.06,49301.86,145.36713369
2021-08-23 00:00:00,49296.71,50438.0,49125.0,50300.95,465.92633956
2021-08-23 04:00:00,50306.92,50466.77,50001.05,50162.94,368.25854297
2021-08-23 08:00:00,50182.41,50562.11,50049.9,50427.11,448.18636514
2021-08-23 12:00:00,50423.16,50507.39,49305.77,49544.26,537.31410879
2021-08-23 16:00:00,49557.56,49802.05,49066.39,49228.63,372.6830577
2021-08-23 20:00:00,49239.4,49742.5,49010.0,49561.37,227.4997329
2021-08-24 00:00:00,49516.08,49698.23,48765.0,49352.0,294.59445037
2021-08-24 04:00:00,49355.66,49893.5,49207.31,49789.65,197.28546574
2021-08-24 08:00:00,49805.95,49891.95,49102.22,49458.05,182.09314651
2021-08-24 12:00:00,49481.12,49481.61,48200.0,48317.05,752.89881414
2021-08-24 16:00:00,48286.85,48435.86,47750.0,48249.72,582.11690327
2021-08-24 20:00:00,48245.57,48406.96,47593.66,47731.33,208.81427721
2021-08-25 00:00:00,47670.8,48315.2,47670.8,48015.85,199.80644992
2021-08-25 04:00:00,47994.89,48619.0,47910.47,48156.91,189.9206538
2021-08-25 08:00:00,48166.39,48167.0,47100.0,47566.77,491.11295963
2021-08-25 12:00:00,47593.75,48927.84,47341.01,48829.94,460.81453263
2021-08-25 16:00:00,48834.54,49180.0,48522.71,48684.36,348.8363475
2021-08-25 20:00:00,48697.99,49273.93,48623.04,49011.75,212.22959048
2021-08-26 00:00:00,49022.39,49387.6,47837.46,47928.62,259.35578246
2021-08-26 04:00:00,47905.24,48062.27,46550.0,46865.96,759.6370088
2021-08-26 08:00:00,46903.17,47221.8,46716.06,46835.53,304.31019396
2021-08-26 12:00:00,46831.35,47430.67,46309.33,46790.14,359.59647026
2021-08-26 16:00:00,46813.73,47132.39,46510.0,46967.83,216.44715172
2021-08-26 20:00:00,46944.84,47457.61,46793.68,46856.29,191.7632189
2021-08-27 00:00:00,46857.86,47655.93,46363.0,46830.5,206.94983709
2021-08-27 04:00:00,46861.11,47556.49,46585.0,47501.64,256.75090102
2021-08-27 08:00:00,47501.03,47800.0,47000.0,47495.0,336.19613483
2021-08-27 12:00:00,47520.11,48450.0,47069.73,48215.45,643.72822322
2021-08-27 16:00:00,48220.11,48594.59,48021.78,48339.59,221.3607491
2021-08-27 20:00:00,48332.44,49187.0,48188.88,49100.49,278.57141072
2021-08-28 00:00:00,49100.49,49325.0,48875.0,48890.93,156.05795348
2021-08-28 04:00:00,48890.93,49116.09,48674.94,48984.77,81.18264805
2021-08-28 08:00:00,48971.83,49102.37,48669.24,48730.39,122.05175919
2021-08-28 12:00:00,48716.08,48987.69,48244.88,48842.02,164.37075679
2021-08-28 16:00:00,48842.02,49184.0,48525.14,48677.19,96.51391522
2021-08-28 20:00:00,48694.06,49014.87,48596.72,48935.36,72.52885278
2021-08-29 00:00:00,48947.1,49666.0,48102.99,48267.24,289.27799732
2021-08-29 04:00:00,48200.88,48639.65,47798.29,48539.91,301.79739355
2021-08-29 08:00:00,48539.05,48684.0,48180.72,48180.72,137.38899458
2021-08-29 12:00:00,48178.75,48573.09,48112.8,48497.94,82.26373541
2021-08-29 16:00:00,48523.66,48903.47,48370.84,48830.47,87.29177435
2021-08-29 20:00:00,48846.64,49420.72,48400.0,48808.72,146.46199513
2021-08-30 00:00:00,48782.56,48915.29,47854.25,48008.41,216.26320365
2021-08-30 04:00:00,47949.55,48141.59,47623.27,47966.91,373.21774918
2021-08-30 08:00:00,47951.04,48234.6,47667.0,47943.97,219.69555975
2021-08-30 12:00:00,47950.0,48128.83,47364.83,48061.18,225.87390872
2021-08-30 16:00:00,48066.01,48650.0,47986.96,48650.0,171.61233646
2021-08-30 20:00:00,48650.0,48733.72,46855.41,47003.44,469.81979332
2021-08-31 00:00:00,46969.05,47228.69,46699.0,47150.38,291.61509049
2021-08-31 04:00:00,47147.21,47913.97,46834.34,47801.11,381.47142199
2021-08-31 08:00:00,47800.06,48100.0,47151.75,47972.67,294.26310523
2021-08-31 12:00:00,48000.0,48270.33,47182.85,47423.55,490.92188054
2021-08-31 16:00:00,47405.35,47582.06,47009.4,47321.52,309.66407095
2021-08-31 20:00:00,47306.81,47365.57,46771.13,47156.09,471.232134
2021-09-01 00:00:00,47118.02,47335.96,46532.42,47066.04,334.70740082
2021-09-01 04:00:00,47053.6,47502.33,46982.01,47205.63,351.8069832
2021-09-01 08:00:00,47183.98,47788.74,47135.67,47742.64,318.03839342
2021-09-01 12:00:00,47732.96,47868.5,47283.41,47524.36,310.85457289
2021-09-01 16:00:00,47519.6,49134.0,47417.04,48162.13,672.4280855
2021-09-01 20:00:00,48150.0,48899.6,48122.71,48853.49,206.79464297
2021-09-02 00:00:00,48830.93,49916.06,48625.0,49567.17,597.44057955
2021-09-02 04:00:00,49596.12,50380.0,49318.33,49879.23,357.27662538
2021-09-02 08:00:00,49850.21,50237.89,49713.1,50108.27,296.91871747
2021-09-02 12:00:00,50108.27,50390.0,49271.98,49574.23,666.58942508
2021-09-02 16:00:00,49544.83,49757.92,49208.74,49355.82,212.17213671
2021-09-02 20:00:00,49355.24,49875.44,49263.5,49274.79,137.53449105
2021-09-03 00:00:00,49284.93,49528.08,48351.6,49480.03,314.57738871
2021-09-03 04:00:00,49508.59,49761.61,49214.32,49308.03,156.74288078
2021-09-03 08:00:00,49324.4,50530.0,49274.32,50231.57,524.7514763
2021-09-03 12:00:00,50201.82,51050.0,49908.53,50604.56,734.71270279
2021-09-03 16:00:00,50590.46,50753.58,50235.0,50568.41,265.99329031
2021-09-03 20:00:00,50542.0,50557.92,49593.46,50025.04,230.00520965
2021-09-04 00:00:00,50033.5,50379.72,49601.53,50298.01,143.76985795
2021-09-04 04:00:00,50290.2,50485.74,50147.93,50225.32,110.86727202
2021-09-04 08:00:00,50180.19,50570.94,49727.77,49942.95,124.07696942
2021-09-04 12:00:00,49970.34,50343.49,49771.34,49906.38,130.38624751
2021-09-04 16:00:00,49906.38,50087.26,49388.26,50023.26,256.10325047
2021-09-04 20:00:00,50023.26,50306.53,49769.15,49943.16,104.08479548
2021-09-05 00:00:00,49965.32,50340.4,49699.1,49724.35,114.78140882
2021-09-05 04:00:00,49685.97,50084.5,49500.0,49894.27,91.15103086
2021-09-05 08:00:00,49896.72,50419.87,49842.4,50237.57,162.67709808
2021-09-05 12:00:00,50257.5,50520.04,50030.35,50251.36,149.94516504
2021-09-05 16:00:00,50255.81,50900.0,50148.93,50722.13,132.05474844
2021-09-05 20:00:00,50729.52,51900.0,50658.53,51809.28,335.87763176
2021-09-06 00:00:00,51809.28,51988.42,51460.0,51615.36,400.48809941
2021-09-06 04:00:00,51645.56,52030.0,51601.54,51821.09,305.0501692
2021-09-06 08:00:00,51833.69,52230.34,51282.26,51401.35,311.1154627
2021-09-06 12:00:00,51385.09,51745.0,51024.32,51635.05,585.02378501
2021-09-06 16:00:00,51631.89,52090.88,51504.73,51750.0,149.19270673
2021-09-06 20:00:00,51750.0,52810.0,51663.47,52708.2,306.45839936
2021-09-07 00:00:00,52719.43,52956.47,52407.6,52684.0,257.17739411
2021-09-07 04:00:00,52646.54,52776.03,52063.7,52369.18,239.08808492
2021-09-07 08:00:00,52378.22,52381.67,50516.65,50956.27,939.43478862
2021-09-07 12:00:00,50946.53,51140.71,42900.01,46752.18,2878.09457808
2021-09-07 16:00:00,46712.12,47637.2,46011.01,46693.9,1550.40671334
2021-09-07 20:00:00,46700.0,47219.04,46110.0,46866.82,947.72062908
2021-09-08 00:00:00,46894.3,47386.72,46269.16,46479.61,456.9958356
2021-09-08 04:00:00,46483.73,46848.73,45017.69,45062.76,738.88275444
2021-09-08 08:00:00,45062.88,46810.29,44436.93,46436.26,811.70283301
2021-09-08 12:00:00,46469.59,46871.89,45675.0,46044.78,577.35786404
2021-09-08 16:00:00,46079.49,46547.03,45852.85,46466.52,264.84402068
2021-09-08 20:00:00,46466.52,46805.76,45842.11,46091.94,459.31503627
2021-09-09 00:00:00,46070.43,46369.42,45550.0,46020.57,374.08813983
2021-09-09 04:00:00,45976.78,46401.87,45900.0,46299.38,262.07021217
2021-09-09 08:00:00,46289.98,46562.56,45920.08,46302.79,480.22486157
2021-09-09 12:00:00,46362.1,47257.3,45631.73,47014.16,886.67760892
2021-09-09 16:00:00,47041.09,47419.95,46480.16,46582.77,396.5089725
2021-09-09 20:00:00,46593.8,46664.62,46085.0,46392.81,196.41717453
2021-09-10 00:00:00,46368.11,47029.08,46299.37,46704.8,234.51264926
2021-09-10 04:00:00,46736.41,46821.16,45901.0,46157.13,250.83742309
2021-09-10 08:00:00,46182.02,46389.14,45600.22,46348.5,455.75184251
2021-09-10 12:00:00,46352.7,46488.85,44738.28,45426.51,729.07706492
2021-09-10 16:00:00,45415.33,45839.4,45321.31,45645.39,201.74942218
2021-09-10 20:00:00,45656.3,45836.24,44125.0,44857.38,520.64270421
2021-09-11 00:00:00,44858.2,45500.16,44767.75,45182.73,194.8422787
2021-09-11 04:00:00,45198.95,45467.22,44791.97,44961.04,142.36963094
2021-09-11 08:00:00,45026.58,45721.88,44850.0,45577.56,132.79801795
2021-09-11 12:00:00,45605.03,45781.0,45399.41,45590.68,110.53066343
2021-09-11 16:00:00,45598.94,45993.32,45279.12,45373.69,212.15718403
2021-09-11 20:00:00,45334.7,45458.37,44988.04,45176.66,114.10842871
2021-09-12 00:00:00,45162.96,45362.89,44752.96,45340.32,97.6543975
2021-09-12 04:00:00,45350.97,45506.22,45065.36,45380.6,72.08735987
2021-09-12 08:00:00,45358.82,46208.06,45320.07,46078.0,271.40124522
2021-09-12 12:00:00,46119.0,46278.38,45760.0,45921.0,120.45348555
2021-09-12 16:00:00,45902.32,46134.81,45785.07,45914.13,168.93837214
2021-09-12 20:00:00,45897.2,46491.63,44899.53,46035.0,285.22729804
2021-09-13 00:00:00,46039.42,46291.84,44575.0,44636.28,236.56089903
2021-09-13 04:00:00,44555.4,44998.56,44180.82,44491.93,216.87091606
2021-09-13 08:00:00,44502.44,44952.34,44187.71,44915.51,272.78960484
2021-09-13 12:00:00,44903.06,46895.82,43400.0,44391.29,1236.46494654
2021-09-13 16:00:00,44370.14,44835.09,44182.94,44772.31,184.58380701
2021-09-13 20:00:00,44769.39,45515.04,44769.39,44974.34,161.15190031
2021-09-14 00:00:00,44983.77,45371.46,44704.18,45191.62,113.48902191
2021-09-14 04:00:00,45217.05,45899.0,45065.65,45732.0,203.57938519
2021-09-14 08:00:00,45780.87,46197.68,45694.0,46001.27,213.59922033
2021-09-14 12:00:00,46003.94,46964.93,45772.92,46765.96,565.4500627
2021-09-14 16:00:00,46774.24,46874.31,46346.94,46490.9,258.71419622
2021-09-14 20:00:00,46499.51,47273.38,46392.77,47103.18,289.1247377
2021-09-15 00:00:00,47123.81,47486.9,46964.55,47119.65,170.12342772
2021-09-15 04:00:00,47101.42,47221.59,46702.26,47210.43,167.66861864
2021-09-15 08:00:00,47193.13,47738.58,47049.46,47597.4,255.300063
2021-09-15 12:00:00,47600.0,48323.96,47348.25,48319.0,326.62091609
2021-09-15 16:00:00,48313.94,48455.0,47847.04,48108.49,203.81148782
2021-09-15 20:00:00,48110.99,48465.77,47907.04,48150.94,183.7241976
2021-09-16 00:00:00,48188.12,48222.63,47344.01,47640.4,281.93490881
2021-09-16 04:00:00,47635.05,48505.0,47609.56,48370.32,220.66246495
2021-09-16 08:00:00,48372.03,48372.03,47640.0,47928.43,259.18590088
2021-09-16 12:00:00,47891.85,48266.93,47216.58,48052.37,582.12800373
2021-09-16 16:00:00,48035.91,48186.85,47106.16,47458.06,289.18130688
2021-09-16 20:00:00,47458.37,47954.46,47035.0,47760.64,252.9491486
2021-09-17 00:00:00,47773.44,48114.08,47471.8,47916.07,129.16148816
2021-09-17 04:00:00,47909.27,48179.0,47663.68,47730.24,161.88192556
2021-09-17 08:00:00,47744.05,48000.4,47297.05,47424.02,313.27618966
2021-09-17 12:00:00,47415.75,47635.79,47118.86,47531.4,243.28211709
2021-09-17 16:00:00,47542.35,47739.54,46712.14,47485.0,473.36444427
2021-09-17 20:00:00,47515.32,47572.74,46791.45,47305.18,237.55701099
2021-09-18 00:00:00,47316.21,48000.0,47052.9,47944.8,240.02548227
2021-09-18 04:00:00,47944.8,48783.83,47933.83,48631.51,303.27293991
2021-09-18 08:00:00,48645.9,48834.0,48335.0,48342.81,386.6257356
2021-09-18 12:00:00,48400.0,48688.68,48272.75,48443.07,141.02838281
2021-09-18 16:00:00,48437.2,48519.24,48076.83,48271.63,201.4754008
2021-09-18 20:00:00,48254.4,48397.69,47810.0,48326.74,180.07828934
2021-09-19 00:00:00,48307.05,48389.52,47613.44,47865.94,223.5499188
2021-09-19 04:00:00,47861.37,48214.59,47773.5,48184.29,107.07780532
2021-09-19 08:00:00,48168.36,48340.48,47185.0,47338.48,195.02194076
2021-09-19 12:00:00,47302.9,47789.1,47085.0,47674.86,141.25793618
2021-09-19 16:00:00,47647.59,47802.25,47293.93,47391.0,100.731124
2021-09-19 20:00:00,47374.04,47670.57,46860.0,47245.25,231.95726579
2021-09-20 00:00:00,47257.86,47334.54,45135.42,45559.81,846.89896379
2021-09-20 04:00:00,45516.7,45840.0,44378.05,44817.56,400.52380552
2021-09-20 08:00:00,44805.25,45278.05,43190.0,43704.88,845.57012134
2021-09-20 12:00:00,43718.8,44152.0,42453.97,43844.04,1206.95176694
2021-09-20 16:00:00,43863.91,44257.99,42898.15,43879.23,451.9444977
2021-09-20 20:00:00,43838.73,43964.76,42515.09,43035.99,488.59626439
2021-09-21 00:00:00,43003.07,43084.89,40192.9,42679.0,1106.09327908
2021-09-21 04:00:00,42679.0,43345.45,42173.51,43292.9,335.81784236
2021-09-21 08:00:00,43312.83,43643.34,43041.83,43307.04,954.59972154
2021-09-21 12:00:00,43300.96,43574.11,42167.42,43050.57,776.24261105
2021-09-21 16:00:00,43063.22,43277.08,41487.36,42014.08,1123.65122336
2021-09-21 20:00:00,41995.36,42311.58,39573.21,40596.54,1665.1832253
2021-09-22 00:00:00,40702.07,42401.0,40580.18,42063.49,597.30362782
2021-09-22 04:00:00,42090.61,42754.75,41832.74,42561.37,345.80743491
2021-09-22 08:00:00,42561.89,42632.28,41000.01,41967.13,342.69564112
2021-09-22 12:00:00,41923.74,43300.0,41865.38,43215.26,528.23946278
2021-09-22 16:00:00,43246.76,44031.85,42900.0,43451.34,675.3919354
2021-09-22 20:00:00,43450.49,43714.4,43050.0,43589.53,551.50703863
2021-09-23 00:00:00,43586.0,44215.84,43105.0,44111.1,295.12748502
2021-09-23 04:00:00,44113.7,44417.51,43737.87,44291.02,318.14189902
2021-09-23 08:00:00,44270.45,44350.23,43393.55,43657.68,356.12144444
2021-09-23 12:00:00,43640.08,44292.14,43417.24,43795.94,394.13986698
2021-09-23 16:00:00,43781.07,44949.05,43642.59,44823.96,741.4102901
2021-09-23 20:00:00,44807.49,45013.17,44401.0,44903.5,212.81479828
2021-09-24 00:00:00,44893.7,45021.39,44250.0,44311.62,202.23731473
2021-09-24 04:00:00,44295.58,45159.9,43925.0,44879.97,509.56390431
2021-09-24 08:00:00,44850.0,45096.58,40693.27,41536.1,1844.24567953
2021-09-24 12:00:00,41545.27,42718.2,40863.68,41996.05,1154.38443206
2021-09-24 16:00:00,41969.71,42563.36,41780.0,42418.01,372.9192827
2021-09-24 20:00:00,42416.81,43257.0,42330.36,42848.5,265.57767061
2021-09-25 00:00:00,42835.88,42974.94,42040.9,42657.95,167.93139159
2021-09-25 04:00:00,42681.68,42889.47,42255.1,42377.0,117.22838992
2021-09-25 08:00:00,42386.77,43010.69,41689.6,42525.62,291.44627483
2021-09-25 12:00:00,42532.26,42795.42,42193.13,42715.4,123.40183465
2021-09-25 16:00:00,42706.47,42851.16,42387.86,42666.86,92.47378534
2021-09-25 20:00:00,42723.22,42840.26,42418.5,42722.19,86.71509749
2021-09-26 00:00:00,42699.1,42770.62,41939.19,42193.68,135.17112417
2021-09-26 04:00:00,42194.07,42319.17,40808.0,41275.25,292.36733744
2021-09-26 08:00:00,41282.97,43780.58,41100.87,43076.24,624.29767889
2021-09-26 12:00:00,43098.66,43499.99,43098.66,43364.67,137.82938366
2021-09-26 16:00:00,43371.23,43561.3,43123.14,43261.11,112.85928049
2021-09-26 20:00:00,43312.1,43956.38,42690.49,43204.73,357.25985777
2021-09-27 00:00:00,43162.82,44377.7,42943.25,44040.93,313.4908864
2021-09-27 04:00:00,44065.27,44259.21,43690.67,43736.73,142.73051102
2021-09-27 08:00:00,43708.88,44126.57,43412.57,43778.19,243.02057679
2021-09-27 12:00:00,43753.35,44074.18,43062.21,43312.69,294.82139636
2021-09-27 16:00:00,43324.94,43416.85,42861.14,43057.01,307.9173935
2021-09-27 20:00:00,43042.79,43425.8,42130.0,42189.81,634.6688081
2021-09-28 00:00:00,42154.87,42634.86,41982.59,42562.42,278.59206536
2021-09-28 04:00:00,42587.03,42778.93,41673.28,41766.86,300.71292047
2021-09-28 08:00:00,41785.13,42160.35,41529.24,42126.19,513.03935848
2021-09-28 12:00:00,42097.72,42565.48,41267.17,41450.75,485.26993729
2021-09-28 16:00:00,41465.07,41798.34,41099.98,41575.9,397.97761806
2021-09-28 20:00:00,41622.4,42024.33,40888.0,41049.0,271.26168011
2021-09-29 00:00:00,41024.21,42239.0,40750.0,42164.4,436.08543033
2021-09-29 04:00:00,42211.09,42515.2,42020.79,42469.5,156.13352154
2021-09-29 08:00:00,42462.29,42500.66,42119.48,42405.05,283.21593659
2021-09-29 12:00:00,42405.05,42595.93,41607.1,41689.07,415.87785692
2021-09-29 16:00:00,41687.48,41807.1,41038.49,41194.33,328.77357368
2021-09-29 20:00:00,41175.95,41566.37,40900.0,41542.9,184.69176568
2021-09-30 00:00:00,41537.56,43731.58,41427.87,43580.52,374.90674932
2021-09-30 04:00:00,43621.31,43835.09,43225.0,43290.72,440.09032213
2021-09-30 08:00:00,43294.61,43460.0,42725.0,43086.49,439.27228436
2021-09-30 12:00:00,43067.4,43766.11,42847.85,43152.31,672.79739471
2021-09-30 16:00:00,43152.2,44117.74,42837.27,43540.0,443.82540169
2021-09-30 20:00:00,43545.62,43928.38,43094.68,43834.43,243.61205706
2021-10-01 00:00:00,43835.47,44053.4,43291.07,43625.78,265.59406585
2021-10-01 04:00:00,43650.49,44841.6,43475.43,44811.08,352.48780555
2021-10-01 08:00:00,44829.26,47800.0,44726.3,47492.29,970.22053076
2021-10-01 12:00:00,47530.0,47911.47,46726.35,47370.27,951.88583242
2021-10-01 16:00:00,47399.0,48236.08,47254.09,48046.25,597.10813178
2021-10-01 20:00:00,48058.24,48500.0,47756.69,48171.86,309.5758987
2021-10-02 00:00:00,48185.61,48259.57,47470.43,47543.44,218.15181842
2021-10-02 04:00:00,47552.89,47935.26,47468.15,47767.63,237.35986245
2021-10-02 08:00:00,47760.98,47926.16,47517.73,47720.72,137.52682138
2021-10-02 12:00:00,47720.72,48361.83,47650.26,47882.89,402.96921526
2021-10-02 16:00:00,47900.59,48297.16,47677.27,48274.06,205.04498566
2021-10-02 20:00:00,48276.12,48301.0,47549.64,47685.8,160.7913235
2021-10-03 00:00:00,47644.63,47975.22,47119.87,47943.81,206.46079998
2021-10-03 04:00:00,47940.56,48132.18,47823.99,47917.81,81.2825593
2021-10-03 08:00:00,47922.32,48063.22,47652.3,48023.67,79.65207325
2021-10-03 12:00:00,48018.34,48175.52,47826.52,47912.42,88.88258556
2021-10-03 16:00:00,47912.37,49225.55,47858.2,48818.68,387.65434111
2021-10-03 20:00:00,48841.41,48852.33,47609.09,48235.93,320.6706095
2021-10-04 00:00:00,48231.04,48323.59,47386.42,47519.58,231.2910498
2021-10-04 04:00:00,47480.0,47882.45,47242.23,47864.62,200.25624349
2021-10-04 08:00:00,47866.6,47961.19,47400.0,47619.11,335.35972783
2021-10-04 12:00:00,47611.76,48524.4,46900.0,47828.55,762.63344396
2021-10-04 16:00:00,47776.31,49530.53,47736.37,49403.87,867.26938367
2021-10-04 20:00:00,49424.19,49499.98,48575.0,49242.14,340.9706844
2021-10-05 00:00:00,49283.89,49811.0,49075.0,49320.0,200.01009558
2021-10-05 04:00:00,49323.86,49684.0,49096.84,49485.98,161.7566334
2021-10-05 08:00:00,49505.22,50400.0,49427.04,49901.19,445.71543174
2021-10-05 12:00:00,49901.19,50377.0,49613.0,49792.65,345.3337575
2021-10-05 16:00:00,49807.25,51416.56,49655.97,51220.53,504.57970853
2021-10-05 20:00:00,51231.48,51914.68,51114.62,51501.19,549.20081628
2021-10-06 00:00:00,51521.89,51649.97,50914.4,51564.33,202.89369004
2021-10-06 04:00:00,51550.08,51850.0,51215.0,51475.79,335.81472965
2021-10-06 08:00:00,51479.93,51511.65,50428.64,51337.64,610.71429859
2021-10-06 12:00:00,51293.92,55499.96,51284.15,55030.89,2223.05183864
2021-10-06 16:00:00,54982.23,55121.15,54464.02,55080.67,743.54267768
2021-10-06 20:00:00,55080.67,55800.0,54825.74,55345.79,325.88548291
2021-10-07 00:00:00,55360.1,55360.32,54165.0,54812.32,341.44102115
2021-10-07 04:00:00,54790.3,55246.41,54301.0,54789.95,239.62779677
2021-10-07 08:00:00,54807.6,54807.6,53800.01,54338.67,286.42563631
2021-10-07 12:00:00,54340.03,54712.9,53289.57,53929.64,949.45961678
2021-10-07 16:00:00,53942.69,54340.33,53421.19,53991.95,318.03245715
2021-10-07 20:00:00,53991.95,54701.0,53650.0,53787.6,214.71468637
2021-10-08 00:00:00,53816.16,54441.19,53714.76,53835.34,194.88477476
2021-10-08 04:00:00,53824.83,55000.0,53623.02,54786.74,205.40060692
2021-10-08 08:00:00,54852.76,56168.0,54768.61,55293.85,668.00591432
2021-10-08 12:00:00,55264.61,55307.28,54042.7,54352.77,597.35637929
2021-10-08 16:00:00,54343.34,54732.35,54046.94,54709.69,259.82767588
2021-10-08 20:00:00,54692.17,54768.77,53761.26,53957.21,292.27978568
2021-10-09 00:00:00,53952.82,54719.12,53674.69,54595.55,98.06542737
2021-10-09 04:00:00,54589.51,55181.1,54415.0,54946.32,173.37514057
2021-10-09 08:00:00,54930.08,55352.03,54501.0,54814.67,238.53715334
2021-10-09 12:00:00,54826.74,55512.05,54826.74,55000.15,317.08563346
2021-10-09 16:00:00,54998.81,55142.08,54593.24,54669.39,86.03835319
2021-10-09 20:00:00,54669.39,55169.8,54336.0,54976.92,147.92153541
2021-10-10 00:00:00,54984.49,55214.39,54129.43,55040.44,154.16227011
2021-10-10 04:00:00,55027.41,56096.97,54886.37,55656.97,265.40540685
2021-10-10 08:00:00,55677.6,55949.6,54716.72,55175.84,207.21088878
2021-10-10 12:00:00,55192.07,55575.93,54666.74,55410.45,283.78755423
2021-10-10 16:00:00,55409.57,55544.62,55020.6,55503.36,89.385304
2021-10-10 20:00:00,55486.91,56561.0,51000.0,54714.95,735.47051111
2021-10-11 00:00:00,54657.0,56800.0,54462.45,56507.45,255.32484862
2021-10-11 04:00:00,56569.0,57092.62,56161.28,56830.45,385.31803828
2021-10-11 08:00:00,56817.67,56891.92,55896.24,56443.66,301.1236887
2021-10-11 12:00:00,56428.8,57677.69,56146.34,57501.74,484.48073454
2021-10-11 16:00:00,57515.82,57855.79,57160.23,57493.74,282.17127915
2021-10-11 20:00:00,57479.84,57574.99,56802.46,57485.2,247.36701405
2021-10-12 00:00:00,57490.0,57490.0,56444.69,56714.65,266.77175059
2021-10-12 04:00:00,56701.86,57701.0,56583.34,57367.18,304.54820323
2021-10-12 08:00:00,57361.51,57618.68,56698.0,57248.98,266.2115861
2021-10-12 12:00:00,57260.38,57460.0,56000.87,56276.05,1030.97796372
2021-10-12 16:00:00,56293.31,56356.38,55111.0,55307.14,691.83002384
2021-10-12 20:00:00,55316.92,56543.96,53909.0,55995.49,664.50017558
2021-10-13 00:00:00,56004.61,56605.75,55834.01,56272.87,180.98078708
2021-10-13 04:00:00,56294.12,56376.0,54560.4,54623.28,408.41400023
2021-10-13 08:00:00,54623.28,55285.96,54231.0,55222.24,866.07164596
2021-10-13 12:00:00,55226.93,56459.48,54500.0,56163.1,880.2089268
2021-10-13 16:00:00,56163.1,57300.0,56077.69,57271.1,663.01690961
2021-10-13 20:00:00,57281.0,57773.89,56632.52,57374.55,361.00456078
2021-10-14 00:00:00,57395.84,58550.0,57171.03,58080.9,324.23171787
2021-10-14 04:00:00,58102.44,58170.13,57340.73,57457.1,237.936655
2021-10-14 08:00:00,57384.7,58174.43,57219.0,57631.56,197.4423773
2021-10-14 12:00:00,57632.09,57900.32,56972.86,57329.33,386.96042069
2021-10-14 16:00:00,57329.83,58079.0,56830.56,57874.33,549.81211526
2021-10-14 20:00:00,57877.42,57900.0,57242.7,57371.58,183.07072619
2021-10-15 00:00:00,57370.48,59459.0,56877.0,59428.52,736.43596835
2021-10-15 04:00:00,59453.99,60000.0,59160.62,59216.69,521.65834101
2021-10-15 08:00:00,59232.38,59549.4,58764.17,59549.4,392.78795051
2021-10-15 12:00:00,59528.38,60356.62,59200.0,60034.71,709.4952566
2021-10-15 16:00:00,60036.6,61869.05,59994.01,61454.19,1172.27545188
2021-10-15 20:00:00,61445.79,62944.94,60694.31,61657.35,672.77010195
2021-10-16 00:00:00,61703.45,61771.12,61116.6,61629.83,215.94257402
2021-10-16 04:00:00,61645.23,62352.0,61544.37,61724.24,169.77786213
2021-10-16 08:00:00,61746.33,62044.0,61307.75,61612.26,232.7612469
2021-10-16 12:00:00,61582.7,61582.9,60460.0,60940.93,289.01545012
2021-10-16 16:00:00,60958.47,61209.0,60100.27,60837.26,202.24106638
2021-10-16 20:00:00,60841.56,61284.29,60500.0,60870.26,153.70980221
2021-10-17 00:00:00,60885.27,61395.47,60467.65,61135.7,121.89743188
2021-10-17 04:00:00,61120.82,61259.71,60330.51,60350.32,105.26441438
2021-10-17 08:00:00,60347.43,61442.47,60333.84,60941.54,136.12472024
2021-10-17 12:00:00,60934.86,61256.0,60495.0,60743.93,156.8491817
2021-10-17 16:00:00,60753.34,61081.65,60372.22,60521.65,90.74363847
2021-10-17 20:00:00,60488.09,61712.0,58933.0,61538.97,650.25057417
2021-10-18 00:00:00,61519.52,62560.32,61431.8,62130.32,305.78817876
2021-10-18 04:00:00,62133.66,62679.0,61790.0,61892.61,361.18167721
2021-10-18 08:00:00,61865.48,62444.19,60599.01,60922.57,724.85271971
2021-10-18 12:00:00,60886.46,62225.9,59013.0,62012.02,1846.08261735
2021-10-18 16:00:00,62000.0,62383.87,60779.95,61437.66,1712.68494363
2021-10-18 20:00:00,61413.68,62179.8,61135.08,62034.65,803.96170494
2021-10-19 00:00:00,62014.99,62991.13,61681.92,62576.22,264.27205872
2021-10-19 04:00:00,62608.34,62802.43,62002.23,62301.57,172.67184956
2021-10-19 08:00:00,62277.37,62566.76,61720.0,62150.22,259.3092162
2021-10-19 12:00:00,62144.74,63337.54,61350.0,62422.65,777.7434284
2021-10-19 16:00:00,62385.22,64336.21,62344.18,64248.07,814.14371055
2021-10-19 20:00:00,64232.16,64499.0,63602.99,64241.61,965.59952882
2021-10-20 00:00:00,64282.2,64382.25,63701.38,63870.87,154.52226249
2021-10-20 04:00:00,63880.52,64170.64,63529.0,64021.25,188.08167495
2021-10-20 08:00:00,64021.25,64170.55,63749.43,63808.41,196.67557842
2021-10-20 12:00:00,63792.23,67016.5,63780.21,66882.12,1568.54141978
2021-10-20 16:00:00,66893.03,66961.98,66140.0,66407.91,658.14907306
2021-10-20 20:00:00,66429.76,66455.6,65474.38,65990.31,304.71429135
2021-10-21 00:00:00,66027.81,66047.32,64124.0,65088.15,1028.0244288
2021-10-21 04:00:00,65051.44,65269.23,64138.54,65095.02,291.55999145
2021-10-21 08:00:00,65104.65,66664.1,63666.66,64800.0,865.82478416
2021-10-21 12:00:00,64819.87,65569.38,61850.0,63026.16,964.94438719
2021-10-21 16:00:00,62971.56,63640.5,62441.46,62786.41,516.54263047
2021-10-21 20:00:00,62834.33,63119.07,62000.01,62219.44,224.63231074
2021-10-22 00:00:00,62207.51,63346.51,62136.37,63249.01,419.44842674
2021-10-22 04:00:00,63271.24,63449.24,62493.74,63428.14,607.09077104
2021-10-22 08:00:00,63431.44,63757.28,62900.01,63411.72,359.72697656
2021-10-22 12:00:00,63398.59,63734.59,60450.0,60656.8,990.79566227
2021-10-22 16:00:00,60615.32,61387.34,59953.74,61035.68,537.84159775
2021-10-22 20:00:00,61018.92,61211.22,60094.76,60702.68,244.52185112
2021-10-23 00:00:00,60698.54,61269.9,60355.0,61247.06,179.24746157
2021-10-23 04:00:00,61251.56,61567.52,60715.28,60879.21,98.51939095
2021-10-23 08:00:00,60885.9,61695.0,59633.61,61546.35,229.10893985
2021-10-23 12:00:00,61556.16,61737.38,60711.0,61461.17,231.37341532
2021-10-23 16:00:00,61468.24,61623.14,60915.0,61017.81,100.80318657
2021-10-23 20:00:00,60989.45,61450.0,60814.06,61338.76,217.02726401
2021-10-24 00:00:00,61306.64,61497.33,60829.13,61219.8,74.05462375
2021-10-24 04:00:00,61228.01,61255.89,60575.0,60701.38,82.39194659
2021-10-24 08:00:00,60701.97,61274.0,60158.78,60281.35,198.76694389
2021-10-24 12:00:00,60256.6,60815.95,59612.0,59874.98,408.65915692
2021-10-24 16:00:00,59865.0,60739.68,59510.0,60660.2,240.05849532
2021-10-24 20:00:00,60632.44,61351.28,60567.19,60910.16,200.916569
2021-10-25 00:00:00,60883.96,62244.88,60670.0,62088.73,192.50317944
2021-10-25 04:00:00,62092.83,62889.0,61783.4,62650.0,274.3124032
2021-10-25 08:00:00,62652.08,63183.75,62500.0,62766.24,224.26553031
2021-10-25 12:00:00,62767.21,63632.0,62598.6,63589.46,437.39579964
2021-10-25 16:00:00,63589.46,63733.93,62639.29,62677.17,346.26994628
2021-10-25 20:00:00,62691.9,63374.09,62425.56,63101.43,255.39935728
2021-10-26 00:00:00,63101.43,63299.3,62617.17,62767.99,178.94958018
2021-10-26 04:00:00,62763.78,62820.24,62187.75,62444.03,163.51087935
2021-10-26 08:00:00,62473.21,63104.45,62448.12,62763.75,190.86473669
2021-10-26 12:00:00,62780.88,62873.43,61790.0,62513.97,436.63413189
2021-10-26 16:00:00,62517.18,62814.2,61809.8,61976.54,324.42341827
2021-10-26 20:00:00,61996.87,62309.4,59830.0,60328.22,671.16247877
2021-10-27 00:00:00,60331.4,60863.9,60157.59,60725.39,317.74653387
2021-10-27 04:00:00,60698.4,61489.0,59940.0,59979.11,575.54096587
2021-10-27 08:00:00,59967.03,60000.0,58100.01,58600.0,1128.02559181
2021-10-27 12:00:00,58559.45,59518.03,58286.17,58851.28,537.80483899
2021-10-27 16:00:00,58837.24,59210.39,58218.38,59122.37,440.41408303
2021-10-27 20:00:00,59139.64,59636.52,58427.15,58465.9,480.20608254
2021-10-28 00:00:00,58471.06,59205.21,58144.31,58889.09,425.97869134
2021-10-28 04:00:00,58889.09,59271.83,58730.42,59028.01,309.25420297
2021-10-28 08:00:00,59027.73,61256.12,59027.62,60991.43,562.96320996
2021-10-28 12:00:00,60995.75,61848.54,60901.59,61177.49,485.59886177
2021-10-28 16:00:00,61187.2,61506.22,56425.0,61310.0,1194.6993553
2021-10-28 20:00:00,61340.0,62524.0,60348.33,60592.76,791.26074305
2021-10-29 00:00:00,60608.95,62067.25,60154.53,61668.83,703.56379612
2021-10-29 04:00:00,61669.89,61719.29,60375.0,60578.47,514.19883924
2021-10-29 08:00:00,60556.63,61366.58,60423.05,60952.84,438.51133189
2021-10-29 12:00:00,60923.27,62542.04,60746.84,62311.17,1235.17176508
2021-10-29 16:00:00,62305.67,62971.54,61911.29,62574.67,762.62539781
2021-10-29 20:00:00,62574.63,62741.72,62070.0,62301.59,230.57123158
2021-10-30 00:00:00,62278.92,62376.32,61625.5,61700.38,324.20244646
2021-10-30 04:00:00,61691.85,61923.22,61275.0,61563.65,244.68808611
2021-10-30 08:00:00,61620.0,62002.52,61068.6,61601.86,148.04082165
2021-10-30 12:00:00,61611.93,62265.45,60660.02,61412.35,350.05196871
2021-10-30 16:00:00,61400.15,61829.81,61103.6,61759.54,293.11127739
2021-10-30 20:00:00,61762.41,61989.7,61230.0,61932.3,182.22457445
2021-10-31 00:00:00,61904.96,62438.85,61620.01,61728.17,258.09923089
2021-10-31 04:00:00,61743.12,61743.12,61107.98,61382.26,209.41870845
2021-10-31 08:00:00,61382.26,61400.15,60307.13,60442.99,391.48422398
2021-10-31 12:00:00,60400.0,60815.54,60000.0,60541.6,266.64246362
2021-10-31 16:00:00,60520.93,60961.58,60240.24,60730.85,144.32493149
2021-10-31 20:00:00,60726.59,61663.32,60565.0,61359.44,278.15945748
2021-11-01 00:00:00,61356.57,61771.12,59780.86,59971.8,446.3162013
2021-11-01 04:00:00,59953.78,62358.84,59500.0,62215.71,496.00723116
2021-11-01 08:00:00,62210.66,62500.0,61692.26,61853.49,485.13206796
2021-11-01 12:00:00,61867.4,62231.79,61328.9,61583.19,363.18937874
2021-11-01 16:00:00,61583.19,61605.89,60355.0,61496.4,438.01938993
2021-11-01 20:00:00,61499.7,61499.7,60451.96,60922.85,278.73370198
2021-11-02 00:00:00,60949.78,61613.8,60669.91,61111.0,758.12568649
2021-11-02 04:00:00,61111.21,61876.42,61111.21,61544.94,587.60186418
2021-11-02 08:00:00,61589.55,63636.0,61408.56,62960.64,639.63206995
2021-11-02 12:00:00,62995.53,64300.0,62995.53,64097.43,449.68092069
2021-11-02 16:00:00,64092.25,64300.0,63252.88,63612.72,306.66402932
2021-11-02 20:00:00,63612.72,63627.32,62663.53,63260.0,594.82224689
2021-11-03 00:00:00,63260.0,63567.21,62829.56,63257.61,318.77164286
2021-11-03 04:00:00,63225.91,63557.6,62782.77,63457.64,146.57589518
2021-11-03 08:00:00,63450.82,63491.37,62935.0,63188.59,256.94743365
2021-11-03 12:00:00,63179.29,63205.08,61577.6,62235.65,436.33843008
2021-11-03 16:00:00,62248.55,63386.63,60018.46,62853.04,743.73085896
2021-11-03 20:00:00,62874.83,63258.98,62747.09,62930.72,246.10660266
2021-11-04 00:00:00,62945.38,63136.82,62250.0,62483.86,174.2578224
2021-11-04 04:00:00,62458.06,62889.87,61895.0,61895.0,206.03101096
2021-11-04 08:00:00,61925.76,62362.55,61303.53,61503.43,413.88153384
2021-11-04 12:00:00,61495.16,62440.87,60828.63,61107.25,330.06814956
2021-11-04 16:00:00,61086.3,61435.18,60725.0,61277.48,231.27326804
2021-11-04 20:00:00,61277.48,61579.13,61049.88,61457.25,152.03093749
2021-11-05 00:00:00,61430.02,62366.62,60852.57,62249.95,269.12232238
2021-11-05 04:00:00,62228.49,62666.52,61940.76,62203.23,136.89190628
2021-11-05 08:00:00,62199.99,62285.72,61251.06,61318.84,236.85227143
2021-11-05 12:00:00,61292.05,61972.42,60800.0,60846.46,408.7278741
2021-11-05 16:00:00,60835.82,61409.0,60784.88,61148.05,372.84272109
2021-11-05 20:00:00,61158.48,61380.83,60769.17,61031.91,144.9708269
2021-11-06 00:00:00,61008.19,61374.61,60840.04,61173.92,174.30892239
2021-11-06 04:00:00,61188.14,61609.5,60553.82,60857.47,134.42379127
2021-11-06 08:00:00,60855.75,61382.91,60154.89,60390.68,290.78599583
2021-11-06 12:00:00,60357.41,60829.8,60109.91,60705.33,313.96211122
2021-11-06 16:00:00,60710.78,61250.0,60486.06,61233.02,115.86937498
2021-11-06 20:00:00,61247.3,61561.27,61164.96,61542.44,239.16162401
2021-11-07 00:00:00,61542.43,62365.16,61396.57,62197.88,311.37244959
2021-11-07 04:00:00,62200.0,62355.01,61756.27,61820.11,105.97863767
2021-11-07 08:00:00,61801.54,62402.12,61524.51,61960.61,164.37110826
2021-11-07 12:00:00,61960.45,62189.0,61759.83,62004.37,185.5468992
2021-11-07 16:00:00,62000.23,62566.92,62000.23,62325.28,96.16665208
2021-11-07 20:00:00,62330.42,63300.0,62231.23,63300.0,252.23310381
2021-11-08 00:00:00,63300.0,65667.18,63300.0,65244.53,649.25001389
2021-11-08 04:00:00,65234.86,66369.67,65129.88,65976.05,500.18688126
2021-11-08 08:00:00,65977.4,66433.72,65635.85,66054.17,407.6704808
2021-11-08 12:00:00,66077.14,66519.99,65211.49,66424.39,360.96982776
2021-11-08 16:00:00,66424.39,66555.0,65745.98,65847.34,290.64597396
2021-11-08 20:00:00,65838.38,67803.55,65589.02,67559.0,506.700686
2021-11-09 00:00:00,67547.49,68564.4,67152.48,68519.98,413.54191749
2021-11-09 04:00:00,68519.98,68527.18,67634.02,67906.78,271.03004339
2021-11-09 08:00:00,67905.16,68313.2,67342.01,67617.95,277.54019727
2021-11-09 12:00:00,67617.41,68129.48,66632.14,66806.15,553.09841152
2021-11-09 16:00:00,66813.66,67243.75,66250.0,66813.57,377.67568636
2021-11-09 20:00:00,66791.37,67800.0,66679.84,66945.72,243.97210483
2021-11-10 00:00:00,66928.42,67387.6,66375.0,66492.85,158.1874972
2021-11-10 04:00:00,66530.31,66751.76,66251.09,66452.73,146.03666751
2021-11-10 08:00:00,66462.85,67100.16,66383.17,66557.6,206.51394835
2021-11-10 12:00:00,66550.0,69000.0,65982.95,68410.86,668.59111495
2021-11-10 16:00:00,68363.85,68800.01,66570.62,66620.78,521.9061258
2021-11-10 20:00:00,66652.17,67041.08,62856.71,64921.43,1717.88333936
2021-11-11 00:00:00,64919.18,65096.32,64140.0,64775.06,298.81118065
2021-11-11 04:00:00,64717.99,65408.88,64404.1,65256.54,269.35353892
2021-11-11 08:00:00,65266.17,65625.44,64614.45,65286.94,342.43989784
2021-11-11 12:00:00,65305.25,65504.04,64440.0,64848.09,288.17473327
2021-11-11 16:00:00,64840.02,65278.55,64600.05,65167.7,184.17857021
2021-11-11 20:00:00,65174.31,65358.09,64768.07,64821.33,200.32587888
2021-11-12 00:00:00,64783.13,65497.53,64110.86,64867.26,361.37317894
2021-11-12 04:00:00,64863.86,65095.25,64244.4,64470.15,139.07244306
2021-11-12 08:00:00,64476.83,64980.53,63523.42,63757.51,396.49853501
2021-11-12 12:00:00,63773.3,64221.8,62892.4,63183.33,695.17139843
2021-11-12 16:00:00,63198.38,64110.86,62294.84,63870.36,578.39214321
2021-11-12 20:00:00,63853.69,64508.21,63736.2,64158.41,348.79960698
2021-11-13 00:00:00,64140.23,64456.6,63597.53,63793.02,161.25135994
2021-11-13 04:00:00,63800.84,64129.0,63530.0,64051.16,112.7347639
2021-11-13 08:00:00,64061.29,64109.5,63400.0,63584.98,119.06400541
2021-11-13 12:00:00,63577.66,64824.6,63446.92,64711.06,209.69957889
2021-11-13 16:00:00,64710.63,64980.0,63850.0,63967.74,123.86409782
2021-11-13 20:00:00,63952.02,64557.2,63952.02,64417.52,103.51721211
2021-11-14 00:00:00,64403.43,65350.85,64403.43,64670.94,171.93452354
2021-11-14 04:00:00,64676.69,65187.6,64488.83,64642.88,108.11203975
2021-11-14 08:00:00,64672.63,64789.0,64059.41,64486.43,283.58396893
2021-11-14 12:00:00,64468.48,64800.75,64020.0,64097.48,106.48442164
2021-11-14 16:00:00,64112.56,64456.0,63595.76,64167.87,287.90899281
2021-11-14 20:00:00,64182.58,65509.87,64056.04,65509.87,289.86057057
2021-11-15 00:00:00,65509.87,66215.6,65509.87,65788.38,333.57666984
2021-11-15 04:00:00,65801.26,65935.26,65533.63,65623.98,216.30904975
2021-11-15 08:00:00,65622.29,66387.4,65281.36,65747.56,381.11451762
2021-11-15 12:00:00,65738.23,65952.39,64264.81,64333.3,438.5862656
2021-11-15 16:00:00,64264.82,64451.33,63650.0,64255.74,239.15456403
2021-11-15 20:00:00,64273.42,64273.42,63348.91,63606.09,392.08255556
2021-11-16 00:00:00,63621.61,63628.0,60481.15,60939.83,1110.33142808
2021-11-16 04:00:00,60913.53,61549.28,60350.0,60840.86,664.67403034
2021-11-16 08:00:00,60846.06,61303.04,58563.0,60592.73,1268.03439101
2021-11-16 12:00:00,60590.83,61409.82,60046.48,60721.11,506.52216521
2021-11-16 16:00:00,60714.34,60939.69,59802.98,60246.15,514.86717857
2021-11-16 20:00:00,60228.4,61179.12,59122.82,60142.31,568.34412387
2021-11-17 00:00:00,60115.12,60447.69,58596.07,59050.29,767.38146335
2021-11-17 04:00:00,59094.18,60154.0,58629.65,59729.52,544.24579743
2021-11-17 08:00:00,59716.78,60888.5,58400.0,60800.0,948.60060372
2021-11-17 12:00:00,60833.81,60833.81,59375.49,59657.37,609.03416991
2021-11-17 16:00:00,59712.67,60714.66,59450.1,60258.11,427.66666571
2021-11-17 20:00:00,60253.16,60626.52,59659.71,60373.65,419.88185899
2021-11-18 00:00:00,60376.94,60978.39,59875.0,59875.0,575.3704278
2021-11-18 04:00:00,59874.74,60116.55,59516.78,59748.13,755.10820301
2021-11-18 08:00:00,59746.93,59989.24,59000.0,59199.03,899.87753397
2021-11-18 12:00:00,59221.03,59938.35,57662.82,58114.3,1346.70769614
2021-11-18 16:00:00,58102.94,58495.67,56565.02,57941.46,1478.0811932
2021-11-18 20:00:00,57954.04,58525.84,56516.44,56917.66,1105.5647034
2021-11-19 00:00:00,56924.94,57528.6,55640.0,55909.85,948.51178056
2021-11-19 04:00:00,55930.67,56525.35,55867.14,56044.58,397.43550258
2021-11-19 08:00:00,56039.5,57503.0,56039.5,57052.05,598.26847595
2021-11-19 12:00:00,57036.73,58245.76,56755.79,57979.63,605.21248754
2021-11-19 16:00:00,57967.92,58402.05,57748.68,58115.14,298.72291796
2021-11-19 20:00:00,58118.44,58200.0,57578.24,58128.55,428.87469468
2021-11-20 00:00:00,58126.46,59021.09,58013.62,58591.79,208.70523016
2021-11-20 04:00:00,58588.2,58878.8,58313.7,58460.1,108.03102798
2021-11-20 08:00:00,58440.31,58809.48,58394.22,58677.06,87.20313385
2021-11-20 12:00:00,58697.37,58888.4,57584.0,57663.13,224.48028133
2021-11-20 16:00:00,57669.15,59680.0,57424.27,59501.95,320.0341916
2021-11-20 20:00:00,59522.26,59896.54,59367.12,59768.54,223.70544504
2021-11-21 00:00:00,59785.85,59828.13,58605.0,58744.46,113.02202461
2021-11-21 04:00:00,58714.81,59267.31,58618.55,59037.18,114.5927103
2021-11-21 08:00:00,59056.86,59374.2,58525.84,58745.44,137.46694957
2021-11-21 12:00:00,58765.86,59351.48,58721.38,59284.01,168.44856015
2021-11-21 16:00:00,59274.82,60090.55,59180.84,59367.08,222.69597168
2021-11-21 20:00:00,59407.41,59745.96,58588.66,58678.47,139.44887849
2021-11-22 00:00:00,58679.27,58775.68,57072.0,57442.03,406.15102011
2021-11-22 04:00:00,57387.37,57801.0,56825.0,57311.69,247.82405713
2021-11-22 08:00:00,57319.67,57897.54,57040.0,57222.72,217.75464111
2021-11-22 12:00:00,57239.93,59516.78,56640.21,58254.37,758.8757787
2021-11-22 16:00:00,58259.57,58280.38,55800.0,55979.76,765.01904295
2021-11-22 20:00:00,56026.97,56756.1,55628.57,56294.11,547.53883271
2021-11-23 00:00:00,56283.8,57262.02,56004.62,56975.48,205.39520069
2021-11-23 04:00:00,56954.24,57050.13,55870.0,56055.79,283.96738528
2021-11-23 08:00:00,56016.14,57723.12,55128.6,56137.49,701.87404986
2021-11-23 12:00:00,56195.2,57758.83,56115.68,56878.09,490.73029493
2021-11-23 16:00:00,56902.92,57859.11,56888.89,57780.72,668.75061213
2021-11-23 20:00:00,57785.7,57897.54,57386.79,57579.99,381.36725772
2021-11-24 00:00:00,57583.91,57750.2,56162.95,56435.12,318.31013404
2021-11-24 04:00:00,56453.1,56819.25,56250.29,56534.04,268.14141038
2021-11-24 08:00:00,56533.66,57418.83,56348.53,56653.35,244.27170018
2021-11-24 12:00:00,56653.35,57170.52,55894.62,56758.0,490.83172046
2021-11-24 16:00:00,56731.1,57149.98,56492.95,56861.12,182.18358456
2021-11-24 20:00:00,56849.82,57501.0,56743.16,57185.06,305.7157795
2021-11-25 00:00:00,57169.19,58300.0,57121.93,57778.4,289.55286472
2021-11-25 04:00:00,57797.16,57855.27,57044.42,57701.08,153.10791792
2021-11-25 08:00:00,57701.08,58499.97,57399.87,58078.22,223.05140659
2021-11-25 12:00:00,58008.16,59184.92,57953.97,59130.84,287.61828769
2021-11-25 16:00:00,59106.23,59445.45,58723.51,58915.91,160.76010605
2021-11-25 20:00:00,58910.1,59364.85,58586.64,58990.14,248.08422202
2021-11-26 00:00:00,59004.88,59207.36,57897.54,57958.77,403.0012968
2021-11-26 04:00:00,57930.89,58064.24,56661.09,56997.67,771.45024252
2021-11-26 08:00:00,56960.23,56960.23,53709.0,53721.15,1727.7672872
2021-11-26 12:00:00,53740.26,54911.5,53524.03,54385.46,1250.56292281
2021-11-26 16:00:00,54358.3,54730.1,53950.12,54361.28,583.57703714
2021-11-26 20:00:00,54352.59,54626.46,53539.56,53789.35,485.48178091
2021-11-27 00:00:00,53794.32,54658.75,53653.45,54398.54,469.70215167
2021-11-27 04:00:00,54399.97,54637.6,54250.0,54438.39,171.88786538
2021-11-27 08:00:00,54422.73,55382.0,54348.47,54668.31,279.72983192
2021-11-27 12:00:00,54665.53,55268.71,54547.63,54943.79,97.66605853
2021-11-27 16:00:00,54957.27,55270.0,54720.0,54980.65,51.95826704
2021-11-27 20:00:00,54983.48,55111.73,54045.04,54774.66,289.62169324
2021-11-28 00:00:00,54764.24,54856.0,53731.0,54142.27,204.53678182
2021-11-28 04:00:00,54155.67,54671.9,53963.26,54559.34,100.90108109
2021-11-28 08:00:00,54579.21,54962.25,54169.69,54517.98,103.65163648
2021-11-28 12:00:00,54592.1,54662.39,54098.98,54331.94,162.19664325
2021-11-28 16:00:00,54331.94,54956.83,53308.93,54671.06,340.86979291
2021-11-28 20:00:00,54692.73,57482.42,54674.58,57338.55,465.39861307
2021-11-29 00:00:00,57327.32,58298.06,57179.68,57407.13,379.74771449
2021-11-29 04:00:00,57417.31,57744.88,57278.3,57580.61,325.27603478
2021-11-29 08:00:00,57583.44,57696.37,56750.0,56953.34,370.01355265
2021-11-29 12:00:00,56931.04,57551.4,56891.0,57162.52,284.59031787
2021-11-29 16:00:00,57162.52,58931.07,57053.74,57920.95,423.78731241
2021-11-29 20:00:00,57938.76,58466.99,57741.1,57845.12,286.3200368
2021-11-30 00:00:00,57843.33,58011.0,56841.8,57157.47,320.51045701
2021-11-30 04:00:00,57153.18,57345.99,55918.8,56541.76,564.89181466
2021-11-30 08:00:00,56582.75,57758.83,56302.0,57676.3,491.01985578
2021-11-30 12:00:00,57685.4,59250.0,57275.0,57275.0,930.55417397
2021-11-30 16:00:00,57275.01,58427.18,56525.0,57684.99,1056.77641712
2021-11-30 20:00:00,57723.24,57815.68,56810.21,56974.12,198.96490881
2021-12-01 00:00:00,57027.28,57742.05,56700.0,57426.04,219.19233407
2021-12-01 04:00:00,57422.89,57475.11,56711.13,57180.0,290.93465724
2021-12-01 08:00:00,57219.86,57865.23,56741.19,57200.5,374.30910065
2021-12-01 12:00:00,57198.51,58884.0,57073.63,58681.57,412.74171265
2021-12-01 16:00:00,58690.42,59099.64,57020.0,57484.91,522.05224267
2021-12-01 20:00:00,57492.18,57494.05,56469.22,57251.59,696.31067228
2021-12-02 00:00:00,57232.71,57413.52,55839.85,56351.3,636.80338267
2021-12-02 04:00:00,56358.76,57025.79,56277.08,56847.92,618.93407916
2021-12-02 08:00:00,56835.85,57239.13,56120.07,56366.36,540.17374444
2021-12-02 12:00:00,56351.71,57413.52,56063.13,56547.29,350.94949092
2021-12-02 16:00:00,56558.37,56972.44,56054.0,56651.52,386.06186622
2021-12-02 20:00:00,56652.82,57287.87,56416.0,56547.96,225.2221345
2021-12-03 00:00:00,56534.26,56813.18,56120.07,56385.74,125.10982283
2021-12-03 04:00:00,56361.14,57070.28,56312.81,56798.95,152.05335547
2021-12-03 08:00:00,56794.64,57375.85,56467.76,57044.07,298.48731771
2021-12-03 12:00:00,57047.03,57652.0,55759.08,55996.11,543.33636195
2021-12-03 16:00:00,55979.17,55981.06,53748.7,53852.63,839.38398062
2021-12-03 20:00:00,53821.74,54069.0,51556.01,53743.69,1006.39734673
2021-12-04 00:00:00,53685.47,53877.77,52044.67,52044.67,303.84085362
2021-12-04 04:00:00,52060.63,52653.04,41967.5,47337.89,5335.59117605
2021-12-04 08:00:00,47318.12,48069.15,46201.01,46588.63,1635.80433782
2021-12-04 12:00:00,46600.69,48629.13,46600.69,48283.2,1407.72706981
2021-12-04 16:00:00,48287.11,49500.0,47825.01,49336.0,691.23765527
2021-12-04 20:00:00,49339.41,49558.89,48569.3,49234.97,651.48857597
2021-12-05 00:00:00,49240.81,49777.62,48409.06,49248.5,577.55086558
2021-12-05 04:00:00,49276.05,49768.87,48897.63,49386.49,862.79249357
2021-12-05 08:00:00,49389.36,49669.3,48866.22,49337.39,408.65227844
2021-12-05 12:00:00,49336.79,49761.31,47836.34,48015.14,1275.62980191
2021-12-05 16:00:00,48019.41,49435.49,47970.45,48988.43,1153.49484468
2021-12-05 20:00:00,48985.09,49598.85,48583.89,49463.22,878.54585279
2021-12-06 00:00:00,49484.0,49525.62,48360.0,49114.44,1104.68835025
2021-12-06 04:00:00,49107.53,49372.69,47825.0,48500.38,728.87826363
2021-12-06 08:00:00,48493.74,49490.0,47111.0,48626.75,1003.14786548
2021-12-06 12:00:00,48600.0,49028.0,47804.92,49028.0,646.90449939
2021-12-06 16:00:00,48999.97,49420.05,48714.94,49163.41,389.28236824
2021-12-06 20:00:00,49170.76,50986.0,48817.2,50555.0,779.2163296
2021-12-07 00:00:00,50550.09,51500.0,50421.02,51011.69,286.27505798
2021-12-07 04:00:00,51017.85,51410.9,50880.7,50956.32,213.50864565
2021-12-07 08:00:00,50973.05,51605.0,50900.0,51535.0,323.32485058
2021-12-07 12:00:00,51509.91,51991.0,50710.91,51800.0,426.42708625
2021-12-07 16:00:00,51803.09,51937.41,50741.51,50925.71,238.33745628
2021-12-07 20:00:00,50943.23,51051.15,50062.13,50627.32,231.44452188
2021-12-08 00:00:00,50635.87,50846.88,50151.21,50151.21,97.60946989
2021-12-08 04:00:00,50157.49,50754.38,50123.34,50527.39,119.19009442
2021-12-08 08:00:00,50552.2,50678.15,48888.0,49226.67,434.29449646
2021-12-08 12:00:00,49234.16,51249.41,48656.2,50699.33,524.58283956
2021-12-08 16:00:00,50706.04,50913.0,50126.51,50478.94,233.0601356
2021-12-08 20:00:00,50480.64,50915.0,50127.48,50543.3,189.69867726
2021-12-09 00:00:00,50535.15,50839.01,49500.0,49542.17,292.60907247
2021-12-09 04:00:00,49560.1,50358.0,49243.23,50068.06,253.1529765
2021-12-09 08:00:00,50065.74,50067.26,48948.84,49203.15,393.17552998
2021-12-09 12:00:00,49200.21,49655.2,48111.0,48498.38,631.6828447
2021-12-09 16:00:00,48507.38,48859.85,47520.0,47640.0,589.86089356
2021-12-09 20:00:00,47641.21,48439.6,47332.43,47593.12,424.95139055
2021-12-10 00:00:00,47573.43,48800.0,47440.0,48404.61,331.23969734
2021-12-10 04:00:00,48398.54,48587.59,47560.1,47667.1,247.23154419
2021-12-10 08:00:00,47681.65,48748.44,47634.11,48723.52,289.10621134
2021-12-10 12:00:00,48745.33,50132.88,47774.0,47941.52,785.05436257
2021-12-10 16:00:00,47984.15,48341.42,47275.71,48143.84,599.95309228
2021-12-10 20:00:00,48164.91,48539.63,46886.0,47142.42,452.58579631
2021-12-11 00:00:00,47179.53,48710.0,46789.0,48361.69,466.94664408
2021-12-11 04:00:00,48363.34,48901.0,47819.2,48079.1,153.54020124
2021-12-11 08:00:00,48063.33,48948.83,47903.5,48248.43,165.58354238
2021-12-11 12:00:00,48290.91,48946.34,48213.92,48810.28,117.11363097
2021-12-11 16:00:00,48773.55,49301.0,48397.64,48397.64,226.65385241
2021-12-11 20:00:00,48461.48,49539.4,48423.35,49400.54,193.20168874
2021-12-12 00:00:00,49420.51,49717.96,49066.38,49341.61,109.01657117
2021-12-12 04:00:00,49346.92,49397.94,48861.92,49338.93,104.51343192
2021-12-12 08:00:00,49331.48,49410.5,48675.0,49165.91,122.52564217
2021-12-12 12:00:00,49200.0,49950.0,49147.3,49637.95,211.84961617
2021-12-12 16:00:00,49644.42,50800.0,49540.82,50254.26,465.10938025
2021-12-12 20:00:00,50273.96,50587.49,49915.87,50124.38,220.77374448
2021-12-13 00:00:00,50102.31,50226.2,48481.45,48893.76,365.01790142
2021-12-13 04:00:00,48885.26,49361.49,48621.15,48757.17,226.28836244
2021-12-13 08:00:00,48776.11,49202.71,48102.56,48893.24,278.50870723
2021-12-13 12:00:00,48879.54,49040.28,47007.51,47262.79,683.43999131
2021-12-13 16:00:00,47282.84,47916.6,45750.0,46758.98,1296.34298915
2021-12-13 20:00:00,46723.0,47300.94,46247.55,46725.02,487.84997741
2021-12-14 00:00:00,46736.7,47277.8,46310.4,46927.69,184.36994926
2021-12-14 04:00:00,46949.31,47200.0,46358.91,47007.7,183.43017829
2021-12-14 08:00:00,47007.69,47777.77,46820.0,47637.58,368.9807781
2021-12-14 12:00:00,47639.59,47960.98,46656.13,46832.99,490.90233988
2021-12-14 16:00:00,46849.08,47133.32,46464.0,46862.07,328.60477825
2021-12-14 20:00:00,46878.48,48689.3,46867.07,48389.96,460.3017908
2021-12-15 00:00:00,48386.95,48773.04,47860.38,48280.26,153.57583145
2021-12-15 04:00:00,48303.04,48450.99,47953.83,48231.93,170.05442817
2021-12-15 08:00:00,48231.93,48785.37,48115.0,48162.31,196.2810006
2021-12-15 12:00:00,48153.39,48317.36,46588.88,46615.31,567.13160172
2021-12-15 16:00:00,46642.03,49310.26,46560.0,48671.66,1075.81926779
2021-12-15 20:00:00,48668.96,49514.85,48555.0,48876.84,430.48967986
2021-12-16 00:00:00,48876.84,49275.05,48750.0,48847.84,129.57169467
2021-12-16 04:00:00,48842.97,49039.2,48525.57,48734.82,143.00220712
2021-12-16 08:00:00,48722.65,49449.0,48647.92,49232.41,227.75107903
2021-12-16 12:00:00,49214.28,49302.65,48253.53,48582.39,372.38643727
2021-12-16 16:00:00,48624.18,48735.61,47660.0,47877.0,342.83061601
2021-12-16 20:00:00,47854.46,48413.51,47506.21,47663.42,240.71522391
2021-12-17 00:00:00,47654.99,48018.52,47400.0,47792.96,99.43487897
2021-12-17 04:00:00,47780.95,47977.53,46768.17,47037.91,280.04276748
2021-12-17 08:00:00,47024.8,47307.36,46800.0,47135.82,176.36319139
2021-12-17 12:00:00,47111.85,47372.64,45478.74,46568.22,660.95007913
2021-12-17 16:00:00,46543.27,47446.1,46440.61,46780.04,396.41149861
2021-12-17 20:00:00,46782.58,47105.92,45600.0,46210.92,464.07783121
2021-12-18 00:00:00,46141.63,46549.0,45501.0,46312.7,277.26655855
2021-12-18 04:00:00,46326.61,46879.0,46081.81,46408.03,126.76986449
2021-12-18 08:00:00,46369.49,47370.14,46226.71,47094.04,159.80665049
2021-12-18 12:00:00,47101.82,47232.04,46590.31,46898.52,93.04552681
2021-12-18 16:00:00,46907.38,47005.34,46359.67,46681.4,82.69641205
2021-12-18 20:00:00,46674.36,47123.18,46571.44,46881.87,87.80873019
2021-12-19 00:00:00,46854.18,48000.05,46450.0,47737.51,360.11705614
2021-12-19 04:00:00,47749.82,48090.19,47476.41,47551.79,109.03341331
2021-12-19 08:00:00,47551.79,47649.8,46840.0,47173.27,146.18845869
2021-12-19 12:00:00,47182.63,48307.34,46887.56,47251.3,324.30926907
2021-12-19 16:00:00,47244.75,47479.0,46609.89,46694.95,131.59820629
2021-12-19 20:00:00,46659.22,47562.16,46492.6,46704.67,204.25296739
2021-12-20 00:00:00,46671.66,47201.0,46259.0,46697.39,193.2376879
2021-12-20 04:00:00,46697.39,47050.24,46108.31,46465.28,221.96847523
2021-12-20 08:00:00,46452.9,46566.08,45787.0,46107.16,252.51789472
2021-12-20 12:00:00,46097.02,46333.0,45572.94,45969.1,486.9315101
2021-12-20 16:00:00,45990.66,46706.94,45876.7,46604.53,267.71025202
2021-12-20 20:00:00,46607.1,47547.5,46607.1,46915.0,303.65021265
2021-12-21 00:00:00,46926.72,48089.1,46667.08,47953.27,254.70143051
2021-12-21 04:00:00,47948.98,48831.57,47948.98,48608.3,339.8573825
2021-12-21 08:00:00,48608.3,49007.57,48460.0,48870.0,360.46322608
2021-12-21 12:00:00,48898.47,49353.49,48307.34,48402.77,391.43282616
2021-12-21 16:00:00,48413.91,48882.19,48349.35,48644.53,154.59614424
2021-12-21 20:00:00,48627.29,49313.0,48472.47,48929.86,173.11345969
2021-12-22 00:00:00,48907.75,49600.0,48624.0,49264.46,142.09425123
2021-12-22 04:00:00,49281.72,49359.82,48941.62,49279.79,325.95208619
2021-12-22 08:00:00,49242.28,49568.09,48844.48,48996.16,236.62430244
2021-12-22 12:00:00,49016.75,49152.12,48449.87,48895.34,234.92623972
2021-12-22 16:00:00,48897.8,49279.99,48504.18,48952.29,249.73429141
2021-12-22 20:00:00,48945.79,49168.84,48571.01,48618.99,116.83457093
2021-12-23 00:00:00,48618.99,48748.03,48051.1,48558.3,255.32652981
2021-12-23 04:00:00,48535.74,48595.77,48054.67,48157.22,115.97193059
2021-12-23 08:00:00,48160.21,48568.42,48083.87,48406.56,167.94116166
2021-12-23 12:00:00,48443.61,48883.25,48286.3,48839.27,277.88338261
2021-12-23 16:00:00,48851.08,51386.66,48685.54,51144.77,668.18953475
2021-12-23 20:00:00,51170.36,51196.66,50555.0,50850.0,230.04548722
2021-12-24 00:00:00,50850.0,51533.0,50660.83,51068.03,387.9068343
2021-12-24 04:00:00,51060.35,51134.86,50771.0,51023.14,161.00534104
2021-12-24 08:00:00,51030.11,51487.6,50887.04,51039.25,212.87743167
2021-12-24 12:00:00,51015.01,51276.28,50442.34,50999.93,225.39503436
2021-12-24 16:00:00,51002.81,51864.56,50765.1,51169.98,250.43198746
2021-12-24 20:00:00,51133.76,51257.99,50522.45,50841.48,208.47220208
2021-12-25 00:00:00,50857.42,51160.21,50656.08,50883.32,82.87359961
2021-12-25 04:00:00,50879.82,51118.58,50699.82,50966.97,52.62548094
2021-12-25 08:00:00,50972.17,51029.72,50578.46,50716.58,111.26785719
2021-12-25 12:00:00,50716.58,50974.13,50666.44,50678.08,100.94845664
2021-12-25 16:00:00,50685.88,51179.36,50190.9,50935.53,291.59768832
2021-12-25 20:00:00,50925.9,51130.73,50378.19,50442.22,183.73564646
2021-12-26 00:00:00,50421.51,50701.17,49651.0,49710.8,227.35190285
2021-12-26 04:00:00,49710.8,50006.42,49644.02,49967.45,112.06862411
2021-12-26 08:00:00,49962.13,50201.49,49458.85,49770.0,157.5980409
2021-12-26 12:00:00,49753.64,50301.0,49669.53,50096.02,176.25853489
2021-12-26 16:00:00,50096.07,50495.74,50083.45,50381.0,112.92310353
2021-12-26 20:00:00,50406.23,51292.65,49953.42,50791.21,229.02176838
2021-12-27 00:00:00,50885.32,51158.76,50479.44,51031.24,114.29009774
2021-12-27 04:00:00,51041.06,51108.44,50668.02,50723.68,182.65045428
2021-12-27 08:00:00,50733.22,50927.92,50525.0,50788.9,155.9960278
2021-12-27 12:00:00,50795.1,51725.06,50620.44,51462.42,263.56054206
2021-12-27 16:00:00,51481.55,52098.6,51231.0,51248.39,207.55448079
2021-12-27 20:00:00,51210.0,51388.41,50639.81,50718.11,178.93183478
2021-12-28 00:00:00,50708.05,50719.59,49501.63,49813.26,350.88440959
2021-12-28 04:00:00,49799.79,49799.79,48688.0,49246.52,305.27877738
2021-12-28 08:00:00,49246.52,49475.68,48817.31,49228.48,337.73521941
2021-12-28 12:00:00,49215.36,49383.76,48335.12,48970.46,280.2786656
2021-12-28 16:00:00,48960.04,48993.76,47300.0,47706.3,558.35169561
2021-12-28 20:00:00,47719.93,48048.69,47332.43,47543.3,382.73986593
2021-12-29 00:00:00,47597.7,48157.41,47480.0,48022.82,206.09727493
2021-12-29 04:00:00,48019.89,48076.53,47534.78,47546.06,182.10102793
2021-12-29 08:00:00,47575.47,48079.0,47398.16,47748.34,266.59271646
2021-12-29 12:00:00,47728.0,48042.93,46596.0,47981.83,697.96167055
2021-12-29 16:00:00,47995.14,48053.31,46993.06,47148.29,407.67150627
2021-12-29 20:00:00,47161.2,47722.19,46099.94,46483.36,328.88396215
2021-12-30 00:00:00,46474.59,46846.8,45934.37,46517.75,458.43287871
2021-12-30 04:00:00,46505.38,47105.92,46505.38,46994.93,183.79329151
2021-12-30 08:00:00,47002.24,47585.03,46660.02,47538.07,378.62837272
2021-12-30 12:00:00,47538.07,47731.46,47140.0,47142.84,526.45054021
2021-12-30 16:00:00,47162.58,47916.32,47100.0,47572.09,304.24628838
2021-12-30 20:00:00,47580.01,47702.97,46738.85,47150.71,310.7190715
2021-12-31 00:00:00,47110.3,47386.74,46840.0,47204.09,152.05303883
2021-12-31 04:00:00,47210.0,47560.04,46824.29,47178.94,277.11887489
2021-12-31 08:00:00,47199.0,48589.47,47084.06,47989.61,428.19382852
2021-12-31 12:00:00,48010.08,48146.05,47840.0,47951.93,163.55298236
2021-12-31 16:00:00,47970.83,48109.99,45666.0,45703.05,520.08710273
2021-12-31 20:00:00,45703.05,46560.81,45655.31,46214.37,257.54677673
2022-01-01 00:00:00,46230.0,46928.9,46199.9,46814.16,139.1597165
2022-01-01 04:00:00,46814.16,47548.93,46562.27,47236.65,188.86553672
2022-01-01 08:00:00,47198.78,47337.16,46720.0,46767.08,175.62074886
2022-01-01 12:00:00,46771.09,47482.72,46770.67,47225.91,62.15790945
2022-01-01 16:00:00,47281.24,47960.98,47200.56,47350.03,103.88061433
2022-01-01 20:00:00,47350.03,47833.48,47229.86,47777.42,71.83607727
2022-01-02 00:00:00,47745.25,47784.94,47277.0,47348.29,52.28538013
2022-01-02 04:00:00,47348.29,47436.03,46780.0,47194.81,108.00617455
2022-01-02 08:00:00,47196.75,47503.03,46992.7,47254.45,52.19652496
2022-01-02 12:00:00,47247.22,47446.1,47030.05,47345.92,71.55483494
2022-01-02 16:00:00,47359.86,47989.0,46660.0,46907.08,255.87669107
2022-01-02 20:00:00,46905.37,47488.83,46852.12,47350.22,162.17514975
2022-01-03 00:00:00,47290.55,47291.13,46725.6,46799.72,83.04022002
2022-01-03 04:00:00,46791.13,47222.99,46771.22,47070.27,102.22960241
2022-01-03 08:00:00,47071.61,47438.94,46788.0,47399.93,123.56745242
2022-01-03 12:00:00,47414.12,47586.58,46588.4,46701.11,307.38348435
2022-01-03 16:00:00,46669.33,46801.0,46288.83,46377.2,186.72513438
2022-01-03 20:00:00,46364.81,46579.41,45692.13,46439.89,337.23319474
2022-01-04 00:00:00,46464.01,46542.04,45941.07,46339.22,88.89337928
2022-01-04 04:00:00,46330.66,46589.72,46031.95,46527.61,178.1726937
2022-01-04 08:00:00,46567.04,46768.17,46294.11,46717.24,179.53366576
2022-01-04 12:00:00,46747.59,47526.0,46416.03,46881.25,534.6833635
2022-01-04 16:00:00,46917.25,46985.36,45539.05,46006.67,588.17418901
2022-01-04 20:00:00,46022.83,46407.9,45746.88,45820.0,263.15554569
2022-01-05 00:00:00,45828.77,46553.66,45714.55,46444.49,140.31537537
2022-01-05 04:00:00,46435.52,46520.86,46242.6,46404.74,89.81326739
2022-01-05 08:00:00,46404.77,46855.06,46116.26,46288.54,218.70829023
2022-01-05 12:00:00,46281.88,46841.56,45896.74,46635.15,767.90952565
2022-01-05 16:00:00,46640.54,46680.29,44524.18,44674.69,948.06514863
2022-01-05 20:00:00,44679.47,44826.98,42413.59,43435.8,1232.73417032
2022-01-06 00:00:00,43417.31,43782.86,42804.33,42845.3,438.80587678
2022-01-06 04:00:00,42848.88,43280.26,42591.68,43239.68,338.83269178
2022-01-06 08:00:00,43242.03,43263.19,42414.0,42860.97,336.45926651
2022-01-06 12:00:00,42912.16,43235.44,42636.28,42943.65,502.48951264
2022-01-06 16:00:00,42952.69,43517.06,42743.29,43433.68,670.61122662
2022-01-06 20:00:00,43453.3,43584.75,43002.29,43097.6,162.91451917
2022-01-07 00:00:00,43093.4,43135.35,41508.12,41807.15,403.14269926
2022-01-07 04:00:00,41754.1,41950.83,40938.98,41722.02,631.04778373
2022-01-07 08:00:00,41675.16,42745.2,41608.98,42265.91,483.73124343
2022-01-07 12:00:00,42294.53,42745.2,40600.0,41318.94,698.08571025
2022-01-07 16:00:00,41317.33,42286.31,40927.27,41762.67,432.93998581
2022-01-07 20:00:00,41791.7,42040.0,41333.65,41535.66,335.25843839
2022-01-08 00:00:00,41576.73,42235.62,41566.08,41805.51,175.87302017
2022-01-08 04:00:00,41846.12,42010.38,41757.0,41921.4,90.44096561
2022-01-08 08:00:00,41908.45,42208.08,41779.0,41961.05,122.0440502
2022-01-08 12:00:00,41961.35,42051.36,41452.27,41631.27,152.24132629
2022-01-08 16:00:00,41603.99,41740.03,40517.05,40813.21,609.00719379
2022-01-08 20:00:00,40887.96,42315.31,40723.55,41690.77,431.86706353
2022-01-09 00:00:00,41697.32,42185.0,41383.25,41852.24,170.92031635
2022-01-09 04:00:00,41845.38,42109.88,41683.42,41807.88,163.4602067
2022-01-09 08:00:00,41850.74,41983.12,41405.06,41870.45,196.9864281
2022-01-09 12:00:00,41887.91,41923.16,41200.0,41631.28,180.49536246
2022-01-09 16:00:00,41635.83,42763.46,41577.11,42719.55,543.50130366
2022-01-09 20:00:00,42712.85,42796.49,41769.03,41875.81,277.22461676
2022-01-10 00:00:00,41853.98,42046.96,41607.02,41999.51,158.03934622
2022-01-10 04:00:00,41991.21,42256.55,41835.91,42056.48,190.77863852
2022-01-10 08:00:00,42064.99,42117.43,41458.76,41525.19,337.99894756
2022-01-10 12:00:00,41551.59,41616.41,39558.7,41000.66,1445.2745642
2022-01-10 16:00:00,41003.97,42134.44,40567.0,41297.19,1025.03061979
2022-01-10 20:00:00,41299.02,41988.73,41176.12,41845.42,336.8916702
2022-01-11 00:00:00,41842.22,42395.66,41570.1,42295.74,253.04246872
2022-01-11 04:00:00,42312.06,42381.34,41983.31,42217.1,223.74504722
2022-01-11 08:00:00,42220.16,42642.79,41599.03,41873.33,429.41315864
2022-01-11 12:00:00,41840.5,42172.0,41284.11,41749.36,383.21136527
2022-01-11 16:00:00,41750.69,43116.0,41705.46,42993.77,811.07262217
2022-01-11 20:00:00,43022.16,43144.74,42621.59,42736.0,342.16948879
2022-01-12 00:00:00,42754.44,42976.41,42471.17,42631.24,188.3553475
2022-01-12 04:00:00,42613.52,42878.88,42478.76,42592.14,112.48695891
2022-01-12 08:00:00,42580.55,43468.95,42534.05,42958.5,503.8802193
2022-01-12 12:00:00,42947.19,44099.05,42899.91,43580.41,926.70550454
2022-01-12 16:00:00,43588.51,43909.0,43328.7,43772.13,542.84844329
2022-01-12 20:00:00,43763.65,44337.26,43664.44,43933.5,228.48562753
2022-01-13 00:00:00,43935.01,44078.99,43440.72,43537.27,233.28154065
2022-01-13 04:00:00,43525.86,43827.03,43525.86,43730.22,110.68070486
2022-01-13 08:00:00,43738.18,44046.19,43515.0,43637.23,360.8321768
2022-01-13 12:00:00,43618.65,44456.34,42839.53,43224.56,689.55559691
2022-01-13 16:00:00,43215.39,43497.83,42547.75,42723.39,376.4522037
2022-01-13 20:00:00,42723.93,42919.51,42321.0,42571.94,223.08101981
2022-01-14 00:00:00,42579.44,42808.69,42388.88,42664.26,87.94401149
2022-01-14 04:00:00,42664.26,42999.99,42615.0,42668.33,138.02845081
2022-01-14 08:00:00,42675.96,42721.37,41848.91,42019.38,322.42773214
2022-01-14 12:00:00,42016.04,43351.5,41782.21,43123.8,488.90642266
2022-01-14 16:00:00,43121.68,43425.0,42796.49,43107.82,253.54653796
2022-01-14 20:00:00,43107.82,43468.95,43035.62,43102.35,95.97960328
2022-01-15 00:00:00,43085.76,43198.17,42897.5,42949.01,89.06046385
2022-01-15 04:00:00,42953.43,43132.95,42745.2,43100.96,150.35394512
2022-01-15 08:00:00,43112.46,43312.83,42900.18,43055.04,75.1992193
2022-01-15 12:00:00,43038.18,43436.31,42387.86,43427.45,171.14436872
2022-01-15 16:00:00,43439.0,43573.33,43262.64,43565.83,75.01213497
2022-01-15 20:00:00,43565.83,43826.8,43072.32,43102.01,146.88839101
2022-01-16 00:00:00,43084.77,43184.52,42856.35,43026.6,67.75903265
2022-01-16 04:00:00,43010.04,43298.0,42895.0,43240.48,96.73499282
2022-01-16 08:00:00,43242.55,43337.7,42800.0,42984.22,115.19855178
2022-01-16 12:00:00,43014.01,43451.62,42615.0,43248.79,170.77769408
2022-01-16 16:00:00,43304.45,43495.59,42828.89,42861.4,87.76692516
2022-01-16 20:00:00,42834.35,43285.61,42769.0,43107.7,83.71583085
2022-01-17 00:00:00,43099.08,43209.47,42615.9,42615.9,131.84053316
2022-01-17 04:00:00,42658.85,42984.0,42337.05,42663.7,207.68300506
2022-01-17 08:00:00,42693.14,42936.1,42593.0,42688.86,136.54761883
2022-01-17 12:00:00,42685.64,42800.59,42400.0,42499.4,124.98864949
2022-01-17 16:00:00,42502.72,42555.4,41860.0,42271.56,238.82684839
2022-01-17 20:00:00,42271.56,42392.35,41581.0,42255.07,220.12273304
2022-01-18 00:00:00,42230.09,42439.24,41982.09,42059.92,91.65279886
2022-01-18 04:00:00,42074.92,42351.26,41889.01,42058.98,173.59665606
2022-01-18 08:00:00,42072.73,42083.94,41482.63,41886.78,233.74254233
2022-01-18 12:00:00,41880.31,41955.41,41290.06,41615.64,487.97333265
2022-01-18 16:00:00,41604.01,41795.84,41391.85,41700.05,378.36875115
2022-01-18 20:00:00,41704.24,42685.25,41520.84,42377.4,273.53677858
2022-01-19 00:00:00,42378.23,42524.0,41582.25,41713.0,292.32668945
2022-01-19 04:00:00,41737.43,41866.32,41158.21,41255.72,139.18430605
2022-01-19 08:00:00,41270.65,42172.0,41145.23,42066.45,358.93680463
2022-01-19 12:00:00,42059.31,42589.9,41846.81,42029.96,351.65291752
2022-01-19 16:00:00,41987.92,42368.0,41707.15,41887.02,334.91666574
2022-01-19 20:00:00,41885.09,42024.48,41559.0,41683.21,187.6866693
2022-01-20 00:00:00,41733.21,42101.0,41665.74,41962.12,105.53543929
2022-01-20 04:00:00,41965.01,42148.0,41800.0,42086.2,80.1840298
2022-01-20 08:00:00,42086.44,42252.79,41832.91,42160.49,157.16177287
2022-01-20 12:00:00,42114.11,43468.95,41943.89,43310.0,646.65646911
2022-01-20 16:00:00,43323.57,43518.69,42800.0,42909.58,439.46687299
2022-01-20 20:00:00,42948.56,43001.8,40554.14,40736.05,996.14802289
2022-01-21 00:00:00,40654.72,41115.58,38250.0,38458.45,1005.02544212
2022-01-21 04:00:00,38426.25,39169.24,38426.25,39169.24,670.4958542
2022-01-21 08:00:00,39131.35,39303.25,38680.82,38907.52,577.38593565
2022-01-21 12:00:00,38891.8,39054.81,37683.9,38861.89,1144.30609361
2022-01-21 16:00:00,38869.29,39068.28,37850.0,37977.06,890.52392271
2022-01-21 20:00:00,37974.83,38463.9,35423.0,36495.46,1913.30885263
2022-01-22 00:00:00,36447.37,36825.98,36020.0,36350.37,477.01725374
2022-01-22 04:00:00,36341.17,36427.46,35111.0,35398.6,809.48810351
2022-01-22 08:00:00,35408.23,35922.39,34000.0,35428.77,1360.22231996
2022-01-22 12:00:00,35480.35,36195.21,34800.0,34861.43,672.75002653
2022-01-22 16:00:00,34882.36,35494.17,34259.43,34537.88,612.78791712
2022-01-22 20:00:00,34545.29,35711.2,34445.78,35091.11,578.1065655
2022-01-23 00:00:00,35084.79,35545.02,34819.58,35077.89,361.30759977
2022-01-23 04:00:00,35073.21,35759.22,34980.56,35628.43,383.9113769
2022-01-23 08:00:00,35587.97,36183.4,35366.69,35700.0,759.20022883
2022-01-23 12:00:00,35711.31,36112.04,35071.03,35300.71,364.78306387
2022-01-23 16:00:00,35321.82,35466.5,34624.59,34799.12,259.48232958
2022-01-23 20:00:00,34784.65,36574.47,34736.8,36293.62,405.01937704
2022-01-24 00:00:00,36262.21,36276.86,35186.59,35387.34,340.01425352
2022-01-24 04:00:00,35366.56,35496.19,34820.04,34889.71,315.75473415
2022-01-24 08:00:00,34909.14,38050.0,32967.93,33708.61,1839.74330115
2022-01-24 12:00:00,33705.11,34363.25,32950.72,34205.92,1561.05892604
2022-01-24 16:00:00,34244.22,36470.08,33830.82,36100.58,1438.20339283
2022-01-24 20:00:00,36088.88,37556.25,35973.07,36724.99,840.37967258
2022-01-25 00:00:00,36721.59,36721.81,35965.51,36463.75,211.43731052
2022-01-25 04:00:00,36454.87,36511.48,35722.43,36075.15,259.75389228
2022-01-25 08:00:00,36047.9,36814.81,36030.04,36444.0,758.75124149
2022-01-25 12:00:00,36449.24,37170.37,36000.0,36554.63,721.61268407
2022-01-25 16:00:00,36559.47,37552.3,36525.78,37110.4,522.15144126
2022-01-25 20:00:00,37100.0,37124.83,36442.83,36975.91,319.98450949
2022-01-26 00:00:00,37006.76,37534.08,36589.4,37436.93,196.41264477
2022-01-26 04:00:00,37466.07,38000.0,37191.91,37371.78,321.70899601
2022-01-26 08:00:00,37382.52,38267.94,37364.28,38126.23,363.63200608
2022-01-26 12:00:00,38125.14,38532.44,37642.48,38006.94,691.04623981
2022-01-26 16:00:00,37993.91,38946.0,37426.05,37594.45,980.68749537
2022-01-26 20:00:00,37582.98,37582.98,36279.21,36829.32,1109.66818865
2022-01-27 00:00:00,36824.02,37114.27,35535.0,35774.8,495.31031223
2022-01-27 04:00:00,35774.9,36312.23,35721.96,36196.5,325.78966602
2022-01-27 08:00:00,36225.27,36814.61,35838.17,36712.4,384.15954744
2022-01-27 12:00:00,36718.73,37230.0,36500.0,36653.13,414.7051065
2022-01-27 16:00:00,36666.79,36784.8,35900.0,36241.61,673.60598316
2022-01-27 20:00:00,36232.81,37251.0,35511.32,37208.36,810.25239564
2022-01-28 00:00:00,37179.62,37480.0,36635.7,37373.22,314.55420705
2022-01-28 04:00:00,37375.11,37534.15,36794.44,36798.61,300.49054368
2022-01-28 08:00:00,36797.89,36875.63,36336.57,36457.65,335.37441354
2022-01-28 12:00:00,36460.11,37308.24,36173.98,37218.29,694.29058747
2022-01-28 16:00:00,37223.99,37390.7,36775.0,37257.28,379.00143345
2022-01-28 20:00:00,37255.63,38022.11,37155.82,37748.36,396.94292187
2022-01-29 00:00:00,37713.14,38012.29,37484.05,37766.76,133.37715187
2022-01-29 04:00:00,37766.76,37959.81,37622.0,37868.82,84.58187559
2022-01-29 08:00:00,37880.79,37956.73,37605.0,37772.99,110.46405849
2022-01-29 12:00:00,37763.17,38225.27,37327.79,37591.64,234.1970422
2022-01-29 16:00:00,37597.06,37978.46,37350.0,37882.2,367.19100948
2022-01-29 20:00:00,37882.2,38741.67,37847.08,38192.65,367.09778505
2022-01-30 00:00:00,38176.45,38288.88,37765.79,37941.62,90.70509484
2022-01-30 04:00:00,37969.13,38325.75,37923.2,38277.99,105.49864752
2022-01-30 08:00:00,38325.76,38378.88,37846.99,38145.26,155.14725455
2022-01-30 12:00:00,38143.16,38165.68,37752.05,37990.2,87.39696342
2022-01-30 16:00:00,38021.04,38097.25,37466.44,37535.75,97.76210416
2022-01-30 20:00:00,37523.62,38262.55,37372.59,37941.82,172.28474823
2022-01-31 00:00:00,37914.1,37970.29,36631.66,37057.26,290.37419169
2022-01-31 04:00:00,37035.77,37217.21,36828.14,37141.57,140.5164656
2022-01-31 08:00:00,37141.57,37364.74,36909.23,37313.49,408.33010793
2022-01-31 12:00:00,37285.77,37914.32,36825.0,37735.91,364.08176099
2022-01-31 16:00:00,37745.5,38750.0,37705.17,38437.98,429.91363692
2022-01-31 20:00:00,38430.81,38776.33,38253.22,38491.92,375.91384024
2022-02-01 00:00:00,38483.56,38669.8,38218.04,38647.57,224.66713676
2022-02-01 04:00:00,38625.27,38692.19,38250.0,38468.39,135.94081647
2022-02-01 08:00:00,38464.94,39115.16,38033.78,38479.97,461.65839005
2022-02-01 12:00:00,38489.73,39068.28,38188.12,38644.52,564.94862565
2022-02-01 16:00:00,38656.85,39285.0,38354.16,38419.75,513.34389962
2022-02-01 20:00:00,38408.99,38912.4,38388.18,38733.04,173.37984855
2022-02-02 00:00:00,38768.08,38883.96,38400.0,38589.96,181.96659791
2022-02-02 04:00:00,38575.46,38580.44,38213.0,38285.66,138.52426886
2022-02-02 08:00:00,38314.36,38626.98,38275.44,38497.0,139.47396228
2022-02-02 12:00:00,38516.36,38788.16,37370.0,37462.38,544.12282483
2022-02-02 16:00:00,37420.39,37694.71,37085.0,37601.0,265.49569198
2022-02-02 20:00:00,37601.01,37694.58,36618.36,36923.5,403.12384923
2022-02-03 00:00:00,36924.5,37071.2,36750.0,36851.25,106.18586804
2022-02-03 04:00:00,36849.13,37130.52,36807.09,37055.06,172.31373626
2022-02-03 08:00:00,37065.74,37140.47,36300.0,36805.53,289.56634438
2022-02-03 12:00:00,36816.74,37000.0,36264.55,36950.7,408.89054311
2022-02-03 16:00:00,36947.79,37126.35,36471.97,36582.08,226.94023371
2022-02-03 20:00:00,36566.81,37391.74,36270.0,37320.11,420.49342121
2022-02-04 00:00:00,37330.75,37472.19,37064.28,37347.33,285.01354127
2022-02-04 04:00:00,37333.86,38222.04,37277.73,37891.79,342.01219797
2022-02-04 08:00:00,37891.78,38262.4,37813.4,37826.52,221.51570741
2022-02-04 12:00:00,37854.18,39841.4,37325.0,39491.12,1359.90713289
2022-02-04 16:00:00,39501.68,40913.48,39477.23,40747.14,1067.24342931
2022-02-04 20:00:00,40745.14,41760.39,40402.46,41579.57,625.9068952
2022-02-05 00:00:00,41608.82,41983.12,41202.7,41486.41,648.10693829
2022-02-05 04:00:00,41486.41,41775.77,41395.41,41413.8,188.46875657
2022-02-05 08:00:00,41415.43,41677.64,41258.6,41468.3,212.16294464
2022-02-05 12:00:00,41488.89,41932.8,41329.42,41809.38,233.8299768
2022-02-05 16:00:00,41803.69,41892.2,40975.0,41586.68,393.59909602
2022-02-05 20:00:00,41586.68,41796.78,41360.18,41427.72,216.07026171
2022-02-06 00:00:00,41422.7,41670.15,41318.99,41488.47,84.52913543
2022-02-06 04:00:00,41486.91,41750.0,41341.18,41650.0,90.82231028
2022-02-06 08:00:00,41644.52,41732.56,41366.61,41541.42,150.47961872
2022-02-06 12:00:00,41547.49,42232.58,41141.81,41550.36,235.08099317
2022-02-06 16:00:00,41556.68,41782.21,41453.85,41761.53,65.21716617
2022-02-06 20:00:00,41742.84,42701.86,41527.95,42420.24,228.54649067
2022-02-07 00:00:00,42420.24,43000.0,41682.11,42865.58,356.14268217
2022-02-07 04:00:00,42847.33,43067.74,42591.21,42780.01,441.68108477
2022-02-07 08:00:00,42765.04,42808.0,42267.25,42763.38,347.59117315
2022-02-07 12:00:00,42769.98,43940.67,42538.71,43873.9,675.6026179
2022-02-07 16:00:00,43888.5,44524.18,43527.76,44286.8,477.94320274
2022-02-07 20:00:00,44282.9,44480.83,43775.0,43869.04,302.50867966
2022-02-08 00:00:00,43895.6,44228.71,43600.0,44228.71,130.15102669
2022-02-08 04:00:00,44226.01,45501.0,44137.45,44915.71,497.41599592
2022-02-08 08:00:00,44907.41,44979.45,43575.36,44029.1,538.72914054
2022-02-08 12:00:00,44025.13,44036.36,42945.0,43481.18,497.66857387
2022-02-08 16:00:00,43485.54,43730.39,42701.19,43029.58,531.71579394
2022-02-08 20:00:00,43029.57,44431.63,42965.02,44091.56,396.12093255
2022-02-09 00:00:00,44106.95,44380.02,43183.29,43392.03,301.8552927
2022-02-09 04:00:00,43398.93,43924.13,43164.0,43853.56,137.58776446
2022-02-09 08:00:00,43863.6,43968.53,43219.72,43785.19,322.41361989
2022-02-09 12:00:00,43763.26,44488.88,43683.56,43911.46,334.57518039
2022-02-09 16:00:00,43921.32,44738.28,43677.97,44511.9,262.19462382
2022-02-09 20:00:00,44551.7,44865.72,44257.99,44426.84,267.25704381
2022-02-10 00:00:00,44426.24,44426.24,43625.62,43821.7,164.36284448
2022-02-10 04:00:00,43842.8,44165.23,43625.0,44120.52,128.55298764
2022-02-10 08:00:00,44116.61,45200.16,44099.29,44879.25,300.59480957
2022-02-10 12:00:00,44877.39,45732.22,43209.07,44972.87,1036.33273397
2022-02-10 16:00:00,45000.0,45850.0,44378.99,44401.99,532.53398298
2022-02-10 20:00:00,44392.42,44715.43,43373.83,43524.6,530.24603944
2022-02-11 00:00:00,43540.15,43772.44,42625.0,43384.61,424.46096115
2022-02-11 04:00:00,43372.06,43451.79,42847.85,43384.96,149.65390492
2022-02-11 08:00:00,43387.46,43643.97,42902.79,43386.52,286.79441675
2022-02-11 12:00:00,43386.21,43969.72,43292.26,43713.91,316.30055891
2022-02-11 16:00:00,43698.38,43804.04,42083.94,42756.53,562.10209579
2022-02-11 20:00:00,42764.53,42886.11,41983.12,42406.19,431.06045989
2022-02-12 00:00:00,42392.22,42489.65,42193.91,42307.51,130.36694832
2022-02-12 04:00:00,42313.07,42443.69,41741.88,42131.17,114.64106329
2022-02-12 08:00:00,42135.5,42461.2,41877.9,42418.9,149.5175063
2022-02-12 12:00:00,42418.98,42459.03,41820.0,42146.63,113.48707654
2022-02-12 16:00:00,42148.5,43034.0,42020.38,42675.12,181.15246075
2022-02-12 20:00:00,42675.12,42788.43,41740.06,42241.11,203.18027523
2022-02-13 00:00:00,42232.68,42519.17,42077.71,42263.03,65.01748932
2022-02-13 04:00:00,42283.73,42483.76,42145.62,42452.49,38.07828029
2022-02-13 08:00:00,42415.4,42674.9,42289.02,42502.25,66.61519075
2022-02-13 12:00:00,42486.83,42779.6,42207.12,42597.08,83.3365473
2022-02-13 16:00:00,42600.59,42607.53,41882.54,42051.89,166.36243951
2022-02-13 20:00:00,42056.89,42498.88,41970.69,42077.74,96.04579511
2022-02-14 00:00:00,42078.53,42190.82,41575.0,41930.37,133.54591978
2022-02-14 04:00:00,41915.02,42388.11,41754.03,42337.26,134.0812016
2022-02-14 08:00:00,42337.26,42438.52,41935.36,42132.13,327.99364012
2022-02-14 12:00:00,42119.28,42871.68,41961.66,42600.5,255.32363246
2022-02-14 16:00:00,42601.65,42843.03,41825.39,42150.0,228.77077567
2022-02-14 20:00:00,42147.8,42824.43,42004.66,42540.3,191.17134734
2022-02-15 00:00:00,42567.27,43701.0,42469.96,43600.07,241.93261648
2022-02-15 04:00:00,43621.47,43805.6,43426.83,43735.69,168.44055746
2022-02-15 08:00:00,43717.62,44476.21,43638.88,44275.8,749.85686202
2022-02-15 12:00:00,44273.2,44543.9,44060.42,44228.02,170.36070761
2022-02-15 16:00:00,44248.38,44272.8,43882.82,44026.36,182.99454533
2022-02-15 20:00:00,44013.95,44785.66,43964.54,44582.48,259.33796938
2022-02-16 00:00:00,44590.75,44590.75,43938.7,44018.95,90.56796858
2022-02-16 04:00:00,44016.18,44230.14,43718.58,44227.69,126.5425167
2022-02-16 08:00:00,44225.15,44362.01,43908.88,44213.54,128.18857278
2022-02-16 12:00:00,44217.04,44250.0,43312.83,43630.5,308.35783596
2022-02-16 16:00:00,43630.5,44407.51,43367.73,44260.65,399.67470897
2022-02-16 20:00:00,44260.66,44402.2,43874.77,43901.48,198.50199121
2022-02-17 00:00:00,43901.49,44204.78,43598.93,43614.62,159.8790155
2022-02-17 04:00:00,43592.93,43965.13,43373.83,43962.04,142.25147446
2022-02-17 08:00:00,43965.73,44046.19,42950.74,43208.04,427.86350469
2022-02-17 12:00:00,43191.99,43376.16,41700.0,41958.26,591.5153525
2022-02-17 16:00:00,41937.62,42141.99,40804.6,41236.6,602.35141381
2022-02-17 20:00:00,41226.14,41226.14,40088.88,40556.11,513.62959992
2022-02-18 00:00:00,40532.66,40972.11,40331.93,40727.25,295.18005517
2022-02-18 04:00:00,40731.95,40815.35,40503.6,40690.03,221.94045127
2022-02-18 08:00:00,40697.33,40996.31,40112.78,40209.15,286.79307211
2022-02-18 12:00:00,40220.35,40811.13,39626.36,39860.98,700.34930235
2022-02-18 16:00:00,39835.62,40434.36,39450.0,40232.95,532.40213478
2022-02-18 20:00:00,40236.66,40311.76,39745.63,39996.99,176.04990442
2022-02-19 00:00:00,40008.75,40322.8,39952.19,40171.33,114.48059043
2022-02-19 04:00:00,40171.33,40471.27,40106.98,40306.75,56.26012411
2022-02-19 08:00:00,40297.75,40335.58,39587.08,39858.1,194.2208002
2022-02-19 12:00:00,39862.48,40086.02,39655.26,39985.6,184.65841027
2022-02-19 16:00:00,39980.5,40360.2,39876.85,39979.8,89.7214346
2022-02-19 20:00:00,39979.8,40166.49,39822.03,40109.02,56.31293639
2022-02-20 00:00:00,40108.62,40151.62,39716.56,39822.84,50.31451666
2022-02-20 04:00:00,39825.16,39853.22,38602.54,38811.55,437.76564637
2022-02-20 08:00:00,38782.5,38850.0,37974.18,38366.8,348.03947633
2022-02-20 12:00:00,38371.59,38628.0,38039.56,38373.62,121.285008
2022-02-20 16:00:00,38367.5,38536.17,38188.12,38409.51,110.09128762
2022-02-20 20:00:00,38416.41,38983.0,38059.05,38373.9,216.01561242
2022-02-21 00:00:00,38384.09,39397.63,38208.64,38939.65,322.87688563
2022-02-21 04:00:00,38973.81,39494.11,38956.51,39335.98,156.88320371
2022-02-21 08:00:00,39312.15,39395.59,37375.6,37606.76,574.50354301
2022-02-21 12:00:00,37590.05,39304.14,37200.02,38853.47,941.95498485
2022-02-21 16:00:00,38850.57,39168.73,37562.59,38154.35,845.96094234
2022-02-21 20:00:00,38166.06,38463.9,36810.72,37076.6,659.24080464
2022-02-22 00:00:00,37036.98,37462.33,36368.99,36601.97,528.79003829
2022-02-22 04:00:00,36612.29,37265.06,36543.21,36790.54,439.1800109
2022-02-22 08:00:00,36788.87,37883.78,36764.52,37552.95,292.6373142
2022-02-22 12:00:00,37524.0,38339.48,37301.0,37760.8,509.70936349
2022-02-22 16:00:00,37782.7,38183.1,37400.0,38085.19,407.79764434
2022-02-22 20:00:00,38127.16,38463.88,37782.46,38269.94,210.64466393
2022-02-23 00:00:00,38269.94,38381.0,37552.3,37786.4,154.00222988
2022-02-23 04:00:00,37763.79,38245.84,37749.08,38189.12,136.71098464
2022-02-23 08:00:00,38174.24,39162.1,38109.16,38811.2,343.71481352
2022-02-23 12:00:00,38821.3,39303.24,38463.9,38535.68,373.25513172
2022-02-23 16:00:00,38539.7,38794.0,37538.84,37636.45,527.45011209
2022-02-23 20:00:00,37631.18,37821.15,37060.16,37274.18,243.14198648
2022-02-24 00:00:00,37253.26,37444.13,34724.93,34945.2,1013.33342568
2022-02-24 04:00:00,34966.87,35536.74,34324.05,35313.4,2369.97937553
2022-02-24 08:00:00,35311.31,35888.88,34823.07,35441.97,684.20861343
2022-02-24 12:00:00,35460.62,36167.64,35071.03,35964.57,544.77835943
2022-02-24 16:00:00,35925.32,37388.88,35770.8,37328.59,656.88752616
2022-02-24 20:00:00,37350.42,39720.0,37322.65,38376.88,1033.66365636
2022-02-25 00:00:00,38360.93,39019.83,38176.97,38945.92,240.11991157
2022-02-25 04:00:00,38927.42,38950.43,38331.16,38519.32,163.21002713
2022-02-25 08:00:00,38488.58,38881.31,38027.61,38771.98,225.32452386
2022-02-25 12:00:00,38781.89,39727.97,38730.34,39481.66,643.93492891
2022-02-25 16:00:00,39442.92,39603.77,38556.27,38703.22,593.90602085
2022-02-25 20:00:00,38678.53,39680.89,38645.9,39231.64,336.35641499
2022-02-26 00:00:00,39242.64,40330.99,39099.51,39428.69,241.38283512
2022-02-26 04:00:00,39423.55,39488.93,38974.68,39227.4,126.04946021
2022-02-26 08:00:00,39219.53,39559.22,38600.0,38972.16,137.30369335
2022-02-26 12:00:00,38970.73,39380.32,38807.49,39274.16,110.8055151
2022-02-26 16:00:00,39235.05,39444.91,38854.55,39291.0,119.42804016
2022-02-26 20:00:00,39269.54,39681.18,38938.99,39146.66,177.75454296
2022-02-27 00:00:00,39146.66,39285.02,38218.11,38637.49,139.99387884
2022-02-27 04:00:00,38637.15,38901.1,38482.91,38837.37,56.81822156
2022-02-27 08:00:00,38841.57,39547.24,38659.86,39520.81,142.59645717
2022-02-27 12:00:00,39542.34,39886.92,38614.13,39377.9,284.13752287
2022-02-27 16:00:00,39377.9,39474.0,37538.96,37644.68,275.34363161
2022-02-27 20:00:00,37588.0,38303.39,37015.74,37712.68,802.92733102
2022-02-28 00:00:00,37717.1,38378.0,37468.99,37814.44,145.04367385
2022-02-28 04:00:00,37798.22,38488.88,37501.0,38378.13,150.42344528
2022-02-28 08:00:00,38375.17,38688.88,38104.13,38367.53,355.29880829
2022-02-28 12:00:00,38365.56,40912.56,37914.32,40846.38,888.67712083
2022-02-28 16:00:00,40860.33,41476.2,40524.73,41362.52,669.91501392
2022-02-28 20:00:00,41361.99,44256.08,41284.11,43178.98,951.26000827
2022-03-01 00:00:00,43221.71,43750.0,42870.04,43172.05,425.7147327
2022-03-01 04:00:00,43171.86,43573.33,43055.25,43529.83,203.55953821
2022-03-01 08:00:00,43500.0,43888.0,42847.85,43633.64,431.90414335
2022-03-01 12:00:00,43617.25,44981.22,43364.81,43701.49,1028.00011786
2022-03-01 16:00:00,43674.54,44097.95,43220.69,43760.38,510.42280398
2022-03-01 20:00:00,43737.94,44534.68,43737.77,44443.96,231.69588618
2022-03-02 00:00:00,44443.98,44751.26,43835.4,44361.64,157.61649814
2022-03-02 04:00:00,44362.04,44566.22,43688.36,44000.44,316.87942482
2022-03-02 08:00:00,44002.46,44377.34,43777.33,44159.4,180.53047012
2022-03-02 12:00:00,44135.74,45332.38,43350.0,44151.87,916.72822202
2022-03-02 16:00:00,44083.23,44501.0,43462.52,43729.4,304.95357841
2022-03-02 20:00:00,43729.45,44380.88,43711.82,43936.72,166.84864598
2022-03-03 00:00:00,43936.73,44078.96,43209.07,43352.07,115.00660628
2022-03-03 04:00:00,43320.87,43698.06,42934.01,43483.51,197.35860984
2022-03-03 08:00:00,43481.28,43645.35,43076.54,43422.59,138.97887587
2022-03-03 12:00:00,43389.41,44118.53,42343.56,42559.31,577.79151698
2022-03-03 16:00:00,42544.09,42745.2,42044.0,42214.75,836.97431963
2022-03-03 20:00:00,42201.57,42716.97,41832.34,42476.26,387.32084098
2022-03-04 00:00:00,42476.25,42540.57,41077.6,41439.51,338.21721328
2022-03-04 04:00:00,41441.61,41504.84,41125.0,41461.38,135.1339171
2022-03-04 08:00:00,41453.78,41901.0,40800.0,41653.63,363.33383758
2022-03-04 12:00:00,41700.63,41820.24,40551.14,40700.74,745.28057109
2022-03-04 16:00:00,40669.16,40958.34,39659.58,39773.94,488.03606982
2022-03-04 20:00:00,39781.22,39869.89,38590.95,39175.56,423.6558215
2022-03-05 00:00:00,39170.19,39216.5,38600.3,39079.97,149.75422944
2022-03-05 04:00:00,39092.96,39162.1,38711.58,39033.09,88.49858475
2022-03-05 08:00:00,39047.25,39285.63,38800.0,39159.85,211.38779183
2022-03-05 12:00:00,39146.25,39350.41,38915.0,39174.45,101.74792143
2022-03-05 16:00:00,39170.28,39620.3,39137.67,39457.36,107.00802089
2022-03-05 20:00:00,39457.36,39592.97,39290.52,39416.79,148.51488037
2022-03-06 00:00:00,39390.31,39701.0,39280.0,39293.36,171.1337994
2022-03-06 04:00:00,39300.33,39669.8,38812.84,39406.35,109.42149921
2022-03-06 08:00:00,39375.0,39380.39,38100.0,38357.65,248.62788921
2022-03-06 12:00:00,38347.39,39055.0,38303.32,38866.82,172.94035418
2022-03-06 16:00:00,38870.78,39350.41,38510.06,38683.68,262.51978874
2022-03-06 20:00:00,38683.41,39268.27,38147.18,38438.89,229.73040307
2022-03-07 00:00:00,38404.97,38556.27,37592.73,37865.39,240.96473677
2022-03-07 04:00:00,37893.15,38250.0,37778.15,37905.75,129.57466788
2022-03-07 08:00:00,37916.28,38417.22,37672.7,38361.61,242.45433848
2022-03-07 12:00:00,38382.73,39299.54,38382.73,39080.86,456.84172869
2022-03-07 16:00:00,39080.86,39557.26,37193.73,37321.41,508.62790044
2022-03-07 20:00:00,37325.31,38515.13,37169.52,38016.47,371.23354755
2022-03-08 00:00:00,38002.23,38953.58,37885.05,38700.56,229.04753861
2022-03-08 04:00:00,38705.56,38834.71,37990.38,38559.17,291.32775271
2022-03-08 08:00:00,38613.18,39180.0,38472.01,38983.4,391.80515027
2022-03-08 12:00:00,39045.88,39240.15,38325.76,38658.75,346.31141684
2022-03-08 16:00:00,38682.25,39377.0,38142.35,38756.92,428.54623763
2022-03-08 20:00:00,38778.19,38899.85,38391.4,38753.65,177.86651776
2022-03-09 00:00:00,38761.13,41418.02,38667.65,41230.2,439.2294162
2022-03-09 04:00:00,41310.05,41896.37,41270.44,41792.13,535.7031569
2022-03-09 08:00:00,41792.13,42438.72,41607.5,42171.34,292.88956429
2022-03-09 12:00:00,42186.51,42591.68,41672.14,42524.35,347.52692651
2022-03-09 16:00:00,42549.89,42576.62,41782.23,42264.69,185.33295108
2022-03-09 20:00:00,42220.17,42337.05,41700.0,41960.02,179.61160963
2022-03-10 00:00:00,41952.13,42053.95,40584.6,40831.26,350.25536093
2022-03-10 04:00:00,40802.68,40836.14,38846.8,39247.19,555.14108416
2022-03-10 08:00:00,39245.23,39400.0,38796.6,39089.51,427.66325749
2022-03-10 12:00:00,39090.41,40279.06,38545.19,39195.49,732.16733317
2022-03-10 16:00:00,39171.71,39573.59,38911.85,39474.23,254.38915662
2022-03-10 20:00:00,39473.88,39694.96,39097.03,39444.45,186.61863439
2022-03-11 00:00:00,39433.48,39450.69,38244.76,38735.74,329.51280359
2022-03-11 04:00:00,38736.92,39335.96,38356.44,39141.72,215.1530505
2022-03-11 08:00:00,39148.28,40209.11,38827.73,39921.45,345.5410643
2022-03-11 12:00:00,39908.89,40237.22,38918.49,39088.57,578.3500997
2022-03-11 16:00:00,39089.97,39093.47,38543.44,38791.29,293.39800823
2022-03-11 20:00:00,38782.73,39143.98,38310.71,38729.79,301.26832526
2022-03-12 00:00:00,38729.79,39318.82,38653.89,39103.77,207.76885184
2022-03-12 04:00:00,39092.13,39256.14,38942.95,39110.0,179.46033945
2022-03-12 08:00:00,39110.98,39282.2,38971.22,39090.17,109.4542441
2022-03-12 12:00:00,39112.67,39260.42,38682.47,39083.11,251.38499307
2022-03-12 16:00:00,39048.29,39458.58,38944.46,39051.36,123.76342774
2022-03-12 20:00:00,39051.36,39224.69,38741.67,38822.02,91.02380966
2022-03-13 00:00:00,38798.68,39256.14,38695.24,39200.08,74.93024463
2022-03-13 04:00:00,39205.74,39312.5,39066.98,39098.18,41.44420789
2022-03-13 08:00:00,39101.35,39140.44,38610.21,38751.26,104.5806206
2022-03-13 12:00:00,38732.97,39088.5,38400.0,38940.75,156.98727227
2022-03-13 16:00:00,38943.68,39061.84,38863.55,38883.69,73.77236747
2022-03-13 20:00:00,38859.3,38863.47,37595.62,37790.54,286.16541939
2022-03-14 00:00:00,37763.37,38325.76,37567.19,38163.49,235.84806051
2022-03-14 04:00:00,38164.88,39179.82,38146.47,39081.81,203.56702411
2022-03-14 08:00:00,39096.63,39303.25,38865.89,38908.75,205.82956535
2022-03-14 12:00:00,38902.51,39192.56,38648.86,38976.43,220.83074458
2022-03-14 16:00:00,38965.95,39073.09,38417.8,38795.53,249.23036132
2022-03-14 20:00:00,38805.15,39913.42,38606.8,39665.71,324.46192634
2022-03-15 00:00:00,39688.55,39801.0,38645.04,38786.17,198.9946195
2022-03-15 04:00:00,38754.74,38986.68,38142.35,38461.08,182.36480943
2022-03-15 08:00:00,38439.44,38793.38,38299.45,38680.52,133.68207966
2022-03-15 12:00:00,38660.92,39273.69,38488.88,39030.32,465.5710593
2022-03-15 16:00:00,39003.14,39821.87,38942.36,39718.5,261.08723374
2022-03-15 20:00:00,39736.87,39896.13,39260.15,39302.7,396.98422788
2022-03-16 00:00:00,39302.8,41693.97,38865.67,39168.28,1557.8824486
2022-03-16 04:00:00,39138.48,39667.98,38946.96,39579.9,365.95001713
2022-03-16 08:00:00,39609.0,40709.64,39588.12,40550.91,1019.69197522
2022-03-16 12:00:00,40544.75,41179.03,40263.9,40625.92,791.9605806
2022-03-16 16:00:00,40625.92,40959.0,39355.67,40897.34,1612.19335908
2022-03-16 20:00:00,40887.91,41467.11,40796.27,41142.76,639.42550839
2022-03-17 00:00:00,41142.76,41384.18,40843.01,41027.31,248.58582703
2022-03-17 04:00:00,41034.54,41497.24,40588.88,40753.96,326.92231912
2022-03-17 08:00:00,40763.41,40912.71,40496.95,40767.16,262.59514577
2022-03-17 12:00:00,40761.51,41231.28,40713.87,40811.32,300.86227805
2022-03-17 16:00:00,40829.08,40927.07,40449.06,40906.04,395.18235917
2022-03-17 20:00:00,40906.04,41081.32,40671.04,40963.22,123.61372418
2022-03-18 00:00:00,40963.22,40975.53,40300.0,40569.67,243.68948145
2022-03-18 04:00:00,40541.22,40910.95,40475.28,40602.74,161.80160767
2022-03-18 08:00:00,40587.46,40778.15,40068.88,40395.0,163.11970228
2022-03-18 12:00:00,40403.57,41084.84,40323.53,40960.69,446.9984256
2022-03-18 16:00:00,40944.68,42144.95,40926.87,42055.89,890.54529648
2022-03-18 20:00:00,42085.13,42362.0,41661.32,41794.37,218.96866823
2022-03-19 00:00:00,41781.96,42031.27,41553.88,41824.12,202.4922857
2022-03-19 04:00:00,41836.1,41969.98,41570.16,41640.98,72.11033144
2022-03-19 08:00:00,41640.98,41826.97,41610.53,41756.83,35.8939658
2022-03-19 12:00:00,41742.21,42116.88,41688.97,41990.0,190.75768642
2022-03-19 16:00:00,41974.75,42171.97,41818.3,42066.94,173.29529629
2022-03-19 20:00:00,42041.57,42405.01,41750.31,42235.31,302.3392854
2022-03-20 00:00:00,42240.43,42324.06,41798.34,41961.03,197.12848576
2022-03-20 04:00:00,41971.07,42028.57,41789.14,41883.87,54.27419148
2022-03-20 08:00:00,41879.57,41972.91,41604.02,41648.11,72.68404404
2022-03-20 12:00:00,41640.65,41726.4,41295.65,41378.59,195.97426249
2022-03-20 16:00:00,41368.07,41525.37,40930.2,41410.0,214.44137378
2022-03-20 20:00:00,41410.0,41693.97,41122.58,41242.14,326.85071609
2022-03-21 00:00:00,41293.19,41475.4,40516.86,40849.26,303.8417532
2022-03-21 04:00:00,40849.88,41159.14,40739.49,41132.09,165.86152853
2022-03-21 08:00:00,41133.93,41505.66,41100.9,41280.58,159.02335286
2022-03-21 12:00:00,41280.9,41588.7,40753.54,41243.34,763.93414802
2022-03-21 16:00:00,41254.01,41262.67,40768.38,41199.35,290.5539122
2022-03-21 20:00:00,41198.64,41392.49,40976.26,41043.14,96.28337102
2022-03-22 00:00:00,41018.36,42500.0,40901.13,42263.22,449.29574252
2022-03-22 04:00:00,42284.48,43337.41,42017.95,42270.03,724.26619289
2022-03-22 08:00:00,42268.49,43055.81,42120.87,43020.13,367.06933117
2022-03-22 12:00:00,43020.13,43249.5,42575.0,42601.81,471.23482474
2022-03-22 16:00:00,42600.56,42732.3,42290.0,42309.72,148.48786808
2022-03-22 20:00:00,42289.41,42896.7,42285.1,42393.41,215.0706941
2022-03-23 00:00:00,42393.62,42554.37,41929.19,42088.58,360.99630718
2022-03-23 04:00:00,42083.94,42300.0,41779.11,42138.43,296.70447309
2022-03-23 08:00:00,42121.31,42369.79,41908.05,42066.1,253.26364606
2022-03-23 12:00:00,42060.42,42753.71,41874.84,42660.48,406.92610506
2022-03-23 16:00:00,42658.29,42788.88,42077.58,42241.47,387.80548027
2022-03-23 20:00:00,42242.37,43021.73,42205.96,42925.41,201.02753479
2022-03-24 00:00:00,42912.21,43300.0,42670.78,42751.57,307.91102248
2022-03-24 04:00:00,42769.77,43492.74,42741.56,43105.07,461.41068727
2022-03-24 08:00:00,43096.91,43250.93,42855.54,42988.82,223.93461167
2022-03-24 12:00:00,42983.56,44050.74,42636.54,43993.5,640.94445124
2022-03-24 16:00:00,44014.44,44240.0,43785.98,43948.31,416.86893628
2022-03-24 20:00:00,43953.46,44117.71,43832.39,44025.99,122.23526557
2022-03-25 00:00:00,44025.99,44400.0,43858.98,43999.6,183.82018565
2022-03-25 04:00:00,43990.4,44234.85,43930.36,43949.93,142.77341306
2022-03-25 08:00:00,43948.54,44698.38,43616.88,44636.53,322.56422579
2022-03-25 12:00:00,44636.29,45137.12,44220.0,44310.53,716.88445428
2022-03-25 16:00:00,44351.74,44611.64,44033.62,44470.73,252.08196648
2022-03-25 20:00:00,44470.72,44633.54,44253.41,44320.6,106.94732464
2022-03-26 00:00:00,44340.49,44486.78,44101.0,44434.42,67.08165394
2022-03-26 04:00:00,44432.2,44589.39,44376.99,44535.86,85.09553281
2022-03-26 08:00:00,44540.26,44605.16,44356.29,44358.19,63.3483946
2022-03-26 12:00:00,44346.57,44431.04,44171.2,44233.39,63.43201872
2022-03-26 16:00:00,44240.36,44500.0,44167.0,44388.61,49.48434929
2022-03-26 20:00:00,44395.41,44815.31,44294.39,44535.65,166.28225274
2022-03-27 00:00:00,44553.24,44959.0,44521.46,44741.08,134.12422017
2022-03-27 04:00:00,44740.79,44790.86,44570.13,44763.49,55.12566915
2022-03-27 08:00:00,44763.49,44772.52,44527.71,44579.72,49.37905308
2022-03-27 12:00:00,44575.51,44919.0,44456.9,44887.02,135.26185267
2022-03-27 16:00:00,44887.01,45043.65,44756.79,44864.48,105.99271443
2022-03-27 20:00:00,44864.48,46950.0,44715.15,46864.39,1069.00539577
2022-03-28 00:00:00,46854.96,47765.94,46672.25,47065.9,396.8340588
2022-03-28 04:00:00,47065.9,47371.88,46767.63,47010.0,405.34538884
2022-03-28 08:00:00,47010.0,47400.0,46870.38,47281.49,321.60770904
2022-03-28 12:00:00,47281.49,47900.01,47149.56,47445.5,540.52533808
2022-03-28 16:00:00,47446.73,48234.0,47341.41,47988.7,689.79344974
2022-03-28 20:00:00,47974.06,48128.18,46897.0,47152.38,337.83190311
2022-03-29 00:00:00,47152.38,47647.45,47082.87,47360.23,194.04570842
2022-03-29 04:00:00,47360.23,47752.91,47328.63,47385.72,186.0590527
2022-03-29 08:00:00,47384.28,47993.02,47372.59,47939.26,222.84282456
2022-03-29 12:00:00,47935.15,48128.87,47370.86,47471.18,488.2378989
2022-03-29 16:00:00,47482.19,47901.0,47126.06,47755.31,342.66151877
2022-03-29 20:00:00,47736.91,47759.56,46941.84,47459.03,282.47691973
2022-03-30 00:00:00,47459.03,47487.77,46572.15,47469.64,352.4410286
2022-03-30 04:00:00,47462.19,47603.38,47167.69,47409.84,158.11442487
2022-03-30 08:00:00,47405.61,47521.25,47085.0,47355.92,256.60621536
2022-03-30 12:00:00,47345.43,47369.87,46879.92,47179.92,314.96291588
2022-03-30 16:00:00,47149.66,47721.41,46845.7,47111.08,432.12891642
2022-03-30 20:00:00,47111.7,47349.15,46867.97,47068.08,113.28971643
2022-03-31 00:00:00,47086.07,47434.45,46993.29,47110.18,113.129365
2022-03-31 04:00:00,47110.18,47202.98,46912.75,47188.67,74.23271062
2022-03-31 08:00:00,47185.41,47401.41,47072.31,47177.65,112.00586942
2022-03-31 12:00:00,47177.69,47624.18,46000.0,46472.91,399.36434727
2022-03-31 16:00:00,46469.75,46500.0,45532.72,45622.39,398.39948872
2022-03-31 20:00:00,45617.11,45877.53,45234.0,45517.27,275.83332633
2022-04-01 00:00:00,45522.53,45662.62,44244.0,44625.63,483.46780917
2022-04-01 04:00:00,44587.51,45101.76,44587.51,45018.33,247.65347362
2022-04-01 08:00:00,45041.19,45339.0,45015.56,45086.68,189.92878933
2022-04-01 12:00:00,45094.47,46739.81,44734.52,46541.84,673.35863047
2022-04-01 16:00:00,46557.14,46602.36,45916.54,46397.67,270.5680443
2022-04-01 20:00:00,46382.07,46453.51,46104.72,46307.81,88.24278168
2022-04-02 00:00:00,46306.38,47218.17,46112.43,46613.38,211.84035317
2022-04-02 04:00:00,46613.38,46689.06,46427.57,46613.9,40.82658374
2022-04-02 08:00:00,46617.08,46762.48,46521.56,46573.42,77.46138962
2022-04-02 12:00:00,46567.48,46953.11,46175.0,46299.12,152.31021516
2022-04-02 16:00:00,46317.15,46510.75,45650.0,46173.21,155.53046748
2022-04-02 20:00:00,46150.89,46348.56,45784.74,45820.28,86.3397409
2022-04-03 00:00:00,45820.28,46086.47,45565.64,45971.74,77.77931606
2022-04-03 04:00:00,45956.66,46582.73,45956.66,46384.61,101.80571821
2022-04-03 08:00:00,46437.24,46461.7,46088.65,46268.7,61.28023247
2022-04-03 12:00:00,46259.86,46728.29,46209.9,46431.34,245.52409462
2022-04-03 16:00:00,46434.83,46790.01,46237.69,46425.74,174.5175272
2022-04-03 20:00:00,46440.01,47458.48,46290.89,46401.57,402.72184384
2022-04-04 00:00:00,46414.88,46457.92,45773.76,46006.6,177.04884843
2022-04-04 04:00:00,46036.73,46305.53,45853.77,46189.39,75.31597326
2022-04-04 08:00:00,46196.56,46282.59,45801.0,46165.18,168.46882767
2022-04-04 12:00:00,46167.69,46365.25,45564.28,45628.56,265.43905683
2022-04-04 16:00:00,45595.8,45949.86,45124.79,45941.38,460.82732011
2022-04-04 20:00:00,45933.78,46891.17,45712.82,46598.2,349.54151495
2022-04-05 00:00:00,46514.43,46777.8,46417.54,46671.39,91.17900036
2022-04-05 04:00:00,46680.21,46884.45,46557.67,46716.0,78.84080162
2022-04-05 08:00:00,46729.34,46762.12,46532.14,46693.73,181.07254449
2022-04-05 12:00:00,46717.83,47201.0,45701.0,45775.0,470.69586007
2022-04-05 16:00:00,45781.2,46193.1,45479.27,45996.45,140.49160328
2022-04-05 20:00:00,46023.56,46115.56,45342.33,45502.73,165.41062726
2022-04-06 00:00:00,45512.95,45522.15,44419.88,45195.64,388.7309087
2022-04-06 04:00:00,45239.75,45548.77,45140.98,45309.7,108.96777038
2022-04-06 08:00:00,45265.8,45489.24,44693.22,44809.96,237.93139991
2022-04-06 12:00:00,44807.05,44998.98,43705.73,44178.07,1136.48655844
2022-04-06 16:00:00,44171.78,44281.67,43086.8,43772.68,932.59172785
2022-04-06 20:00:00,43772.45,44028.74,43115.57,43191.59,268.84853188
2022-04-07 00:00:00,43172.83,43563.62,42741.52,43334.62,288.72231292
2022-04-07 04:00:00,43319.0,43550.19,43224.2,43458.67,181.50012522
2022-04-07 08:00:00,43443.41,43855.99,43300.0,43764.88,166.89519362
2022-04-07 12:00:00,43766.17,43896.45,43041.06,43340.01,387.88431012
2022-04-07 16:00:00,43339.82,43828.03,43274.35,43400.0,244.56277433
2022-04-07 20:00:00,43389.57,43754.47,43207.63,43454.53,112.11266175
2022-04-08 00:00:00,43467.82,43712.5,43310.71,43629.84,85.45234616
2022-04-08 04:00:00,43626.73,43785.98,43422.78,43777.15,62.45485376
2022-04-08 08:00:00,43782.37,43986.09,43268.91,43306.09,188.33226012
2022-04-08 12:00:00,43300.81,43975.53,42760.12,43680.07,448.42070533
2022-04-08 16:00:00,43674.95,43738.26,42410.48,42745.99,465.02569203
2022-04-08 20:00:00,42739.32,42881.7,42120.0,42290.11,204.0588036
2022-04-09 00:00:00,42258.22,42482.49,42131.51,42399.61,194.80152585
2022-04-09 04:00:00,42421.79,42645.22,42359.97,42496.15,65.86821715
2022-04-09 08:00:00,42494.68,42553.22,42336.61,42464.15,56.07127935
2022-04-09 12:00:00,42464.91,42533.04,42208.88,42244.05,41.98464242
2022-04-09 16:00:00,42249.44,42650.34,42200.0,42532.37,62.38507187
2022-04-09 20:00:00,42549.99,42807.63,42406.8,42767.89,104.06280735
2022-04-10 00:00:00,42774.85,42900.0,42606.86,42805.12,60.32236243
2022-04-10 04:00:00,42800.88,42807.19,42588.76,42651.88,44.62500361
2022-04-10 08:00:00,42646.95,42733.97,42452.28,42711.17,44.55616384
2022-04-10 12:00:00,42711.87,42871.9,42548.06,42766.7,90.91260988
2022-04-10 16:00:00,42782.28,43306.06,42688.15,43274.32,184.21277371
2022-04-10 20:00:00,43282.6,43450.72,41888.88,42133.85,437.9841912
2022-04-11 00:00:00,42159.45,42415.57,41777.0,42108.99,236.32458777
2022-04-11 04:00:00,42120.32,42364.71,42102.63,42341.5,121.83440829
2022-04-11 08:00:00,42341.83,42369.79,40979.73,41053.7,505.84650613
2022-04-11 12:00:00,41073.43,41256.96,40539.56,40596.93,354.01764323
2022-04-11 16:00:00,40570.77,40908.13,39782.99,40001.68,472.76292824
2022-04-11 20:00:00,39981.1,40263.84,39218.15,39524.86,597.69313817
2022-04-12 00:00:00,39545.37,39859.44,39296.59,39761.65,172.38295644
2022-04-12 04:00:00,39763.68,40203.82,39636.68,40199.35,311.56311345
2022-04-12 08:00:00,40205.85,40449.68,40000.0,40389.43,288.46446359
2022-04-12 12:00:00,40392.74,40691.01,39791.13,40194.83,603.73826152
2022-04-12 16:00:00,40180.29,40393.87,39285.9,39299.35,417.67010136
2022-04-12 20:00:00,39321.1,40298.99,39273.65,40097.46,318.10167723
2022-04-13 00:00:00,40099.51,40268.05,39584.86,40093.12,155.85253087
2022-04-13 04:00:00,40094.92,40233.07,39881.06,40143.79,168.11002816
2022-04-13 08:00:00,40148.34,40216.05,39707.05,39721.14,167.90280529
2022-04-13 12:00:00,39747.85,41417.03,39630.52,41172.04,628.41686645
2022-04-13 16:00:00,41181.88,41557.61,40842.86,41067.61,358.0539652
2022-04-13 20:00:00,41050.01,41399.79,41001.0,41147.74,85.14829149
2022-04-14 00:00:00,41159.29,41504.29,41058.82,41337.18,81.13700418
2022-04-14 04:00:00,41321.97,41430.67,41166.82,41274.56,88.32071918
2022-04-14 08:00:00,41272.61,41341.01,40842.28,40916.94,126.1022625
2022-04-14 12:00:00,40903.66,41303.1,39931.25,39976.45,465.69218627
2022-04-14 16:00:00,39958.4,40060.02,39582.53,39785.01,286.34960364
2022-04-14 20:00:00,39767.37,40033.01,39670.71,39961.53,121.89204228
2022-04-15 00:00:00,39962.6,40219.77,39788.97,40217.19,71.67987667
2022-04-15 04:00:00,40193.08,40443.83,39960.0,40244.3,188.0244767
2022-04-15 08:00:00,40257.88,40393.89,40021.85,40220.8,106.07022298
2022-04-15 12:00:00,40220.55,40869.99,39958.3,40436.22,187.45733874
2022-04-15 16:00:00,40436.29,40668.55,40243.82,40329.67,141.22995861
2022-04-15 20:00:00,40321.6,40604.13,40276.35,40563.18,57.93756433
2022-04-16 00:00:00,40576.41,40700.0,40413.97,40441.89,59.94459377
2022-04-16 04:00:00,40452.87,40566.42,40378.4,40418.1,36.49887484
2022-04-16 08:00:00,40413.92,40503.98,40297.58,40436.75,57.91171467
2022-04-16 12:00:00,40436.75,40584.98,40014.79,40073.28,102.25607611
2022-04-16 16:00:00,40083.01,40267.19,40024.01,40228.65,38.11468194
2022-04-16 20:00:00,40225.16,40701.0,40200.02,40395.67,71.0003065
2022-04-17 00:00:00,40379.81,40440.93,40128.53,40250.08,38.71514313
2022-04-17 04:00:00,40246.05,40440.93,40240.0,40309.46,35.6896237
2022-04-17 08:00:00,40295.14,40533.94,40286.76,40485.33,41.14655119
2022-04-17 12:00:00,40486.4,40602.69,40201.84,40451.51,72.02508151
2022-04-17 16:00:00,40464.8,40493.51,39859.25,40397.99,151.44360337
2022-04-17 20:00:00,40399.49,40468.69,39565.68,39691.27,145.9837157
2022-04-18 00:00:00,39660.62,39887.75,39599.72,39820.35,100.07004692
2022-04-18 04:00:00,39846.04,39850.32,38547.12,38909.08,523.62548849
2022-04-18 08:00:00,38934.12,39120.26,38808.94,39014.52,190.82997258
2022-04-18 12:00:00,39018.06,39611.51,39017.55,39271.93,305.0553383
2022-04-18 16:00:00,39259.05,41004.1,39050.0,40664.76,1188.07503966
2022-04-18 20:00:00,40717.85,41101.0,40632.64,40814.6,113.42596989
2022-04-19 00:00:00,40814.6,41250.23,40601.01,40708.65,201.50815346
2022-04-19 04:00:00,40708.65,40887.97,40581.73,40703.07,71.92839352
2022-04-19 08:00:00,40703.07,41036.61,40578.58,40722.12,120.71346982
2022-04-19 12:00:00,40738.76,41754.05,40677.29,41462.12,638.65737192
2022-04-19 16:00:00,41470.37,41569.93,41176.28,41444.08,178.81213196
2022-04-19 20:00:00,41406.05,41550.02,41190.83,41505.77,245.49129171
2022-04-20 00:00:00,41476.89,41555.06,41244.08,41415.47,93.7532194
2022-04-20 04:00:00,41410.34,41638.64,41286.03,41348.55,63.03406725
2022-04-20 08:00:00,41361.73,42220.04,41324.86,42113.96,360.27885243
2022-04-20 12:00:00,42137.87,42188.03,41055.0,41285.04,466.32445209
2022-04-20 16:00:00,41276.4,41460.49,40893.21,41192.59,263.32444457
2022-04-20 20:00:00,41200.36,41646.33,41158.15,41375.85,112.82627729
2022-04-21 00:00:00,41378.77,41789.52,41336.49,41689.65,208.6639749
2022-04-21 04:00:00,41696.04,41950.0,41440.0,41911.84,136.62979639
2022-04-21 08:00:00,41900.3,42695.0,41764.61,42456.72,351.66038895
2022-04-21 12:00:00,42453.39,42978.95,42131.51,42170.61,384.63705157
2022-04-21 16:00:00,42156.61,42190.13,41200.71,41225.89,433.82870832
2022-04-21 20:00:00,41244.49,41310.31,39770.0,40470.76,647.89413352
2022-04-22 00:00:00,40497.0,40644.1,40237.07,40513.5,111.1452443
2022-04-22 04:00:00,40513.5,40808.66,40315.25,40716.47,337.02093362
2022-04-22 08:00:00,40719.94,40775.13,40137.0,40598.89,382.15852405
2022-04-22 12:00:00,40598.89,40646.43,39327.34,39437.89,784.63541024
2022-04-22 16:00:00,39424.68,39798.49,39197.64,39500.77,427.08880823
2022-04-22 20:00:00,39490.38,39823.54,39410.65,39726.03,94.95085076
2022-04-23 00:00:00,39700.55,39861.9,39423.89,39481.58,52.94933478
2022-04-23 04:00:00,39483.85,39682.94,39301.0,39617.8,62.49749104
2022-04-23 08:00:00,39615.33,39703.16,39508.96,39632.13,44.86560443
2022-04-23 12:00:00,39631.78,39835.53,39542.66,39812.46,77.7094626
2022-04-23 16:00:00,39812.46,39983.98,39674.19,39774.97,84.72022567
2022-04-23 20:00:00,39774.97,39953.47,39320.84,39421.59,75.50236931
2022-04-24 00:00:00,39438.51,39834.37,39431.3,39775.08,62.0214523
2022-04-24 04:00:00,39794.46,39828.03,39637.09,39757.04,34.83952954
2022-04-24 08:00:00,39773.55,39818.69,39573.04,39593.44,32.281546
2022-04-24 12:00:00,39622.66,39944.65,39365.11,39656.84,98.23714507
2022-04-24 16:00:00,39673.56,39821.18,38987.0,39712.15,283.36875455
2022-04-24 20:00:00,39712.05,39782.42,39436.91,39467.4,152.95574497
2022-04-25 00:00:00,39464.67,39517.04,38697.12,39265.9,331.21467104
2022-04-25 04:00:00,39259.27,39265.07,38217.54,38466.82,366.40062081
2022-04-25 08:00:00,38455.24,38956.19,38202.91,38836.98,306.90733467
2022-04-25 12:00:00,38845.25,39417.11,38640.04,38989.2,449.64930555
2022-04-25 16:00:00,38973.19,40372.82,38918.93,40235.39,434.44404906
2022-04-25 20:00:00,40251.85,40602.85,40060.28,40441.11,331.42804658
2022-04-26 00:00:00,40452.52,40800.0,40376.87,40547.2,122.89374523
2022-04-26 04:00:00,40554.44,40690.64,40400.02,40604.67,81.26956643
2022-04-26 08:00:00,40593.08,40799.96,40243.91,40479.9,155.71722759
2022-04-26 12:00:00,40484.3,40640.39,38542.5,38572.0,883.0924997
2022-04-26 16:00:00,38582.28,38881.59,37868.87,38280.0,1024.18447
2022-04-26 20:00:00,38289.99,38462.12,37701.0,38137.67,642.56501094
2022-04-27 00:00:00,38105.68,38477.8,37885.75,38350.45,189.56064497
2022-04-27 04:00:00,38342.71,39067.95,38317.8,39067.95,373.98539583
2022-04-27 08:00:00,39068.35,39234.55,38635.1,39036.0,305.27160116
2022-04-27 12:00:00,39028.2,39494.73,38428.12,39003.29,366.52296066
2022-04-27 16:00:00,39003.29,39313.0,38667.56,38880.44,234.1327563
2022-04-27 20:00:00,38876.08,39402.76,38835.95,39256.05,299.53594775
2022-04-28 00:00:00,39254.4,39692.39,39154.57,39359.43,227.82154007
2022-04-28 04:00:00,39370.54,39663.82,39241.59,39391.96,88.79126963
2022-04-28 08:00:00,39393.66,39883.38,39369.45,39700.83,227.13172912
2022-04-28 12:00:00,39704.34,40289.23,38880.44,39484.12,842.36873892
2022-04-28 16:00:00,39477.72,40387.0,39327.47,39999.79,315.42978904
2022-04-28 20:00:00,39977.24,40227.01,39616.26,39754.2,140.46201765
2022-04-29 00:00:00,39753.28,39923.61,39278.57,39546.05,177.6018948
2022-04-29 04:00:00,39527.14,39646.15,39365.7,39616.74,172.4947383
2022-04-29 08:00:00,39604.72,39632.97,38622.86,38757.96,304.49164954
2022-04-29 12:00:00,38735.84,39395.16,38635.1,38995.78,459.46921016
2022-04-29 16:00:00,38994.47,39070.64,38174.27,38336.85,360.6811279
2022-04-29 20:00:00,38372.63,38662.92,38317.28,38593.42,126.16054611
2022-04-30 00:00:00,38599.3,38786.95,38553.95,38664.1,63.83790467
2022-04-30 04:00:00,38672.54,38774.43,38510.91,38671.36,43.59158356
2022-04-30 08:00:00,38671.36,38703.7,38550.1,38580.74,66.16689536
2022-04-30 12:00:00,38585.22,38648.83,38160.4,38489.88,159.60848034
2022-04-30 16:00:00,38489.88,38631.85,38212.49,38487.71,107.0084939
2022-04-30 20:00:00,38484.87,38484.87,37597.36,37639.8,288.06626209
2022-05-01 00:00:00,37638.78,38078.2,37400.0,38063.77,262.91688804
2022-05-01 04:00:00,38063.77,38194.86,37899.48,37980.1,76.99335856
2022-05-01 08:00:00,37982.47,38095.95,37886.34,37963.87,195.98405732
2022-05-01 12:00:00,37963.75,38634.08,37869.62,38495.28,145.24264052
2022-05-01 16:00:00,38515.46,38672.2,37742.73,37796.4,295.60917555
2022-05-01 20:00:00,37803.32,38645.94,37659.24,38488.34,271.29657033
2022-05-02 00:00:00,38484.46,38814.57,38373.24,38699.17,106.69989451
2022-05-02 04:00:00,38695.56,39153.13,38601.39,38867.44,165.33052551
2022-05-02 08:00:00,38868.01,39072.2,38457.39,38529.32,216.16615091
2022-05-02 12:00:00,38521.12,39142.87,38224.3,38699.55,439.6103256
2022-05-02 16:00:00,38680.15,38856.12,38045.79,38544.97,302.84615281
2022-05-02 20:00:00,38556.53,38898.73,38288.87,38521.01,203.44774959
2022-05-03 00:00:00,38506.38,38606.53,38309.11,38502.95,198.18781113
2022-05-03 04:00:00,38520.21,38565.03,38382.43,38532.99,100.4310587
2022-05-03 08:00:00,38551.52,38641.57,38270.59,38570.43,123.93959299
2022-05-03 12:00:00,38570.43,38611.04,38150.0,38330.44,177.97376221
2022-05-03 16:00:00,38330.88,38399.16,37515.83,37707.07,402.13624645
2022-05-03 20:00:00,37703.08,38030.35,37529.51,37729.95,155.25360504
2022-05-04 00:00:00,37735.35,38091.91,37665.46,38015.4,93.85636055
2022-05-04 04:00:00,38014.02,38732.58,37945.79,38697.2,293.13845086
2022-05-04 08:00:00,38676.99,39063.97,38629.73,39006.41,328.26458456
2022-05-04 12:00:00,39011.91,39165.61,38653.65,38975.34,260.83878249
2022-05-04 16:00:00,38970.91,40050.19,38602.5,39837.52,1056.67216163
2022-05-04 20:00:00,39834.48,39926.46,39608.82,39685.23,264.50179429
2022-05-05 00:00:00,39685.23,39787.25,39551.05,39739.65,105.17230503
2022-05-05 04:00:00,39739.65,39840.37,39503.27,39579.05,158.53674708
2022-05-05 08:00:00,39591.69,39618.31,39366.33,39482.81,128.27144283
2022-05-05 12:00:00,39482.81,39557.21,36520.01,36920.32,1816.32924944
2022-05-05 16:00:00,36892.21,37312.27,35579.4,36351.93,1039.69119171
2022-05-05 20:00:00,36271.02,36590.77,36106.79,36533.93,488.72919303
2022-05-06 00:00:00,36542.41,36648.2,36138.73,36441.7,407.17588214
2022-05-06 04:00:00,36441.7,36541.73,35830.72,36383.57,345.08803637
2022-05-06 08:00:00,36354.27,36494.81,35579.4,35780.72,552.46769767
2022-05-06 12:00:00,35792.43,36409.67,35268.69,35989.76,887.52256541
2022-05-06 16:00:00,35993.47,36234.88,35810.04,35988.76,315.1693051
2022-05-06 20:00:00,35993.92,36122.49,35866.93,36019.22,87.109844
2022-05-07 00:00:00,36019.15,36061.92,35758.65,35802.98,57.22404909
2022-05-07 04:00:00,35815.25,35950.09,35726.4,35916.2,30.65931659
2022-05-07 08:00:00,35919.45,36123.99,35874.06,36053.87,124.29972026
2022-05-07 12:00:00,36052.27,36071.08,35863.35,35955.36,134.63711966
2022-05-07 16:00:00,35958.36,35987.56,35837.88,35867.78,97.84024837
2022-05-07 20:00:00,35869.73,35869.73,34777.85,35463.46,779.73653856
2022-05-08 00:00:00,35465.46,35496.55,34198.8,34471.78,622.92167399
2022-05-08 04:00:00,34463.88,34930.74,34317.0,34602.21,326.11054101
2022-05-08 08:00:00,34602.21,34856.59,34497.54,34782.85,346.93448787
2022-05-08 12:00:00,34781.05,34833.03,34291.18,34352.94,207.53026867
2022-05-08 16:00:00,34356.19,34701.0,33710.16,34595.74,848.35211972
2022-05-08 20:00:00,34587.02,34638.27,33928.48,34025.5,318.5507249
2022-05-09 00:00:00,34051.2,34224.35,33265.81,33546.6,489.86405203
2022-05-09 04:00:00,33572.68,33821.24,33350.0,33532.68,204.54501614
2022-05-09 08:00:00,33532.68,33760.42,32637.15,33109.63,1003.98380619
2022-05-09 12:00:00,33111.42,33408.19,32060.95,32350.69,1073.69240579
2022-05-09 16:00:00,32321.06,32570.64,30331.28,30958.65,2701.67120263
2022-05-09 20:00:00,30960.24,31874.66,30015.0,30082.0,2157.36517889
2022-05-10 00:00:00,30066.48,31445.42,29731.03,30644.17,2235.17168114
2022-05-10 04:00:00,30641.54,32650.0,30596.79,31609.31,1620.34603346
2022-05-10 08:00:00,31619.63,32008.85,31253.58,31621.23,833.52704242
2022-05-10 12:00:00,31624.78,32368.05,30863.86,31300.0,1067.21437666
2022-05-10 16:00:00,31312.67,31794.09,30973.22,31323.69,723.24680892
2022-05-10 20:00:00,31316.37,31345.74,30167.96,30999.97,922.79637036
2022-05-11 00:00:00,31002.27,31657.41,30619.89,31209.21,427.05937746
2022-05-11 04:00:00,31198.1,31882.35,30219.85,30611.48,771.64786525
2022-05-11 08:00:00,30611.48,32148.15,30450.0,31536.46,867.92475436
2022-05-11 12:00:00,31518.93,31966.63,29011.1,30941.71,4298.27297846
2022-05-11 16:00:00,30951.09,31086.4,29113.0,29314.51,2147.82670129
2022-05-11 20:00:00,29323.69,29568.13,27757.77,29000.0,2668.11715907
2022-05-12 00:00:00,28999.99,30090.7,28220.18,28271.21,1488.04400164
2022-05-12 04:00:00,28259.69,28305.9,25401.05,27717.07,5974.14361023
2022-05-12 08:00:00,27763.58,28882.0,27081.81,28250.97,3289.18861075
2022-05-12 12:00:00,28234.26,29702.96,27725.49,28891.8,2970.34910892
2022-05-12 16:00:00,28885.62,29810.38,28070.87,28558.82,1677.78540523
2022-05-12 20:00:00,28570.62,29212.68,27946.74,28896.19,1179.29986223
2022-05-13 00:00:00,28932.69,30688.88,28686.37,30472.64,981.34662209
2022-05-13 04:00:00,30517.2,30960.64,30063.2,30110.13,1107.14715502
2022-05-13 08:00:00,30103.2,30713.71,30103.2,30621.73,759.59212823
2022-05-13 12:00:00,30621.73,30974.6,30200.0,30303.68,1029.91358919
2022-05-13 16:00:00,30309.31,30486.26,29342.0,30027.62,1393.57716304
2022-05-13 20:00:00,30039.9,30076.26,29152.25,29238.81,738.69698165
2022-05-14 00:00:00,29239.41,29746.06,29168.05,29525.27,519.23276137
2022-05-14 04:00:00,29510.96,29550.0,29166.42,29360.81,301.83727382
2022-05-14 08:00:00,29380.35,29542.38,28756.02,29010.87,532.86416155
2022-05-14 12:00:00,29010.9,29184.42,28620.49,28771.09,404.30200512
2022-05-14 16:00:00,28771.32,29873.47,28561.23,29298.37,681.32790291
2022-05-14 20:00:00,29311.63,30281.49,29277.48,30033.96,471.42805826
2022-05-15 00:00:00,30041.16,30224.59,29514.96,29696.72,211.94905111
2022-05-15 04:00:00,29702.36,30001.0,29440.71,29790.86,244.86249167
2022-05-15 08:00:00,29771.71,30264.51,29510.05,30206.73,475.71739125
2022-05-15 12:00:00,30208.61,30508.8,29737.27,30011.26,372.71983717
2022-05-15 16:00:00,29995.5,30476.56,29913.56,30430.91,240.0829117
2022-05-15 20:00:00,30430.93,31411.48,30321.08,31295.03,539.73461794
2022-05-16 00:00:00,31275.27,31275.27,30195.64,30277.99,333.79986952
2022-05-16 04:00:00,30284.21,30430.68,29285.65,29572.44,620.57704767
2022-05-16 08:00:00,29562.24,30163.0,29412.43,29906.58,429.65818307
2022-05-16 12:00:00,29925.62,30227.02,29289.17,29620.45,777.53919128
2022-05-16 16:00:00,29616.29,29939.43,29060.0,29569.7,610.88488012
2022-05-16 20:00:00,29555.88,30213.71,29511.35,29832.45,340.33511843
2022-05-17 00:00:00,29847.53,30465.06,29750.0,30335.63,262.77928025
2022-05-17 04:00:00,30351.57,30530.78,30216.13,30383.67,206.72721355
2022-05-17 08:00:00,30381.57,30753.96,30245.0,30291.0,236.94908255
2022-05-17 12:00:00,30286.0,30716.69,29917.89,30111.5,686.56460438
2022-05-17 16:00:00,30125.78,30276.61,29400.0,30074.73,483.55304815
2022-05-17 20:00:00,30072.62,30610.0,30007.64,30425.36,267.35243439
2022-05-18 00:00:00,30423.9,30670.0,29714.36,29820.46,309.31144807
2022-05-18 04:00:00,29770.79,30056.29,29664.08,29884.02,256.17465748
2022-05-18 08:00:00,29889.28,30014.95,29715.98,29803.52,191.62103996
2022-05-18 12:00:00,29806.12,29879.93,28839.29,28949.1,748.76505888
2022-05-18 16:00:00,28935.83,29493.72,28694.31,29219.79,415.83604942
2022-05-18 20:00:00,29237.5,29356.87,28615.23,28681.26,396.44719613
2022-05-19 00:00:00,28681.15,29291.71,28656.46,29166.54,290.57810075
2022-05-19 04:00:00,29170.0,29407.87,28993.1,29174.83,154.06612076
2022-05-19 08:00:00,29174.83,29510.81,28820.0,29472.59,410.02711898
2022-05-19 12:00:00,29472.54,30505.14,29320.82,30340.93,843.11416022
2022-05-19 16:00:00,30365.13,30446.52,29925.07,29925.07,584.73017032
2022-05-19 20:00:00,29925.07,30457.6,29912.03,30290.33,234.25917423
2022-05-20 00:00:00,30271.22,30725.56,30106.25,30147.74,266.03281108
2022-05-20 04:00:00,30133.58,30330.74,29834.82,30249.66,313.03074228
2022-05-20 08:00:00,30244.14,30509.15,30094.37,30395.87,220.43659767
2022-05-20 12:00:00,30377.87,30418.47,29032.06,29088.01,709.90999202
2022-05-20 16:00:00,29104.81,29317.3,28690.13,29253.88,691.15608541
2022-05-20 20:00:00,29265.95,29352.32,29090.06,29176.7,136.60696198
2022-05-21 00:00:00,29176.7,29321.17,28914.7,29235.66,83.54775435
2022-05-21 04:00:00,29235.66,29539.55,29166.83,29387.96,106.46674882
2022-05-21 08:00:00,29380.86,29454.12,29109.86,29246.48,95.40770624
2022-05-21 12:00:00,29237.93,29607.39,29158.19,29521.85,108.65048662
2022-05-21 16:00:00,29508.43,29621.01,29354.44,29439.71,51.44577747
2022-05-21 20:00:00,29441.13,29489.77,29274.02,29421.05,44.90891101
2022-05-22 00:00:00,29400.34,29507.3,29300.0,29319.57,50.97547099
2022-05-22 04:00:00,29319.57,29419.99,29209.03,29409.25,73.17547226
2022-05-22 08:00:00,29399.32,30275.41,29393.06,29854.18,654.1533219
2022-05-22 12:00:00,29880.2,30185.44,29642.73,29817.94,199.55722586
2022-05-22 16:00:00,29805.0,30144.91,29723.09,29902.45,140.45063421
2022-05-22 20:00:00,29895.87,30457.58,29878.48,30264.66,200.58205452
2022-05-23 00:00:00,30264.66,30429.73,30012.94,30149.31,122.37759585
2022-05-23 04:00:00,30131.32,30628.0,30090.68,30425.0,233.48136111
2022-05-23 08:00:00,30416.26,30598.42,30255.3,30365.32,188.36449287
2022-05-23 12:00:00,30369.52,30600.0,29944.61,30336.5,544.98432062
2022-05-23 16:00:00,30348.07,30494.16,29050.0,29050.0,751.86897863
2022-05-23 20:00:00,29043.83,29465.42,28839.29,29081.76,317.5737229
2022-05-24 00:00:00,29081.76,29303.82,29030.59,29284.22,119.14217397
2022-05-24 04:00:00,29285.5,29405.38,29224.19,29380.34,249.38027684
2022-05-24 08:00:00,29368.46,29405.38,29092.0,29263.2,124.744382
2022-05-24 12:00:00,29259.81,29603.28,28632.4,29360.53,554.4466149
2022-05-24 16:00:00,29363.67,29568.13,29068.41,29362.16,178.47583713
2022-05-24 20:00:00,29371.41,29810.38,29233.09,29632.15,264.04684747
2022-05-25 00:00:00,29626.53,30189.7,29522.57,30150.9,257.00604023
2022-05-25 04:00:00,30160.0,30186.41,29621.55,29674.67,251.36389403
2022-05-25 08:00:00,29677.31,29904.1,29317.3,29382.11,243.14614259
2022-05-25 12:00:00,29380.72,29882.11,29313.78,29606.58,284.08645059
2022-05-25 16:00:00,29596.12,30009.61,29400.0,29563.54,380.33381104
2022-05-25 20:00:00,29572.03,29859.75,29412.43,29510.15,147.37243155
2022-05-26 00:00:00,29511.95,29853.34,29470.0,29805.34,89.17688145
2022-05-26 04:00:00,29811.5,29842.73,29472.49,29709.28,188.06856281
2022-05-26 08:00:00,29704.21,29712.0,28849.67,28977.15,613.09479463
2022-05-26 12:00:00,28946.56,29470.79,28003.0,29385.39,1335.25206212
2022-05-26 16:00:00,29366.59,29738.07,29347.31,29366.82,449.41137339
2022-05-26 20:00:00,29353.13,29656.96,29158.39,29183.06,160.00154922
2022-05-27 00:00:00,29183.39,29360.34,28812.33,28999.66,289.72585548
2022-05-27 04:00:00,28987.11,29199.55,28604.93,28956.52,376.68826179
2022-05-27 08:00:00,28955.87,29100.0,28739.11,28870.46,275.68630743
2022-05-27 12:00:00,28862.0,29359.28,28615.23,28822.43,477.74691329
2022-05-27 16:00:00,28812.37,29016.32,28253.57,28855.34,516.85779288
2022-05-27 20:00:00,28813.62,28969.64,28482.0,28589.48,173.23685121
2022-05-28 00:00:00,28606.08,28822.06,28498.73,28803.39,123.70798249
2022-05-28 04:00:00,28760.72,28926.65,28733.49,28864.42,79.2922394
2022-05-28 08:00:00,28867.08,28900.17,28741.89,28792.81,154.69156622
2022-05-28 12:00:00,28796.15,29231.9,28764.63,28974.57,171.96645454
2022-05-28 16:00:00,28974.57,29035.06,28759.81,29003.52,83.64557119
2022-05-28 20:00:00,28991.83,29124.45,28932.42,29010.82,108.24313286
2022-05-29 00:00:00,29010.82,29025.14,28814.46,28972.11,60.32619338
2022-05-29 04:00:00,28962.34,29042.58,28900.0,28982.97,149.56806508
2022-05-29 08:00:00,28982.53,29215.8,28929.4,29200.6,166.7367365
2022-05-29 12:00:00,29200.6,29451.28,29143.95,29191.84,251.24100773
2022-05-29 16:00:00,29192.47,29341.69,29051.16,29105.21,155.8922283
2022-05-29 20:00:00,29087.56,29561.04,29066.13,29448.94,125.42756917
2022-05-30 00:00:00,29454.69,30377.0,29276.15,30337.15,657.18813326
2022-05-30 04:00:00,30347.7,30887.04,30202.21,30635.62,709.3727543
2022-05-30 08:00:00,30627.22,30761.06,30545.52,30656.32,362.02415591
2022-05-30 12:00:00,30654.18,30903.04,30236.52,30623.1,346.69926934
2022-05-30 16:00:00,30647.69,30854.87,30553.44,30630.52,160.38412526
2022-05-30 20:00:00,30624.62,32195.68,30514.42,31731.22,1021.88029843
2022-05-31 00:00:00,31677.13,31834.08,31435.84,31763.85,228.03880692
2022-05-31 04:00:00,31745.01,31786.29,31413.67,31561.74,152.18541853
2022-05-31 08:00:00,31560.57,31821.2,31476.02,31750.0,181.13887144
2022-05-31 12:00:00,31750.0,32155.33,31181.26,32042.88,594.6603499
2022-05-31 16:00:00,32017.54,32375.81,31566.4,31610.61,369.76134885
2022-05-31 20:00:00,31610.61,31917.96,31568.06,31762.76,95.83770304
2022-06-01 00:00:00,31777.06,31962.79,31573.98,31600.3,116.65573497
2022-06-01 04:00:00,31606.34,31657.72,31312.53,31464.95,225.27891132
2022-06-01 08:00:00,31464.95,31692.22,31430.28,31577.28,217.17216482
2022-06-01 12:00:00,31600.56,31878.53,30694.87,30694.87,620.76148496
2022-06-01 16:00:00,30709.44,30719.66,29869.97,30104.83,863.94059212
2022-06-01 20:00:00,30076.79,30130.31,29309.84,29787.4,585.99295899
2022-06-02 00:00:00,29791.96,29873.34,29568.13,29711.7,108.32255972
2022-06-02 04:00:00,29699.8,30087.09,29632.61,29949.82,195.39798747
2022-06-02 08:00:00,29933.53,30181.99,29845.6,30162.21,147.38064291
2022-06-02 12:00:00,30170.63,30349.96,29574.02,30183.13,413.23768572
2022-06-02 16:00:00,30201.84,30379.68,29964.59,30284.03,145.99711828
2022-06-02 20:00:00,30282.4,30688.82,30214.03,30437.18,215.95474886
2022-06-03 00:00:00,30437.77,30670.07,30331.84,30512.62,142.10452416
2022-06-03 04:00:00,30513.03,30542.92,30258.76,30441.44,101.58552502
2022-06-03 08:00:00,30408.99,30512.02,29656.96,29731.42,311.73105353
2022-06-03 12:00:00,29733.48,29855.93,29232.99,29462.54,393.39626514
2022-06-03 16:00:00,29475.64,29633.15,29355.66,29562.14,93.80005307
2022-06-03 20:00:00,29547.81,29869.35,29533.28,29669.39,108.52772645
2022-06-04 00:00:00,29688.17,29746.3,29461.01,29540.48,37.76846927
2022-06-04 04:00:00,29527.42,29709.24,29527.42,29691.31,39.03626552
2022-06-04 08:00:00,29685.43,29770.65,29582.74,29662.93,53.02203816
2022-06-04 12:00:00,29662.93,29942.0,29444.21,29844.93,177.27122196
2022-06-04 16:00:00,29840.54,29840.54,29597.5,29636.08,39.81330653
2022-06-04 20:00:00,29623.41,29948.84,29611.07,29853.51,125.49255911
2022-06-05 00:00:00,29834.06,29876.53,29660.81,29746.78,40.46005885
2022-06-05 04:00:00,29750.28,29801.02,29631.26,29651.22,43.61922502
2022-06-05 08:00:00,29618.74,29726.32,29514.96,29705.01,62.54029119
2022-06-05 12:00:00,29710.4,29953.27,29616.67,29929.15,72.34979777
2022-06-05 16:00:00,29949.37,30153.18,29749.08,30043.39,254.19786463
2022-06-05 20:00:00,30037.19,30108.76,29790.69,29888.98,89.89570307
2022-06-06 00:00:00,29905.46,31246.57,29868.16,31236.73,578.63241853
2022-06-06 04:00:00,31246.36,31400.0,31051.76,31274.99,371.00933953
2022-06-06 08:00:00,31274.99,31562.61,31257.26,31375.24,400.56885736
2022-06-06 12:00:00,31380.56,31737.31,31136.48,31519.34,597.88055643
2022-06-06 16:00:00,31532.05,31543.68,31017.15,31441.76,387.43811329
2022-06-06 20:00:00,31456.98,31580.51,31245.44,31351.21,158.57496177
2022-06-07 00:00:00,31351.1,31351.1,29184.25,29565.16,980.03384409
2022-06-07 04:00:00,29552.85,29613.4,29397.28,29574.76,262.28708922
2022-06-07 08:00:00,29563.98,29713.9,29324.33,29500.0,329.11730871
2022-06-07 12:00:00,29502.91,30012.0,29394.34,29868.49,333.59270522
2022-06-07 16:00:00,29868.47,31394.21,29740.18,31024.08,739.45655931
2022-06-07 20:00:00,31075.84,31536.11,30301.0,31115.82,1027.81742757
2022-06-08 00:00:00,31108.3,31310.53,29831.85,29992.05,591.22089475
2022-06-08 04:00:00,29984.48,30651.91,29865.69,30574.13,269.20650854
2022-06-08 08:00:00,30553.63,30594.0,30321.95,30390.22,136.25512327
2022-06-08 12:00:00,30397.29,30850.56,30043.8,30451.6,485.49353728
2022-06-08 16:00:00,30447.95,30532.35,29903.53,30116.0,265.21149435
2022-06-08 20:00:00,30117.01,30472.08,30088.0,30185.58,162.28484488
2022-06-09 00:00:00,30190.31,30302.52,30040.19,30274.39,75.4208086
2022-06-09 04:00:00,30276.25,30464.91,30213.85,30464.91,118.32769922
2022-06-09 08:00:00,30468.56,30672.56,30250.0,30280.81,159.1082052
2022-06-09 12:00:00,30280.29,30366.37,29920.56,30283.15,300.6065753
2022-06-09 16:00:00,30284.37,30417.42,29949.65,29990.88,151.68035316
2022-06-09 20:00:00,29975.75,30232.0,29932.55,30089.03,148.78562303
2022-06-10 00:00:00,30068.53,30333.81,29550.0,30102.2,358.17327078
2022-06-10 04:00:00,30095.19,30204.75,30018.19,30033.87,106.34829637
2022-06-10 08:00:00,30048.3,30090.59,29835.43,29982.72,366.51901477
2022-06-10 12:00:00,29986.58,30152.27,29192.93,29422.67,862.553187
2022-06-10 16:00:00,29407.62,29456.16,28832.83,28937.05,670.24296602
2022-06-10 20:00:00,28951.83,29372.73,28939.4,29065.66,181.50453413
2022-06-11 00:00:00,29065.66,29287.05,29026.22,29242.58,52.22200047
2022-06-11 04:00:00,29258.2,29403.62,29221.5,29306.09,90.50193384
2022-06-11 08:00:00,29312.76,29317.75,28528.08,28704.0,709.48368611
2022-06-11 12:00:00,28698.39,28846.92,28219.69,28381.61,401.29340874
2022-06-11 16:00:00,28370.49,28756.19,28085.75,28571.03,230.99028406
2022-06-11 20:00:00,28571.75,28656.81,28221.55,28390.94,102.70393348
2022-06-12 00:00:00,28397.38,28523.06,27241.52,27539.69,513.26566205
2022-06-12 04:00:00,27526.32,27633.38,27150.0,27621.64,198.7422499
2022-06-12 08:00:00,27615.92,27676.43,27310.25,27413.61,367.98398649
2022-06-12 12:00:00,27427.6,28287.89,26868.19,28057.51,717.15780738
2022-06-12 16:00:00,28044.33,28210.04,27385.08,27387.23,282.15919993
2022-06-12 20:00:00,27383.72,27506.62,26500.0,26585.1,509.52456866
2022-06-13 00:00:00,26538.63,26845.63,24888.88,25464.99,1630.78053659
2022-06-13 04:00:00,25483.21,26226.27,24551.81,24761.37,1669.86218159
2022-06-13 08:00:00,24761.37,24899.99,23424.42,23690.41,3353.00687797
2022-06-13 12:00:00,23676.52,24294.96,22600.0,23248.84,2801.40497198
2022-06-13 16:00:00,23249.25,24189.94,23083.01,23144.08,1596.07204213
2022-06-13 20:00:00,23147.74,23753.38,21910.26,22450.43,1570.75657548
2022-06-14 00:00:00,22407.53,22765.48,20816.35,22068.68,2491.47512595
2022-06-14 04:00:00,22116.8,23288.88,21737.43,22866.26,2009.41351577
2022-06-14 08:00:00,22852.19,22948.95,21690.62,21960.47,1022.07230721
2022-06-14 12:00:00,21977.54,22765.2,21784.43,22672.68,1415.31829798
2022-06-14 16:00:00,22632.93,22745.73,22095.08,22159.78,547.2781718
2022-06-14 20:00:00,22159.78,22299.99,21333.0,22097.3,1091.24309127
2022-06-15 00:00:00,22077.83,22260.06,21387.81,21406.42,608.11607067
2022-06-15 04:00:00,21432.12,21457.99,20636.86,20691.48,2147.59703469
2022-06-15 08:00:00,20678.34,21237.49,20079.72,21142.47,2710.07471583
2022-06-15 12:00:00,21123.29,21747.87,21005.59,21386.19,2196.5205075
2022-06-15 16:00:00,21372.96,22345.7,20225.01,21592.6,4744.55780239
2022-06-15 20:00:00,21597.13,22756.0,21430.77,22555.27,1074.67346199
2022-06-16 00:00:00,22563.82,22957.01,22139.82,22188.14,458.02863505
2022-06-16 04:00:00,22195.3,22331.13,21630.27,21755.93,752.08602175
2022-06-16 08:00:00,21750.39,21863.37,20845.12,21043.47,767.88669883
2022-06-16 12:00:00,21025.82,21469.07,20702.7,21049.99,944.30050404
2022-06-16 16:00:00,21042.4,21429.16,20793.65,20848.73,635.94758496
2022-06-16 20:00:00,20837.7,21001.35,20200.0,20382.88,1330.87485917
2022-06-17 00:00:00,20387.66,21008.69,20220.16,20353.23,950.09432867
2022-06-17 04:00:00,20354.71,21272.17,20301.0,21083.51,675.47586784
2022-06-17 08:00:00,21077.22,21325.06,20820.92,20956.88,363.88923493
2022-06-17 12:00:00,20935.77,21015.62,20376.04,20647.15,704.82739275
2022-06-17 16:00:00,20649.48,20778.99,20417.64,20500.0,586.87665995
2022-06-17 20:00:00,20497.41,20700.09,20321.2,20440.7,333.93383343
2022-06-18 00:00:00,20428.19,20758.0,20297.95,20429.36,441.27803295
2022-06-18 04:00:00,20438.31,20500.0,19047.61,19237.3,1551.6294338
2022-06-18 08:00:00,19227.1,19500.54,18732.21,19222.89,1275.8555133
2022-06-18 12:00:00,19229.61,19261.89,18909.92,18915.29,450.54835514
2022-06-18 16:00:00,18936.67,19061.01,18004.95,18047.74,1532.94419879
2022-06-18 20:00:00,18038.44,19454.97,17592.78,18956.8,2706.12978808
2022-06-19 00:00:00,18952.14,19165.3,18200.0,18264.54,725.04916556
2022-06-19 04:00:00,18272.57,18588.86,17930.7,18278.81,584.13388054
2022-06-19 08:00:00,18271.45,20000.0,18248.73,19650.06,1485.48649419
2022-06-19 12:00:00,19687.49,19902.0,19123.2,19807.78,790.6772764
2022-06-19 16:00:00,19798.76,20278.47,19367.86,20090.03,839.60558896
2022-06-19 20:00:00,20104.68,20783.48,20045.29,20552.82,675.93071263
2022-06-20 00:00:00,20557.2,20629.4,19616.1,19968.51,799.39626285
2022-06-20 04:00:00,19960.82,20225.0,19756.24,20062.78,420.79147607
2022-06-20 08:00:00,20057.19,20987.95,20000.0,20804.17,1046.21781712
2022-06-20 12:00:00,20759.08,21036.89,20344.97,20810.47,853.85624527
2022-06-20 16:00:00,20807.64,20815.31,19807.12,20051.04,1231.12338671
2022-06-20 20:00:00,20042.86,20745.96,19976.43,20555.44,761.46533719
2022-06-21 00:00:00,20555.44,20748.59,20332.07,20589.22,538.62935239
2022-06-21 04:00:00,20576.28,21290.0,20447.06,21102.43,779.05445576
2022-06-21 08:00:00,21116.98,21462.44,20882.3,20943.08,592.77753794
2022-06-21 12:00:00,20932.43,21708.76,20828.42,21382.3,778.87231851
2022-06-21 16:00:00,21380.86,21537.69,20855.93,20871.69,471.47086573
2022-06-21 20:00:00,20863.25,21026.09,20535.58,20712.29,382.3635898
2022-06-22 00:00:00,20710.01,20715.83,20245.76,20302.24,496.51097518
2022-06-22 04:00:00,20288.29,20572.58,19947.84,20089.14,779.32258109
2022-06-22 08:00:00,20080.93,20636.86,20033.29,20482.82,450.56572463
2022-06-22 12:00:00,20487.16,20863.44,20020.32,20066.04,1145.48829426
2022-06-22 16:00:00,20060.77,20360.67,19823.69,20100.98,780.49959668
2022-06-22 20:00:00,20115.38,20228.39,19743.99,19963.68,558.10821138
2022-06-23 00:00:00,19977.24,20575.05,19869.63,20198.67,388.33368336
2022-06-23 04:00:00,20193.49,20636.4,20151.0,20434.45,242.73320492
2022-06-23 08:00:00,20463.1,20791.6,20449.99,20626.58,246.18739494
2022-06-23 12:00:00,20629.32,20800.94,20273.76,20342.35,580.21634442
2022-06-23 16:00:00,20342.27,20921.09,20166.85,20894.01,453.37711523
2022-06-23 20:00:00,20894.01,21204.14,20654.6,21093.42,767.05128536
2022-06-24 00:00:00,21102.75,21319.57,20962.28,21059.65,207.98308415
2022-06-24 04:00:00,21060.43,21152.22,20713.77,20896.19,644.12325583
2022-06-24 08:00:00,20905.36,21301.0,20731.3,21157.09,304.44982856
2022-06-24 12:00:00,21159.76,21425.0,20808.26,20862.22,568.13282681
2022-06-24 16:00:00,20866.93,21240.46,20780.98,21233.64,395.29803188
2022-06-24 20:00:00,21239.02,21538.4,21138.38,21215.42,324.78514368
2022-06-25 00:00:00,21229.66,21368.57,21115.0,21292.72,137.42672187
2022-06-25 04:00:00,21294.35,21586.67,21171.48,21494.07,217.59475638
2022-06-25 08:00:00,21499.22,21540.35,21306.17,21318.85,278.40790115
2022-06-25 12:00:00,21331.62,21355.81,20890.0,20960.59,245.55706793
2022-06-25 16:00:00,20948.61,21241.82,20907.74,21194.44,94.02388297
2022-06-25 20:00:00,21200.72,21565.96,21137.72,21486.8,223.37433197
2022-06-26 00:00:00,21486.67,21531.24,21280.12,21431.54,114.26893258
2022-06-26 04:00:00,21408.6,21510.48,21338.46,21389.91,131.06230081
2022-06-26 08:00:00,21392.48,21750.0,21350.0,21687.72,153.20168147
2022-06-26 12:00:00,21711.0,21868.0,21191.44,21318.23,581.17259591
2022-06-26 16:00:00,21318.23,21425.0,21122.22,21277.6,143.68002047
2022-06-26 20:00:00,21275.99,21404.26,20968.85,21028.69,314.22156339
2022-06-27 00:00:00,21029.19,21178.73,20920.93,21175.43,139.73791737
2022-06-27 04:00:00,21175.51,21387.53,21135.49,21345.85,228.56984486
2022-06-27 08:00:00,21379.84,21516.85,21260.46,21284.85,212.94204868
2022-06-27 12:00:00,21292.42,21317.6,20575.05,20738.04,693.96385513
2022-06-27 16:00:00,20738.04,20933.18,20491.28,20829.08,177.41651589
2022-06-27 20:00:00,20840.83,20937.99,20669.08,20699.72,195.95785044
2022-06-28 00:00:00,20722.27,20857.12,20500.0,20718.14,166.31689634
2022-06-28 04:00:00,20719.11,20919.85,20691.9,20870.0,187.3480882
2022-06-28 08:00:00,20875.91,21178.73,20851.14,20978.2,496.40094765
2022-06-28 12:00:00,20977.87,21117.44,20521.41,20595.89,615.03807186
2022-06-28 16:00:00,20572.07,20744.41,20201.1,20238.96,354.80365864
2022-06-28 20:00:00,20230.56,20440.0,20176.0,20261.34,228.77685671
2022-06-29 00:00:00,20253.88,20364.39,20109.23,20273.03,248.57514272
2022-06-29 04:00:00,20256.21,20332.36,19883.32,20073.66,376.82269126
2022-06-29 08:00:00,20062.85,20210.42,19827.0,20070.78,232.00757163
2022-06-29 12:00:00,20083.56,20168.0,19869.01,20067.08,353.22896503
2022-06-29 16:00:00,20060.96,20239.62,19904.8,20201.96,157.08217405
2022-06-29 20:00:00,20205.74,20398.99,20028.48,20093.18,237.60701735
2022-06-30 00:00:00,20098.0,20131.06,19933.48,20046.88,132.57627558
2022-06-30 04:00:00,20046.47,20069.56,19304.97,19413.95,531.40269274
2022-06-30 08:00:00,19413.95,19415.88,18910.0,19070.97,705.06497513
2022-06-30 12:00:00,19063.09,19291.08,18736.71,19124.73,854.65980664
2022-06-30 16:00:00,19113.68,19258.66,18833.63,18901.6,293.20523011
2022-06-30 20:00:00,18892.96,19986.83,18595.6,19924.89,2390.93956005
2022-07-01 00:00:00,19960.61,20895.08,19658.44,19716.78,1638.22862591
2022-07-01 04:00:00,19701.61,19728.95,19287.92,19559.03,993.24165989
2022-07-01 08:00:00,19558.25,19752.53,18944.69,19172.48,824.25594181
2022-07-01 12:00:00,19160.14,19639.09,19120.14,19277.41,467.25260984
2022-07-01 16:00:00,19280.56,19515.21,19238.06,19359.05,167.74226694
2022-07-01 20:00:00,19372.79,19667.52,19191.97,19239.47,333.36745425
2022-07-02 00:00:00,19263.41,19356.37,19035.49,19109.71,230.40685118
2022-07-02 04:00:00,19106.69,19270.15,19088.16,19107.68,142.58539768
2022-07-02 08:00:00,19107.68,19258.7,18960.0,19173.16,166.04358205
2022-07-02 12:00:00,19169.35,19425.08,19125.45,19200.51,172.64879778
2022-07-02 16:00:00,19204.64,19381.29,19168.71,19246.22,81.13415181
2022-07-02 20:00:00,19241.14,19355.0,19174.39,19228.25,686.15533786
2022-07-03 00:00:00,19232.76,19281.69,19136.61,19242.42,101.97627833
2022-07-03 04:00:00,19249.11,19355.41,18763.96,19116.43,419.16484852
2022-07-03 08:00:00,19115.62,19135.5,18917.86,19069.2,174.72734183
2022-07-03 12:00:00,19060.0,19100.93,18946.85,19018.83,122.83626148
2022-07-03 16:00:00,19021.35,19513.67,18998.49,19480.6,392.49878419
2022-07-03 20:00:00,19482.14,19616.43,19189.5,19294.46,227.73297998
2022-07-04 00:00:00,19296.88,19322.16,19032.44,19090.12,145.2744073
2022-07-04 04:00:00,19088.18,19163.43,19059.54,19104.22,123.62466538
2022-07-04 08:00:00,19107.22,19809.37,19092.77,19787.85,404.5156949
2022-07-04 12:00:00,19797.95,20085.25,19484.17,19772.58,516.3267434
2022-07-04 16:00:00,19772.58,20022.27,19648.22,19803.63,528.22175603
2022-07-04 20:00:00,19804.43,20319.88,19709.91,20209.53,298.11873989
2022-07-05 00:00:00,20209.02,20440.0,20133.7,20287.81,171.42095727
2022-07-05 04:00:00,20284.89,20422.39,20155.55,20192.54,216.99248094
2022-07-05 08:00:00,20192.54,20192.54,19453.61,19500.51,664.18978194
2022-07-05 12:00:00,19495.89,19573.56,19281.82,19509.86,406.06400729
2022-07-05 16:00:00,19504.18,20474.07,19470.07,20378.7,901.97335826
2022-07-05 20:00:00,20377.42,20720.0,20099.21,20168.63,521.58588658
2022-07-06 00:00:00,20164.65,20367.52,19750.16,19932.86,263.93832879
2022-07-06 04:00:00,19937.74,20299.36,19850.0,20138.81,426.41735509
2022-07-06 08:00:00,20133.0,20279.29,20019.78,20082.32,235.0212358
2022-07-06 12:00:00,20084.32,20337.15,19938.8,20130.34,420.80927915
2022-07-06 16:00:00,20130.34,20454.43,20108.79,20295.32,478.40341021
2022-07-06 20:00:00,20302.86,20648.76,20258.45,20547.45,268.79232291
2022-07-07 00:00:00,20546.29,20579.28,20363.82,20467.11,121.27917432
2022-07-07 04:00:00,20467.08,20479.65,20237.58,20426.34,105.70532308
2022-07-07 08:00:00,20429.52,20600.0,20384.13,20488.33,154.28408266
2022-07-07 12:00:00,20491.66,21017.35,20355.21,20870.48,626.97636125
2022-07-07 16:00:00,20878.7,21844.63,20811.76,21835.16,2023.81846904
2022-07-07 20:00:00,21845.0,21847.25,21519.43,21643.56,390.50818473
2022-07-08 00:00:00,21620.85,22401.0,21572.95,22115.26,914.24477354
2022-07-08 04:00:00,22119.36,22228.91,21708.76,21797.59,278.41614569
2022-07-08 08:00:00,21789.07,21812.61,21308.61,21552.19,417.24242297
2022-07-08 12:00:00,21562.56,22111.05,21164.07,21947.16,1090.89698684
2022-07-08 16:00:00,21943.76,21957.94,21553.02,21786.43,333.13219515
2022-07-08 20:00:00,21788.09,22013.04,21578.9,21584.14,319.01501377
2022-07-09 00:00:00,21592.69,21679.98,21406.43,21597.95,178.69083965
2022-07-09 04:00:00,21605.15,21719.18,21485.14,21643.0,92.94681281
2022-07-09 08:00:00,21646.9,21763.85,21311.36,21405.23,158.40588762
2022-07-09 12:00:00,21426.03,21703.48,21374.65,21535.85,101.39094305
2022-07-09 16:00:00,21539.82,21955.18,21521.18,21618.77,242.3618478
2022-07-09 20:00:00,21607.28,21739.83,21551.25,21588.35,91.59068482
2022-07-10 00:00:00,21581.98,21593.73,21130.0,21294.0,289.26492493
2022-07-10 04:00:00,21288.12,21367.07,21162.44,21331.14,87.523254
2022-07-10 08:00:00,21332.74,21408.68,21099.54,21287.77,202.48209174
2022-07-10 12:00:00,21294.52,21325.63,20823.42,20895.14,334.7002708
2022-07-10 16:00:00,20891.9,21034.02,20629.99,20918.25,221.08853032
2022-07-10 20:00:00,20910.32,21170.42,20711.51,20856.08,263.85899098
2022-07-11 00:00:00,20851.14,20858.75,20445.0,20530.03,193.45522453
2022-07-11 04:00:00,20529.64,20598.07,20343.5,20432.79,128.25095895
2022-07-11 08:00:00,20424.88,20612.01,20394.85,20456.22,130.37508954
2022-07-11 12:00:00,20462.2,20750.42,20251.72,20419.38,291.57603264
2022-07-11 16:00:00,20419.45,20693.08,20393.58,20491.63,355.09241374
2022-07-11 20:00:00,20477.4,20541.44,19869.0,19949.71,282.28875392
2022-07-12 00:00:00,19948.55,19990.07,19776.24,19929.44,140.28225793
2022-07-12 04:00:00,19925.41,20036.24,19600.0,19724.73,352.24361667
2022-07-12 08:00:00,19708.27,19814.25,19520.0,19764.49,438.63655098
2022-07-12 12:00:00,19764.71,19988.86,19679.11,19859.66,316.22172883
2022-07-12 16:00:00,19870.38,19978.98,19274.88,19382.5,340.47371428
2022-07-12 20:00:00,19381.59,19524.51,19237.42,19321.14,150.17295575
2022-07-13 00:00:00,19337.91,19564.05,19258.22,19458.78,315.63842253
2022-07-13 04:00:00,19471.29,19835.04,19409.58,19698.42,248.46437273
2022-07-13 08:00:00,19700.81,19904.77,19652.56,19772.52,378.25531028
2022-07-13 12:00:00,19810.34,20102.05,18905.55,19451.19,1256.6845325
2022-07-13 16:00:00,19449.27,20019.78,19223.34,19645.03,480.92820124
2022-07-13 20:00:00,19647.58,20367.88,19577.91,20232.35,516.89329884
2022-07-14 00:00:00,20225.24,20407.98,20150.0,20196.21,265.25677983
2022-07-14 04:00:00,20212.98,20265.64,19895.81,19979.0,252.61930006
2022-07-14 08:00:00,19970.51,20030.64,19634.37,19730.61,348.40864873
2022-07-14 12:00:00,19729.39,20437.25,19608.47,20378.78,520.86210037
2022-07-14 16:00:00,20384.94,20880.0,20125.96,20578.79,1053.3538355
2022-07-14 20:00:00,20608.68,20703.84,20427.85,20577.23,134.25818868
2022-07-15 00:00:00,20569.17,20818.08,20368.7,20601.02,209.87794219
2022-07-15 04:00:00,20601.02,20911.06,20469.64,20826.06,229.01944248
2022-07-15 08:00:00,20823.58,21032.0,20709.78,20762.79,295.87496912
2022-07-15 12:00:00,20764.82,21072.26,20750.0,20798.2,315.04824739
2022-07-15 16:00:00,20781.73,21164.65,20613.9,21159.36,351.8150713
2022-07-15 20:00:00,21161.63,21186.35,20762.0,20835.39,180.19445682
2022-07-16 00:00:00,20823.7,20860.52,20609.64,20744.89,136.85155904
2022-07-16 04:00:00,20740.98,20758.34,20472.68,20544.02,344.61087488
2022-07-16 08:00:00,20547.59,20673.55,20544.26,20621.4,66.87061852
2022-07-16 12:00:00,20619.54,20956.11,20596.58,20948.87,144.37330532
2022-07-16 16:00:00,20958.76,21577.0,20952.92,21182.79,779.38490864
2022-07-16 20:00:00,21184.79,21337.35,20926.12,21195.49,268.54800129
2022-07-17 00:00:00,21198.34,21446.59,21079.21,21323.52,170.87004595
2022-07-17 04:00:00,21324.53,21664.52,21237.06,21475.71,269.77997445
2022-07-17 08:00:00,21456.99,21540.79,21222.0,21447.21,231.6681914
2022-07-17 12:00:00,21444.85,21491.04,21082.7,21172.32,268.51546298
2022-07-17 16:00:00,21171.99,21337.77,20826.82,21030.89,328.93062275
2022-07-17 20:00:00,21030.89,21063.38,20751.08,20801.85,227.43924372
2022-07-18 00:00:00,20786.76,21367.56,20757.29,21293.18,289.13804783
2022-07-18 04:00:00,21280.0,22392.15,21167.15,22280.51,1030.20718208
2022-07-18 08:00:00,22248.25,22503.0,21969.6,22124.25,581.4640822
2022-07-18 12:00:00,22130.55,22760.04,21900.0,22670.93,733.31900736
2022-07-18 16:00:00,22665.56,22700.08,21394.55,21615.0,810.24319386
2022-07-18 20:00:00,21620.05,22629.02,21444.68,22435.04,843.98536101
2022-07-19 00:00:00,22439.63,22958.82,21826.29,21891.97,944.10490831
2022-07-19 04:00:00,21893.19,22128.74,21578.45,21776.61,508.25739545
2022-07-19 08:00:00,21774.53,22229.88,21695.86,21985.18,460.6829611
2022-07-19 12:00:00,21979.47,23198.13,21979.47,23137.32,1280.39602238
2022-07-19 16:00:00,23160.88,23684.73,22957.22,23409.44,746.7467342
2022-07-19 20:00:00,23422.76,23800.0,23161.97,23405.02,742.1649492
2022-07-20 00:00:00,23392.04,23526.11,22893.95,23443.47,538.51594934
2022-07-20 04:00:00,23438.58,23855.86,23310.08,23397.26,410.91107686
2022-07-20 08:00:00,23387.55,23889.16,23316.97,23728.75,430.10359908
2022-07-20 12:00:00,23737.99,24280.3,23584.97,24185.53,933.88463698
2022-07-20 16:00:00,24181.24,24213.44,23402.23,23673.67,736.91961321
2022-07-20 20:00:00,23674.37,23796.16,22940.88,23208.53,1002.3497169
2022-07-21 00:00:00,23217.0,23430.33,22671.01,22777.66,384.81820132
2022-07-21 04:00:00,22769.62,23103.1,22650.42,22932.7,258.93058296
2022-07-21 08:00:00,22940.05,23067.67,22473.0,22596.54,415.66549753
2022-07-21 12:00:00,22604.19,22854.52,22340.34,22642.78,295.60629623
2022-07-21 16:00:00,22650.86,23213.36,22639.28,23210.61,591.35773597
2022-07-21 20:00:00,23196.14,23314.36,22939.44,23163.34,321.09577355
2022-07-22 00:00:00,23166.09,23349.11,22876.46,22922.17,143.90452207
2022-07-22 04:00:00,22915.73,23333.0,22811.68,23126.37,271.25758869
2022-07-22 08:00:00,23135.45,23634.39,23078.18,23622.75,309.63926789
2022-07-22 12:00:00,23608.27,23760.87,23234.35,23300.03,558.29158572
2022-07-22 16:00:00,23304.4,23358.25,22550.0,22591.06,585.19045999
2022-07-22 20:00:00,22605.47,22789.79,22512.42,22682.26,157.30043407
2022-07-23 00:00:00,22696.19,22908.4,22553.23,22812.32,98.23942872
2022-07-23 04:00:00,22827.63,23005.68,22692.0,22781.06,91.03968095
2022-07-23 08:00:00,22783.3,22878.1,22219.0,22229.19,269.12615038
2022-07-23 12:00:00,22240.1,22390.22,22061.25,22226.37,229.57037165
2022-07-23 16:00:00,22227.59,22336.26,21944.47,22281.94,152.00467362
2022-07-23 20:00:00,22271.14,22559.47,22235.3,22468.69,170.87753082
2022-07-24 00:00:00,22468.7,22674.92,22300.17,22333.82,85.41147435
2022-07-24 04:00:00,22345.3,22828.11,22272.23,22712.54,150.41263034
2022-07-24 08:00:00,22694.99,22819.89,22487.41,22664.93,112.71534516
2022-07-24 12:00:00,22672.13,22911.07,22450.0,22844.83,115.14871732
2022-07-24 16:00:00,22856.09,22878.06,22641.67,22716.65,53.26696315
2022-07-24 20:00:00,22696.26,23006.77,22528.78,22595.81,164.24160644
2022-07-25 00:00:00,22589.47,22673.68,21776.59,21862.71,550.4971487
2022-07-25 04:00:00,21869.08,22007.76,21745.26,21975.98,158.57408543
2022-07-25 08:00:00,21976.02,22109.76,21878.48,21944.85,195.56584285
2022-07-25 12:00:00,21936.51,21999.15,21699.0,21900.94,379.21404078
2022-07-25 16:00:00,21900.0,22012.49,21564.61,21905.01,239.49239461
2022-07-25 20:00:00,21902.34,22249.38,21250.0,21306.56,605.43665594
2022-07-26 00:00:00,21314.26,21344.09,20837.43,21140.21,437.50454809
2022-07-26 04:00:00,21139.32,21257.65,21034.9,21077.52,201.33423513
2022-07-26 08:00:00,21073.58,21169.02,20950.0,21089.93,151.90436932
2022-07-26 12:00:00,21089.24,21201.48,20700.13,20758.2,588.18684448
2022-07-26 16:00:00,20749.52,21081.69,20743.54,20935.13,342.94767691
2022-07-26 20:00:00,20920.28,21298.5,20822.63,21259.78,243.70031011
2022-07-27 00:00:00,21266.14,21288.83,21047.7,21063.55,80.34390618
2022-07-27 04:00:00,21085.48,21452.45,21060.59,21345.2,217.994512
2022-07-27 08:00:00,21360.09,21377.4,21139.04,21199.67,126.62810856
2022-07-27 12:00:00,21194.97,21553.02,21178.78,21553.02,518.29382127
2022-07-27 16:00:00,21534.67,23112.9,21468.92,22780.6,1666.93189941
2022-07-27 20:00:00,22797.55,23000.0,22580.81,22969.04,365.99658164
2022-07-28 00:00:00,22972.22,23452.83,22713.35,23144.8,532.52915031
2022-07-28 04:00:00,23142.16,23271.12,22892.52,22919.39,357.22630578
2022-07-28 08:00:00,22916.9,23139.75,22834.98,23124.32,384.11653641
2022-07-28 12:00:00,23125.36,23990.62,22600.0,23745.49,1051.8150811
2022-07-28 16:00:00,23767.86,24114.71,23678.08,23790.88,643.83591908
2022-07-28 20:00:00,23806.07,24198.95,23761.86,23853.11,494.2671903
2022-07-29 00:00:00,23856.91,23950.0,23713.75,23929.66,176.53249569
2022-07-29 04:00:00,23917.05,24445.0,23831.9,23945.0,401.2682079
2022-07-29 08:00:00,23954.96,24146.67,23546.58,23734.48,418.0884586
2022-07-29 12:00:00,23740.79,24236.73,23438.5,24021.08,886.04995706
2022-07-29 16:00:00,24035.5,24045.54,23622.29,23899.15,346.25915767
2022-07-29 20:00:00,23923.87,24153.52,23718.86,23785.31,308.29339095
2022-07-30 00:00:00,23777.85,23978.28,23690.41,23823.09,157.80081592
2022-07-30 04:00:00,23808.12,23920.92,23659.16,23885.7,125.92654719
2022-07-30 08:00:00,23904.31,24061.4,23754.98,23965.12,185.7599044
2022-07-30 12:00:00,23971.09,24676.0,23941.2,24547.86,550.17208959
2022-07-30 16:00:00,24541.26,24598.68,23873.71,23944.23,320.2152803
2022-07-30 20:00:00,23940.63,24090.46,23523.29,23644.58,399.70030823
2022-07-31 00:00:00,23652.53,23878.34,23554.15,23757.3,413.0946634
2022-07-31 04:00:00,23755.35,23852.11,23678.0,23722.26,109.7448083
2022-07-31 08:00:00,23723.45,23864.45,23568.49,23820.8,124.28737805
2022-07-31 12:00:00,23817.04,23870.18,23622.67,23778.3,103.30441444
2022-07-31 16:00:00,23792.49,24190.09,23379.45,23837.21,636.67478293
2022-07-31 20:00:00,23848.21,23901.8,23241.0,23322.53,237.04567834
2022-08-01 00:00:00,23287.38,23477.71,23273.41,23375.85,67.52465682
2022-08-01 04:00:00,23400.0,23430.99,23123.5,23332.47,257.49030926
2022-08-01 08:00:00,23342.54,23386.7,22954.46,23245.57,224.15400542
2022-08-01 12:00:00,23243.51,23511.5,22968.24,23335.67,265.87311492
2022-08-01 16:00:00,23339.24,23357.02,22861.0,22971.06,288.78723978
2022-08-01 20:00:00,22969.19,23421.89,22932.48,23282.92,206.34247882
2022-08-02 00:00:00,23291.67,23451.21,22798.0,22855.09,254.34174698
2022-08-02 04:00:00,22862.88,22947.42,22724.29,22896.41,109.44779148
2022-08-02 08:00:00,22899.4,22979.27,22665.98,22893.41,226.73324852
2022-08-02 12:00:00,22881.42,23140.43,22672.51,22985.71,219.78960619
2022-08-02 16:00:00,22991.29,23468.33,22880.84,22954.9,543.52605077
2022-08-02 20:00:00,22954.9,23160.44,22915.93,23001.52,87.66797474
2022-08-03 00:00:00,22997.07,23075.11,22686.12,22871.62,144.0644671
2022-08-03 04:00:00,22867.43,23068.3,22809.49,22984.01,72.93568663
2022-08-03 08:00:00,23005.72,23486.62,22992.45,23425.17,269.55720852
2022-08-03 12:00:00,23406.96,23642.14,23222.22,23368.36,278.17802652
2022-08-03 16:00:00,23366.85,23576.98,23274.12,23472.97,166.98007205
2022-08-03 20:00:00,23469.78,23501.38,22735.55,22835.88,374.57956223
2022-08-04 00:00:00,22830.37,23228.77,22809.47,23085.73,165.92899639
2022-08-04 04:00:00,23105.86,23184.75,22825.37,22950.92,178.41068354
2022-08-04 08:00:00,22949.33,22961.02,22775.47,22900.98,395.78567403
2022-08-04 12:00:00,22886.6,23153.44,22751.54,22927.09,287.93066111
2022-08-04 16:00:00,22932.6,22976.33,22400.0,22460.9,386.35232829
2022-08-04 20:00:00,22479.3,22675.53,22462.88,22615.24,123.55795209
2022-08-05 00:00:00,22630.14,23202.29,22587.94,23180.92,568.1352272
2022-08-05 04:00:00,23188.25,23427.51,23071.78,23194.52,334.91358856
2022-08-05 08:00:00,23192.27,23442.59,23103.74,23420.0,155.33068534
2022-08-05 12:00:00,23420.0,23478.0,22878.14,23002.89,481.8512768
2022-08-05 16:00:00,22995.42,23094.86,22761.93,22949.16,265.43252399
2022-08-05 20:00:00,22924.21,23326.53,22854.91,23326.4,264.69659612
2022-08-06 00:00:00,23326.5,23354.54,23161.22,23182.91,179.16076644
2022-08-06 04:00:00,23172.3,23247.94,23145.48,23189.98,62.42418413
2022-08-06 08:00:00,23203.93,23264.97,23110.41,23166.88,81.91999337
2022-08-06 12:00:00,23175.24,23244.29,23160.74,23213.47,88.10678355
2022-08-06 16:00:00,23201.83,23262.63,22998.52,23199.13,78.9912849
2022-08-06 20:00:00,23199.28,23221.55,22919.76,22956.61,181.5422845
2022-08-07 00:00:00,22946.0,23063.53,22855.14,23003.93,55.34171081
2022-08-07 04:00:00,23005.52,23038.28,22950.71,23025.34,47.98795402
2022-08-07 08:00:00,23026.94,23057.4,22904.62,23048.56,64.66737732
2022-08-07 12:00:00,23058.09,23189.78,23023.87,23034.23,103.26579808
2022-08-07 16:00:00,23033.62,23300.0,22996.22,23163.32,176.02026222
2022-08-07 20:00:00,23178.23,23411.55,23073.86,23187.62,244.10027135
2022-08-08 00:00:00,23177.72,23357.34,23169.64,23317.94,123.74706518
2022-08-08 04:00:00,23317.41,23851.98,23295.52,23831.2,530.20941357
2022-08-08 08:00:00,23825.25,24200.81,23781.0,24156.23,366.43530593
2022-08-08 12:00:00,24163.08,24246.06,23900.48,24003.05,312.58198174
2022-08-08 16:00:00,24002.96,24013.19,23800.0,23933.95,151.31184814
2022-08-08 20:00:00,23924.51,24109.1,23687.57,23821.68,360.75530315
2022-08-09 00:00:00,23811.29,23869.87,23636.54,23838.99,179.28227746
2022-08-09 04:00:00,23848.19,23927.44,23734.3,23880.81,95.81870812
2022-08-09 08:00:00,23894.66,23894.66,23187.02,23277.17,346.61647393
2022-08-09 12:00:00,23282.12,23337.15,22880.22,23097.37,296.68341589
2022-08-09 16:00:00,23090.79,23138.22,22986.99,23072.86,84.94933803
2022-08-09 20:00:00,23073.48,23272.32,23065.3,23164.78,202.76147748
2022-08-10 00:00:00,23151.68,23151.68,22668.57,22870.79,228.92979961
2022-08-10 04:00:00,22868.05,23022.58,22838.72,22983.98,115.60477023
2022-08-10 08:00:00,22981.16,23205.35,22981.16,23131.0,77.50798353
2022-08-10 12:00:00,23139.0,24179.0,23041.0,24008.0,1017.07670605
2022-08-10 16:00:00,24022.0,24091.0,23500.0,23646.0,351.331568
2022-08-10 20:00:00,23658.0,24228.0,23636.0,23964.0,460.93761358
2022-08-11 00:00:00,23961.0,24491.0,23931.0,24338.0,328.83059265
2022-08-11 04:00:00,24349.0,24750.0,24297.0,24434.0,297.80119202
2022-08-11 08:00:00,24439.0,24689.0,24357.0,24570.0,194.89258332
2022-08-11 12:00:00,24563.0,24921.0,24297.0,24352.0,593.22175975
2022-08-11 16:00:00,24347.0,24424.0,24095.0,24240.0,247.13790557
2022-08-11 20:00:00,24242.0,24345.0,23867.0,23959.0,302.32028719
2022-08-12 00:00:00,23957.0,24109.0,23782.0,24039.0,243.41986407
2022-08-12 04:00:00,24028.0,24073.0,23898.0,23977.0,167.46948008
2022-08-12 08:00:00,23977.0,24155.0,23615.0,23689.0,361.47096348
2022-08-12 12:00:00,23695.0,24025.0,23670.0,23999.0,177.56996473
2022-08-12 16:00:00,23993.0,24266.0,23973.0,24194.0,143.41038851
2022-08-12 20:00:00,24186.0,24459.0,24070.0,24407.0,165.45205544
2022-08-13 00:00:00,24421.0,24816.0,24349.0,24795.0,222.98886675
2022-08-13 04:00:00,24819.0,24900.0,24565.0,24591.0,162.64388622
2022-08-13 08:00:00,24590.0,24667.0,24301.0,24451.0,210.36948414
2022-08-13 12:00:00,24446.0,24615.0,24316.0,24528.0,125.70713662
2022-08-13 16:00:00,24528.0,24604.0,24350.0,24418.0,80.1014703
2022-08-13 20:00:00,24417.0,24552.0,24337.0,24456.0,89.6108532
2022-08-14 00:00:00,24459.0,24647.0,24360.0,24588.0,187.35578208
2022-08-14 04:00:00,24577.0,25053.0,24531.0,24896.0,478.89150588
2022-08-14 08:00:00,24893.0,24893.0,24541.0,24577.0,189.29694272
2022-08-14 12:00:00,24567.0,24601.0,24409.0,24530.0,183.79024359
2022-08-14 16:00:00,24530.0,24570.0,24161.0,24292.0,220.58062591
2022-08-14 20:00:00,24300.0,24448.0,24193.0,24320.0,100.95465348
2022-08-15 00:00:00,24324.0,25212.0,24182.0,24875.0,432.34500484
2022-08-15 04:00:00,24870.0,24981.0,23953.0,24044.0,460.25761868
2022-08-15 08:00:00,24027.0,24317.0,23900.0,24064.0,357.42084601
2022-08-15 12:00:00,24068.0,24271.0,23914.0,24239.0,133.77895577
2022-08-15 16:00:00,24239.0,24286.0,23974.0,23982.0,110.59236525
2022-08-15 20:00:00,23997.0,24193.0,23782.0,24110.0,270.56575816
2022-08-16 00:00:00,24103.0,24250.0,23864.0,24107.0,94.17171633
2022-08-16 04:00:00,24102.0,24146.0,23813.0,24047.0,106.9976112
2022-08-16 08:00:00,24066.0,24153.0,23982.0,24048.0,90.23061878
2022-08-16 12:00:00,24050.0,24089.0,23673.0,23909.0,229.05662744
2022-08-16 16:00:00,23905.0,24048.0,23696.0,23941.0,193.78097306
2022-08-16 20:00:00,23945.0,23995.0,23814.0,23867.0,47.54885573
2022-08-17 00:00:00,23866.0,24083.0,23835.0,24012.0,82.49874464
2022-08-17 04:00:00,24016.0,24448.0,23759.0,23790.0,422.57588552
2022-08-17 08:00:00,23791.0,23916.0,23700.0,23757.0,234.61084766
2022-08-17 12:00:00,23744.0,23766.0,23324.0,23391.0,511.31073695
2022-08-17 16:00:00,23388.0,23639.0,23240.0,23279.0,376.03289601
2022-08-17 20:00:00,23281.0,23414.0,23176.0,23340.0,187.48719146
2022-08-18 00:00:00,23348.0,23521.0,23296.0,23443.0,66.54511048
2022-08-18 04:00:00,23432.0,23469.0,23323.0,23415.0,48.32810443
2022-08-18 08:00:00,23428.0,23575.0,23350.0,23538.0,133.71828489
2022-08-18 12:00:00,23538.0,23593.0,23361.0,23452.0,351.1797088
2022-08-18 16:00:00,23455.0,23469.0,23237.0,23341.0,176.85288856
2022-08-18 20:00:00,23351.0,23450.0,23103.0,23201.0,112.3117045
2022-08-19 00:00:00,23192.0,23202.0,22718.0,22774.0,304.08808692
2022-08-19 04:00:00,22768.0,22838.0,21404.0,21909.0,1120.49123517
2022-08-19 08:00:00,21914.0,21914.0,21273.0,21479.0,771.39787884
2022-08-19 12:00:00,21465.0,21602.0,21268.0,21447.0,492.55301577
2022-08-19 16:00:00,21447.0,21659.0,21156.0,21334.0,317.50799067
2022-08-19 20:00:00,21329.0,21385.0,20785.0,20841.0,552.38276743
2022-08-20 00:00:00,20840.0,21186.0,20811.0,21149.0,403.1944934
2022-08-20 04:00:00,21150.0,21368.0,21086.0,21307.0,217.31417573
2022-08-20 08:00:00,21318.0,21318.0,21127.0,21244.0,149.41174805
2022-08-20 12:00:00,21244.0,21350.0,21214.0,21305.0,108.59886984
2022-08-20 16:00:00,21306.0,21357.0,20929.0,20989.0,298.90893148
2022-08-20 20:00:00,20992.0,21237.0,20769.0,21146.0,297.84944431
2022-08-21 00:00:00,21150.0,21324.0,21126.0,21216.0,157.43004808
2022-08-21 04:00:00,21200.0,21271.0,21070.0,21235.0,67.36926028
2022-08-21 08:00:00,21262.0,21554.0,21229.0,21532.0,284.20669392
2022-08-21 12:00:00,21527.0,21586.0,21320.0,21426.0,117.01809702
2022-08-21 16:00:00,21427.0,21555.0,21340.0,21516.0,88.67737533
2022-08-21 20:00:00,21525.0,21778.0,21281.0,21514.0,356.06108487
2022-08-22 00:00:00,21517.0,21520.0,21368.0,21423.0,139.94276892
2022-08-22 04:00:00,21408.0,21491.0,21063.0,21096.0,231.93251222
2022-08-22 08:00:00,21096.0,21327.0,20901.0,21248.0,335.00694129
2022-08-22 12:00:00,21242.0,21418.0,21082.0,21407.0,177.69022542
2022-08-22 16:00:00,21407.0,21530.0,20968.0,21042.0,308.45703805
2022-08-22 20:00:00,21053.0,21419.0,21040.0,21411.0,235.96019506
2022-08-23 00:00:00,21404.0,21468.0,21245.0,21245.0,130.66876773
2022-08-23 04:00:00,21239.0,21313.0,20899.0,21307.0,268.51299048
2022-08-23 08:00:00,21308.0,21547.0,21290.0,21451.0,333.98202955
2022-08-23 12:00:00,21466.0,21672.0,21331.0,21468.0,284.34509111
2022-08-23 16:00:00,21462.0,21594.0,21360.0,21516.0,129.24829776
2022-08-23 20:00:00,21517.0,21645.0,21437.0,21520.0,90.39829798
2022-08-24 00:00:00,21523.0,21550.0,21142.0,21259.0,205.7385883
2022-08-24 04:00:00,21262.0,21499.0,21233.0,21309.0,98.15647366
2022-08-24 08:00:00,21319.0,21479.0,21231.0,21445.0,493.74493032
2022-08-24 12:00:00,21443.0,21646.0,21339.0,21615.0,384.00795655
2022-08-24 16:00:00,21625.0,21892.0,21607.0,21701.0,392.37429402
2022-08-24 20:00:00,21716.0,21759.0,21365.0,21372.0,251.63361556
2022-08-25 00:00:00,21364.0,21639.0,21319.0,21472.0,86.12787638
2022-08-25 04:00:00,21470.0,21756.0,21470.0,21746.0,174.14474441
2022-08-25 08:00:00,21747.0,21813.0,21614.0,21720.0,191.84990493
2022-08-25 12:00:00,21722.0,21774.0,21489.0,21566.0,335.74251121
2022-08-25 16:00:00,21563.0,21648.0,21422.0,21602.0,210.08415006
2022-08-25 20:00:00,21602.0,21688.0,21516.0,21571.0,137.01447542
2022-08-26 00:00:00,21550.0,21610.0,21438.0,21559.0,131.71155036
2022-08-26 04:00:00,21560.0,21571.0,21332.0,21460.0,101.036132
2022-08-26 08:00:00,21454.0,21469.0,21120.0,21193.0,218.66420393
2022-08-26 12:00:00,21198.0,21870.0,20622.0,20778.0,1954.34431103
2022-08-26 16:00:00,20777.0,20830.0,20533.0,20648.0,477.16254315
2022-08-26 20:00:00,20647.0,20763.0,20119.0,20250.0,599.17263733
2022-08-27 00:00:00,20242.0,20376.0,20144.0,20205.0,261.23108683
2022-08-27 04:00:00,20206.0,20278.0,19945.0,20272.0,381.52090939
2022-08-27 08:00:00,20276.0,20277.0,20142.0,20215.0,104.69847006
2022-08-27 12:00:00,20211.0,20245.0,19766.0,19989.0,373.28756969
2022-08-27 16:00:00,19982.0,20098.0,19845.0,20025.0,123.63677466
2022-08-27 20:00:00,20018.0,20100.0,19870.0,20045.0,78.46284828
2022-08-28 00:00:00,20044.0,20150.0,19936.0,20000.0,98.90124468
2022-08-28 04:00:00,20006.0,20081.0,19937.0,20056.0,87.97202746
2022-08-28 08:00:00,20058.0,20112.0,19950.0,20036.0,66.54519358
2022-08-28 12:00:00,20030.0,20061.0,19823.0,20027.0,102.12673314
2022-08-28 16:00:00,20046.0,20159.0,19957.0,19973.0,104.09331719
2022-08-28 20:00:00,19973.0,20055.0,19526.0,19557.0,423.71919511
2022-08-29 00:00:00,19571.0,19942.0,19557.0,19866.0,167.76183208
2022-08-29 04:00:00,19871.0,19929.0,19740.0,19900.0,190.77658202
2022-08-29 08:00:00,19893.0,19922.0,19768.0,19817.0,101.62018358
2022-08-29 12:00:00,19824.0,20381.0,19803.0,20259.0,523.11807286
2022-08-29 16:00:00,20259.0,20415.0,20082.0,20092.0,149.57135415
2022-08-29 20:00:00,20098.0,20355.0,20088.0,20302.0,93.68587981
2022-08-30 00:00:00,20300.0,20300.0,20118.0,20271.0,66.26438876
2022-08-30 04:00:00,20274.0,20575.0,20263.0,20438.0,239.65498173
2022-08-30 08:00:00,20446.0,20518.0,20343.0,20409.0,138.57580306
2022-08-30 12:00:00,20408.0,20447.0,19663.0,19766.0,805.14006541
2022-08-30 16:00:00,19761.0,20094.0,19552.0,19955.0,651.99270259
2022-08-30 20:00:00,19948.0,20061.0,19757.0,19819.0,160.00022578
2022-08-31 00:00:00,19836.0,20440.0,19822.0,20405.0,254.86660691
2022-08-31 04:00:00,20399.0,20490.0,20193.0,20265.0,163.51349265
2022-08-31 08:00:00,20257.0,20405.0,20126.0,20320.0,231.4313602
2022-08-31 12:00:00,20300.0,20420.0,19881.0,20155.0,605.55763912
2022-08-31 16:00:00,20142.0,20322.0,19883.0,20219.0,495.35593004
2022-08-31 20:00:00,20222.0,20289.0,19967.0,20059.0,520.44052881
2022-09-01 00:00:00,20049.0,20202.0,19923.0,20014.0,186.9596203
2022-09-01 04:00:00,20017.0,20137.0,19810.0,19898.0,165.93319251
2022-09-01 08:00:00,19890.0,20122.0,19823.0,20075.0,287.54585037
2022-09-01 12:00:00,20079.0,20101.0,19658.0,19776.0,485.19147174
2022-09-01 16:00:00,19787.0,19936.0,19573.0,19872.0,337.35081446
2022-09-01 20:00:00,19866.0,20174.0,19848.0,20128.0,378.63795287
2022-09-02 00:00:00,20133.0,20235.0,19957.0,20161.0,195.12447368
2022-09-02 04:00:00,20158.0,20295.0,20039.0,20116.0,200.47909831
2022-09-02 08:00:00,20105.0,20159.0,19989.0,20086.0,154.67789433
2022-09-02 12:00:00,20092.0,20440.0,20024.0,20359.0,385.01776443
2022-09-02 16:00:00,20365.0,20387.0,19762.0,19911.0,654.12012976
2022-09-02 20:00:00,19912.0,20020.0,19857.0,19959.0,115.1303489
2022-09-03 00:00:00,19950.0,20053.0,19883.0,19900.0,59.85119403
2022-09-03 04:00:00,19900.0,19968.0,19764.0,19815.0,65.10904609
2022-09-03 08:00:00,19815.0,19871.0,19736.0,19802.0,83.27484161
2022-09-03 12:00:00,19802.0,19900.0,19759.0,19777.0,108.55012548
2022-09-03 16:00:00,19777.0,19838.0,19667.0,19716.0,94.8231305
2022-09-03 20:00:00,19706.0,19851.0,19687.0,19840.0,42.8438786
2022-09-04 00:00:00,19840.0,19860.0,19747.0,19775.0,36.67617369
2022-09-04 04:00:00,19776.0,19810.0,19626.0,19646.0,56.16256291
2022-09-04 08:00:00,19620.0,19848.0,19586.0,19848.0,106.70541761
2022-09-04 12:00:00,19850.0,19929.0,19660.0,19785.0,120.02136979
2022-09-04 16:00:00,19803.0,19950.0,19721.0,19881.0,72.24581564
2022-09-04 20:00:00,19883.0,20025.0,19823.0,20007.0,76.65326851
2022-09-05 00:00:00,20014.0,20051.0,19814.0,19887.0,75.89885861
2022-09-05 04:00:00,19887.0,19905.0,19678.0,19754.0,241.41928459
2022-09-05 08:00:00,19750.0,19809.0,19634.0,19702.0,123.2295655
2022-09-05 12:00:00,19686.0,19947.0,19670.0,19857.0,206.68934689
2022-09-05 16:00:00,19864.0,19908.0,19674.0,19704.0,161.73762084
2022-09-05 20:00:00,19706.0,19864.0,19694.0,19794.0,166.98885209
2022-09-06 00:00:00,19799.0,20181.0,19675.0,19779.0,340.13650384
2022-09-06 04:00:00,19781.0,19948.0,19736.0,19908.0,94.12767354
2022-09-06 08:00:00,19909.0,20022.0,19865.0,19920.0,182.80213525
2022-09-06 12:00:00,19920.0,19987.0,19663.0,19820.0,341.78616437
2022-09-06 16:00:00,19817.0,19856.0,18783.0,18820.0,1289.2882203
2022-09-06 20:00:00,18826.0,19082.0,18669.0,18789.0,968.83284866
2022-09-07 00:00:00,18808.0,18869.0,18540.0,18749.0,339.50578393
2022-09-07 04:00:00,18747.0,18843.0,18677.0,18806.0,196.75560101
2022-09-07 08:00:00,18803.0,18856.0,18700.0,18742.0,144.31189714
2022-09-07 12:00:00,18739.0,18965.0,18681.0,18877.0,244.21119152
2022-09-07 16:00:00,18876.0,19192.0,18860.0,19000.0,493.12052999
2022-09-07 20:00:00,18995.0,19456.0,18995.0,19276.0,528.36901975
2022-09-08 00:00:00,19301.0,19379.0,19170.0,19217.0,179.57386996
2022-09-08 04:00:00,19213.0,19371.0,19056.0,19173.0,238.78371246
2022-09-08 08:00:00,19169.0,19389.0,19147.0,19316.0,214.46889296
2022-09-08 12:00:00,19316.0,19372.0,19023.0,19251.0,536.79796543
2022-09-08 16:00:00,19252.0,19351.0,19086.0,19351.0,267.26224467
2022-09-08 20:00:00,19349.0,19454.0,19251.0,19322.0,322.30626538
2022-09-09 00:00:00,19327.0,19962.0,19303.0,19943.0,648.66767581
2022-09-09 04:00:00,19960.0,20796.0,19934.0,20633.0,847.91613528
2022-09-09 08:00:00,20639.0,21188.0,20633.0,20949.0,707.68416254
2022-09-09 12:00:00,20943.0,21343.0,20916.0,21267.0,696.84272917
2022-09-09 16:00:00,21270.0,21424.0,21136.0,21296.0,635.96313748
2022-09-09 20:00:00,21295.0,21610.0,21199.0,21371.0,472.24989208
2022-09-10 00:00:00,21371.0,21393.0,21169.0,21310.0,193.29558378
2022-09-10 04:00:00,21311.0,21671.0,21265.0,21292.0,263.06372201
2022-09-10 08:00:00,21293.0,21397.0,21268.0,21294.0,129.0070338
2022-09-10 12:00:00,21294.0,21364.0,21125.0,21234.0,196.42717469
2022-09-10 16:00:00,21226.0,21646.0,21181.0,21587.0,356.6198575
2022-09-10 20:00:00,21586.0,21814.0,21374.0,21672.0,216.97959524
2022-09-11 00:00:00,21663.0,21685.0,21471.0,21550.0,67.37502279
2022-09-11 04:00:00,21566.0,21645.0,21360.0,21615.0,115.29877373
2022-09-11 08:00:00,21614.0,21730.0,21566.0,21619.0,214.13948778
2022-09-11 12:00:00,21618.0,21753.0,21468.0,21657.0,93.09167867
2022-09-11 16:00:00,21651.0,21871.0,21546.0,21625.0,100.84720217
2022-09-11 20:00:00,21624.0,21859.0,21463.0,21835.0,253.64242584
2022-09-12 00:00:00,21836.0,22350.0,21565.0,21661.0,745.12195585
2022-09-12 04:00:00,21649.0,22231.0,21638.0,22208.0,337.26144802
2022-09-12 08:00:00,22204.0,22451.0,21976.0,22319.0,379.98811737
2022-09-12 12:00:00,22330.0,22481.0,22018.0,22119.0,578.55465139
2022-09-12 16:00:00,22121.0,22457.0,22018.0,22431.0,340.76965637
2022-09-12 20:00:00,22436.0,22485.0,22267.0,22401.0,115.29116771
2022-09-13 00:00:00,22396.0,22453.0,22070.0,22234.0,211.44631533
2022-09-13 04:00:00,22239.0,22635.0,22185.0,22282.0,268.76435819
2022-09-13 08:00:00,22279.0,22710.0,22191.0,22537.0,568.31850858
2022-09-13 12:00:00,22531.0,22781.0,20776.0,20834.0,1430.59492335
2022-09-13 16:00:00,20827.0,20917.0,20058.0,20288.0,887.0059144
2022-09-13 20:00:00,20284.0,20401.0,19862.0,20177.0,560.95001162
2022-09-14 00:00:00,20175.0,20526.0,20064.0,20321.0,253.35836407
2022-09-14 04:00:00,20326.0,20408.0,20154.0,20230.0,185.2283021
2022-09-14 08:00:00,20246.0,20416.0,20089.0,20204.0,297.80176369
2022-09-14 12:00:00,20217.0,20391.0,20079.0,20173.0,808.754326
2022-09-14 16:00:00,20176.0,20236.0,19623.0,19968.0,870.25206373
2022-09-14 20:00:00,19949.0,20391.0,19861.0,20233.0,378.51148576
2022-09-15 00:00:00,20226.0,20432.0,19932.0,20025.0,455.94974701
2022-09-15 04:00:00,20021.0,20334.0,19965.0,20210.0,292.02495607
2022-09-15 08:00:00,20210.0,20229.0,20040.0,20149.0,206.43049798
2022-09-15 12:00:00,20148.0,20188.0,19500.0,19736.0,930.30099113
2022-09-15 16:00:00,19727.0,19942.0,19646.0,19779.0,322.36994104
2022-09-15 20:00:00,19803.0,19891.0,19600.0,19691.0,324.49502957
2022-09-16 00:00:00,19704.0,19809.0,19584.0,19743.0,142.89060884
2022-09-16 04:00:00,19746.0,19855.0,19728.0,19738.0,179.58246536
2022-09-16 08:00:00,19743.0,19887.0,19611.0,19867.0,236.35145553
2022-09-16 12:00:00,19866.0,19866.0,19458.0,19660.0,1130.81843738
2022-09-16 16:00:00,19665.0,19665.0,19330.0,19615.0,476.69487622
2022-09-16 20:00:00,19619.0,19812.0,19619.0,19802.0,348.08900281
2022-09-17 00:00:00,19802.0,20062.0,19772.0,19880.0,172.55087424
2022-09-17 04:00:00,19886.0,19988.0,19790.0,19841.0,72.0247686
2022-09-17 08:00:00,19842.0,19911.0,19814.0,19820.0,165.00597835
2022-09-17 12:00:00,19814.0,20017.0,19757.0,19965.0,157.82443751
2022-09-17 16:00:00,19965.0,20187.0,19940.0,20010.0,244.97296287
2022-09-17 20:00:00,20015.0,20144.0,19956.0,20114.0,134.89880551
2022-09-18 00:00:00,20116.0,20116.0,19915.0,19999.0,172.40813444
2022-09-18 04:00:00,20001.0,20097.0,19959.0,20054.0,97.43209894
2022-09-18 08:00:00,20059.0,20096.0,19771.0,19932.0,267.18614578
2022-09-18 12:00:00,19926.0,20028.0,19717.0,19806.0,122.18178673
2022-09-18 16:00:00,19813.0,19871.0,19554.0,19722.0,512.9668831
2022-09-18 20:00:00,19724.0,19746.0,19343.0,19419.0,437.46460475
2022-09-19 00:00:00,19418.0,19512.0,18682.0,18779.0,802.28616098
2022-09-19 04:00:00,18777.0,18870.0,18271.0,18468.0,590.20234263
2022-09-19 08:00:00,18468.0,18798.0,18373.0,18684.0,463.67287484
2022-09-19 12:00:00,18686.0,19430.0,18677.0,19086.0,804.88174415
2022-09-19 16:00:00,19088.0,19550.0,18886.0,19514.0,537.53397967
2022-09-19 20:00:00,19509.0,19679.0,19421.0,19538.0,219.63983793
2022-09-20 00:00:00,19535.0,19634.0,19183.0,19369.0,223.02869296
2022-09-20 04:00:00,19369.0,19578.0,19239.0,19366.0,203.12166005
2022-09-20 08:00:00,19372.0,19428.0,19175.0,19226.0,254.77018546
2022-09-20 12:00:00,19217.0,19255.0,18777.0,19242.0,914.61592031
2022-09-20 16:00:00,19237.0,19310.0,18717.0,18993.0,624.03698613
2022-09-20 20:00:00,18995.0,19094.0,18793.0,18878.0,324.67944374
2022-09-21 00:00:00,18877.0,19056.0,18845.0,19028.0,164.28286211
2022-09-21 04:00:00,19024.0,19125.0,18800.0,18946.0,388.73332407
2022-09-21 08:00:00,18947.0,19203.0,18829.0,19165.0,401.96638094
2022-09-21 12:00:00,19164.0,19472.0,19083.0,19191.0,652.41022613
2022-09-21 16:00:00,19194.0,19902.0,18704.0,19011.0,2494.4293946
2022-09-21 20:00:00,19005.0,19066.0,18157.0,18466.0,1231.11557979
2022-09-22 00:00:00,18458.0,18786.0,18368.0,18692.0,334.1198097
2022-09-22 04:00:00,18702.0,18965.0,18632.0,18941.0,433.07238776
2022-09-22 08:00:00,18933.0,19275.0,18912.0,19227.0,524.36752539
2022-09-22 12:00:00,19230.0,19310.0,18795.0,18982.0,631.28496663
2022-09-22 16:00:00,18989.0,19491.0,18793.0,19308.0,496.84307563
2022-09-22 20:00:00,19320.0,19541.0,19165.0,19403.0,187.35399459
2022-09-23 00:00:00,19411.0,19466.0,19226.0,19383.0,225.70026912
2022-09-23 04:00:00,19398.0,19491.0,19208.0,19225.0,286.78739218
2022-09-23 08:00:00,19223.0,19269.0,18836.0,18862.0,444.6299713
2022-09-23 12:00:00,18847.0,19070.0,18533.0,18712.0,664.95516895
2022-09-23 16:00:00,18709.0,18845.0,18573.0,18815.0,430.58851245
2022-09-23 20:00:00,18809.0,19400.0,18806.0,19294.0,540.52206623
2022-09-24 00:00:00,19291.0,19309.0,19036.0,19121.0,142.67634098
2022-09-24 04:00:00,19123.0,19182.0,18931.0,18997.0,138.19802331
2022-09-24 08:00:00,18990.0,19112.0,18946.0,19055.0,121.95494131
2022-09-24 12:00:00,19054.0,19219.0,19025.0,19117.0,167.64722205
2022-09-24 16:00:00,19123.0,19186.0,19058.0,19110.0,139.8139185
2022-09-24 20:00:00,19107.0,19151.0,18817.0,18921.0,211.73349528
2022-09-25 00:00:00,18919.0,19054.0,18919.0,19051.0,82.96157619
2022-09-25 04:00:00,19047.0,19127.0,18944.0,19099.0,108.35919441
2022-09-25 08:00:00,19100.0,19182.0,18988.0,19119.0,111.44796369
2022-09-25 12:00:00,19119.0,19144.0,18856.0,18999.0,110.98801226
2022-09-25 16:00:00,18989.0,19121.0,18870.0,18917.0,166.7255844
2022-09-25 20:00:00,18924.0,18954.0,18636.0,18810.0,398.96073282
2022-09-26 00:00:00,18809.0,18944.0,18721.0,18874.0,275.7423492
2022-09-26 04:00:00,18871.0,18932.0,18690.0,18915.0,477.51663611
2022-09-26 08:00:00,18913.0,19313.0,18808.0,18875.0,675.63295362
2022-09-26 12:00:00,18875.0,19275.0,18821.0,19112.0,1108.11909735
2022-09-26 16:00:00,19106.0,19264.0,18974.0,19200.0,419.04573607
2022-09-26 20:00:00,19203.0,19245.0,19076.0,19226.0,211.33122517
2022-09-27 00:00:00,19233.0,20286.0,19191.0,20099.0,993.5043826
2022-09-27 04:00:00,20097.0,20344.0,19963.0,20182.0,376.11183377
2022-09-27 08:00:00,20182.0,20327.0,20086.0,20234.0,470.08056064
2022-09-27 12:00:00,20230.0,20381.0,19871.0,19887.0,633.72646774
2022-09-27 16:00:00,19883.0,19943.0,18822.0,19082.0,1581.56176885
2022-09-27 20:00:00,19068.0,19162.0,18929.0,19075.0,368.73192542
2022-09-28 00:00:00,19085.0,19231.0,18461.0,18741.0,1074.12705086
2022-09-28 04:00:00,18744.0,18888.0,18623.0,18785.0,355.23048517
2022-09-28 08:00:00,18783.0,19147.0,18560.0,18940.0,869.02596124
2022-09-28 12:00:00,18954.0,19500.0,18946.0,19500.0,846.44552969
2022-09-28 16:00:00,19498.0,19656.0,19266.0,19543.0,442.09478339
2022-09-28 20:00:00,19538.0,19770.0,19391.0,19413.0,230.71640962
2022-09-29 00:00:00,19413.0,19598.0,19287.0,19502.0,128.10204125
2022-09-29 04:00:00,19506.0,19620.0,19277.0,19360.0,249.02251919
2022-09-29 08:00:00,19363.0,19543.0,19304.0,19471.0,122.01032029
2022-09-29 12:00:00,19470.0,19477.0,18852.0,19291.0,634.33020784
2022-09-29 16:00:00,19288.0,19630.0,19137.0,19399.0,502.87621364
2022-09-29 20:00:00,19405.0,19608.0,19384.0,19592.0,176.27988756
2022-09-30 00:00:00,19593.0,19698.0,19319.0,19399.0,241.68765974
2022-09-30 04:00:00,19400.0,19639.0,19391.0,19577.0,222.62179728
2022-09-30 08:00:00,19579.0,19637.0,19403.0,19440.0,250.73144595
2022-09-30 12:00:00,19439.0,20171.0,19152.0,19754.0,1143.71510411
2022-09-30 16:00:00,19729.0,19864.0,19476.0,19495.0,358.53279042
2022-09-30 20:00:00,19486.0,19535.0,19243.0,19425.0,196.49552551
2022-10-01 00:00:00,19419.0,19484.0,19358.0,19416.0,37.18047723
2022-10-01 04:00:00,19415.0,19421.0,19264.0,19314.0,68.98962577
2022-10-01 08:00:00,19314.0,19363.0,19174.0,19312.0,50.22060138
2022-10-01 12:00:00,19310.0,19398.0,19243.0,19333.0,58.57019208
2022-10-01 16:00:00,19334.0,19351.0,19217.0,19269.0,59.67741441
2022-10-01 20:00:00,19266.0,19344.0,19210.0,19312.0,103.96867645
2022-10-02 00:00:00,19306.0,19345.0,19249.0,19313.0,34.64906024
2022-10-02 04:00:00,19312.0,19395.0,19241.0,19286.0,32.47343883
2022-10-02 08:00:00,19280.0,19299.0,19050.0,19193.0,110.42724533
2022-10-02 12:00:00,19194.0,19246.0,19079.0,19142.0,62.68946681
2022-10-02 16:00:00,19142.0,19335.0,19135.0,19261.0,59.6828808
2022-10-02 20:00:00,19275.0,19299.0,18931.0,19051.0,218.1117132
2022-10-03 00:00:00,19060.0,19253.0,18975.0,19165.0,76.97946782
2022-10-03 04:00:00,19170.0,19302.0,19067.0,19196.0,105.51417761
2022-10-03 08:00:00,19195.0,19252.0,19125.0,19252.0,92.6933771
2022-10-03 12:00:00,19248.0,19492.0,19140.0,19339.0,299.7626266
2022-10-03 16:00:00,19354.0,19651.0,19324.0,19539.0,316.12021119
2022-10-03 20:00:00,19561.0,19715.0,19515.0,19636.0,218.06190691
2022-10-04 00:00:00,19633.0,19724.0,19497.0,19602.0,141.04482466
2022-10-04 04:00:00,19602.0,19973.0,19557.0,19967.0,310.88931827
2022-10-04 08:00:00,19975.0,20152.0,19819.0,19942.0,341.94323595
2022-10-04 12:00:00,19944.0,20263.0,19914.0,20105.0,503.47806723
2022-10-04 16:00:00,20114.0,20271.0,19877.0,20221.0,373.19776948
2022-10-04 20:00:00,20226.0,20469.0,20155.0,20343.0,784.98967661
2022-10-05 00:00:00,20343.0,20366.0,20150.0,20201.0,112.26014954
2022-10-05 04:00:00,20192.0,20300.0,20083.0,20232.0,186.6199811
2022-10-05 08:00:00,20230.0,20246.0,19967.0,20030.0,227.67083274
2022-10-05 12:00:00,20031.0,20072.0,19735.0,20003.0,755.24081177
2022-10-05 16:00:00,20008.0,20347.0,19961.0,20114.0,393.52622172
2022-10-05 20:00:00,20137.0,20216.0,19985.0,20162.0,114.53092509
2022-10-06 00:00:00,20161.0,20441.0,20154.0,20366.0,219.81634889
2022-10-06 04:00:00,20361.0,20447.0,20162.0,20224.0,159.55458037
2022-10-06 08:00:00,20218.0,20256.0,20093.0,20246.0,212.26538219
2022-10-06 12:00:00,20250.0,20326.0,19881.0,20018.0,343.88827294
2022-10-06 16:00:00,20010.0,20269.0,19955.0,20019.0,166.64811947
2022-10-06 20:00:00,20017.0,20072.0,19864.0,19951.0,336.71682109
2022-10-07 00:00:00,19960.0,20053.0,19947.0,19987.0,73.77279945
2022-10-07 04:00:00,19988.0,20014.0,19821.0,19934.0,182.95018649
2022-10-07 08:00:00,19933.0,20025.0,19923.0,20004.0,130.15187569
2022-10-07 12:00:00,20003.0,20056.0,19463.0,19580.0,524.19417093
2022-10-07 16:00:00,19576.0,19607.0,19335.0,19463.0,235.41442995
2022-10-07 20:00:00,19462.0,19644.0,19446.0,19532.0,144.09670156
2022-10-08 00:00:00,19533.0,19624.0,19497.0,19505.0,73.70565102
2022-10-08 04:00:00,19506.0,19538.0,19430.0,19502.0,55.26867773
2022-10-08 08:00:00,19504.0,19548.0,19456.0,19543.0,91.99602517
2022-10-08 12:00:00,19538.0,19544.0,19431.0,19490.0,28.35936699
2022-10-08 16:00:00,19490.0,19538.0,19444.0,19474.0,22.59953814
2022-10-08 20:00:00,19467.0,19483.0,19259.0,19420.0,245.38950419
2022-10-09 00:00:00,19421.0,19454.0,19331.0,19377.0,40.33912984
2022-10-09 04:00:00,19367.0,19438.0,19324.0,19416.0,31.74528626
2022-10-09 08:00:00,19416.0,19550.0,19379.0,19476.0,72.46807332
2022-10-09 12:00:00,19472.0,19550.0,19470.0,19543.0,158.63202473
2022-10-09 16:00:00,19542.0,19604.0,19369.0,19468.0,310.01339159
2022-10-09 20:00:00,19472.0,19496.0,19379.0,19445.0,94.07661037
2022-10-10 00:00:00,19436.0,19525.0,19380.0,19454.0,79.93465509
2022-10-10 04:00:00,19451.0,19475.0,19363.0,19414.0,85.87570993
2022-10-10 08:00:00,19414.0,19421.0,19136.0,19338.0,262.08603621
2022-10-10 12:00:00,19334.0,19437.0,19224.0,19269.0,163.03299314
2022-10-10 16:00:00,19269.0,19350.0,19107.0,19218.0,249.72568538
2022-10-10 20:00:00,19210.0,19272.0,19029.0,19131.0,212.32793854
2022-10-11 00:00:00,19131.0,19131.0,18962.0,19040.0,228.27552009
2022-10-11 04:00:00,19039.0,19118.0,19010.0,19081.0,150.99366584
2022-10-11 08:00:00,19079.0,19150.0,19036.0,19141.0,144.55807968
2022-10-11 12:00:00,19146.0,19265.0,18853.0,19145.0,501.7614817
2022-10-11 16:00:00,19134.0,19182.0,18925.0,18996.0,260.71336978
2022-10-11 20:00:00,18999.0,19059.0,18994.0,19059.0,46.63033609
2022-10-12 00:00:00,19061.0,19125.0,19028.0,19048.0,85.46734032
2022-10-12 04:00:00,19048.0,19196.0,19045.0,19113.0,110.51824477
2022-10-12 08:00:00,19113.0,19199.0,19092.0,19115.0,158.76938905
2022-10-12 12:00:00,19118.0,19172.0,18967.0,19137.0,270.19111586
2022-10-12 16:00:00,19143.0,19175.0,19048.0,19140.0,161.33386751
2022-10-12 20:00:00,19143.0,19229.0,19134.0,19157.0,83.99075128
2022-10-13 00:00:00,19156.0,19171.0,19017.0,19089.0,49.7846365
2022-10-13 04:00:00,19088.0,19110.0,18955.0,19009.0,117.3105295
2022-10-13 08:00:00,19009.0,19034.0,18584.0,18751.0,502.0124819
2022-10-13 12:00:00,18752.0,19045.0,18183.0,18958.0,1391.73652056
2022-10-13 16:00:00,18964.0,19504.0,18907.0,19375.0,615.05810827
2022-10-13 20:00:00,19366.0,19489.0,19331.0,19377.0,244.87980711
2022-10-14 00:00:00,19374.0,19947.0,19345.0,19812.0,334.00756828
2022-10-14 04:00:00,19816.0,19844.0,19571.0,19645.0,167.6938948
2022-10-14 08:00:00,19638.0,19744.0,19525.0,19596.0,155.6169955
2022-10-14 12:00:00,19596.0,19852.0,19326.0,19356.0,364.64567336
2022-10-14 16:00:00,19354.0,19399.0,19116.0,19169.0,211.36711525
2022-10-14 20:00:00,19166.0,19212.0,19083.0,19181.0,80.46986653
2022-10-15 00:00:00,19184.0,19229.0,19138.0,19203.0,47.8936362
2022-10-15 04:00:00,19203.0,19212.0,19139.0,19171.0,31.84327711
2022-10-15 08:00:00,19170.0,19177.0,19049.0,19166.0,75.53865542
2022-10-15 12:00:00,19165.0,19197.0,19100.0,19130.0,44.92153698
2022-10-15 16:00:00,19130.0,19164.0,19070.0,19105.0,75.16294428
2022-10-15 20:00:00,19103.0,19129.0,18990.0,19066.0,56.07093279
2022-10-16 00:00:00,19072.0,19165.0,19067.0,19122.0,37.69988878
2022-10-16 04:00:00,19122.0,19157.0,19112.0,19134.0,30.29189306
2022-10-16 08:00:00,19134.0,19187.0,19092.0,19146.0,56.84233394
2022-10-16 12:00:00,19145.0,19174.0,19111.0,19155.0,43.56926028
2022-10-16 16:00:00,19158.0,19375.0,19122.0,19375.0,124.9925785
2022-10-16 20:00:00,19375.0,19425.0,19111.0,19264.0,123.61565508
2022-10-17 00:00:00,19262.0,19307.0,19160.0,19192.0,85.07146295
2022-10-17 04:00:00,19173.0,19313.0,19166.0,19298.0,138.82456968
2022-10-17 08:00:00,19300.0,19539.0,19246.0,19459.0,324.03053287
2022-10-17 12:00:00,19457.0,19672.0,19419.0,19539.0,309.25979222
2022-10-17 16:00:00,19538.0,19590.0,19450.0,19527.0,157.62676936
2022-10-17 20:00:00,19528.0,19619.0,19474.0,19547.0,126.8103755
2022-10-18 00:00:00,19547.0,19624.0,19486.0,19550.0,153.08782583
2022-10-18 04:00:00,19548.0,19700.0,19539.0,19671.0,243.69843793
2022-10-18 08:00:00,19668.0,19673.0,19473.0,19566.0,290.82717437
2022-10-18 12:00:00,19566.0,19676.0,19287.0,19374.0,302.9431702
2022-10-18 16:00:00,19373.0,19438.0,19099.0,19220.0,309.20722689
2022-10-18 20:00:00,19220.0,19431.0,19207.0,19334.0,224.76251867
2022-10-19 00:00:00,19329.0,19356.0,19231.0,19285.0,184.33724204
2022-10-19 04:00:00,19284.0,19306.0,19160.0,19220.0,224.84342357
2022-10-19 08:00:00,19216.0,19279.0,19150.0,19198.0,234.96143489
2022-10-19 12:00:00,19200.0,19304.0,19078.0,19267.0,357.4474255
2022-10-19 16:00:00,19268.0,19279.0,19102.0,19226.0,102.76437988
2022-10-19 20:00:00,19228.0,19243.0,19091.0,19126.0,198.24144813
2022-10-20 00:00:00,19128.0,19160.0,18913.0,19048.0,264.65371402
2022-10-20 04:00:00,19042.0,19203.0,19040.0,19143.0,233.02977604
2022-10-20 08:00:00,19148.0,19247.0,19105.0,19212.0,253.71803375
2022-10-20 12:00:00,19212.0,19340.0,19132.0,19256.0,275.0033834
2022-10-20 16:00:00,19255.0,19255.0,18970.0,19061.0,272.23556508
2022-10-20 20:00:00,19062.0,19093.0,18938.0,19043.0,193.024021
2022-10-21 00:00:00,19043.0,19126.0,19003.0,19049.0,117.40549022
2022-10-21 04:00:00,19051.0,19081.0,18996.0,19030.0,194.83518282
2022-10-21 08:00:00,19029.0,19040.0,18906.0,18944.0,312.37006195
2022-10-21 12:00:00,18946.0,19169.0,18660.0,19166.0,936.08538522
2022-10-21 16:00:00,19171.0,19245.0,19094.0,19189.0,282.59078344
2022-10-21 20:00:00,19191.0,19245.0,19142.0,19165.0,80.1530072
2022-10-22 00:00:00,19166.0,19181.0,19118.0,19159.0,46.43682697
2022-10-22 04:00:00,19154.0,19173.0,19135.0,19167.0,30.27231621
2022-10-22 08:00:00,19166.0,19188.0,19145.0,19179.0,70.17354102
2022-10-22 12:00:00,19179.0,19250.0,19160.0,19238.0,131.33129351
2022-10-22 16:00:00,19238.0,19247.0,19140.0,19186.0,118.46216232
2022-10-22 20:00:00,19187.0,19223.0,19177.0,19206.0,58.74474909
2022-10-23 00:00:00,19208.0,19215.0,19169.0,19199.0,76.01368586
2022-10-23 04:00:00,19199.0,19219.0,19155.0,19164.0,61.74502344
2022-10-23 08:00:00,19164.0,19189.0,19135.0,19155.0,72.45179175
2022-10-23 12:00:00,19152.0,19210.0,19079.0,19194.0,118.31842247
2022-10-23 16:00:00,19194.0,19519.0,19177.0,19507.0,526.94386237
2022-10-23 20:00:00,19505.0,19689.0,19448.0,19574.0,340.14734998
2022-10-24 00:00:00,19576.0,19588.0,19351.0,19392.0,200.91690402
2022-10-24 04:00:00,19388.0,19388.0,19261.0,19323.0,174.20509079
2022-10-24 08:00:00,19326.0,19446.0,19298.0,19428.0,151.21597386
2022-10-24 12:00:00,19429.0,19450.0,19169.0,19306.0,266.05965475
2022-10-24 16:00:00,19298.0,19427.0,19225.0,19345.0,118.9543773
2022-10-24 20:00:00,19345.0,19416.0,19300.0,19332.0,244.51148368
2022-10-25 00:00:00,19332.0,19363.0,19253.0,19344.0,72.29366531
2022-10-25 04:00:00,19344.0,19370.0,19279.0,19309.0,182.23568309
2022-10-25 08:00:00,19308.0,19326.0,19222.0,19303.0,146.4833399
2022-10-25 12:00:00,19303.0,19809.0,19265.0,19741.0,764.60347756
2022-10-25 16:00:00,19765.0,20418.0,19725.0,20276.0,1434.6801971
2022-10-25 20:00:00,20275.0,20303.0,19971.0,20087.0,204.21678313
2022-10-26 00:00:00,20096.0,20309.0,20062.0,20263.0,130.23981238
2022-10-26 04:00:00,20253.0,20396.0,20142.0,20355.0,466.59106264
2022-10-26 08:00:00,20355.0,20789.0,20270.0,20615.0,719.48804643
2022-10-26 12:00:00,20614.0,21012.0,20361.0,20841.0,795.68462825
2022-10-26 16:00:00,20852.0,20996.0,20650.0,20751.0,315.41859286
2022-10-26 20:00:00,20774.0,20906.0,20704.0,20775.0,283.64690406
2022-10-27 00:00:00,20771.0,20851.0,20616.0,20755.0,128.65883732
2022-10-27 04:00:00,20761.0,20872.0,20694.0,20705.0,156.10082318
2022-10-27 08:00:00,20710.0,20757.0,20463.0,20622.0,280.93616398
2022-10-27 12:00:00,20623.0,20756.0,20450.0,20565.0,427.18601199
2022-10-27 16:00:00,20566.0,20682.0,20507.0,20628.0,318.83224349
2022-10-27 20:00:00,20636.0,20636.0,20210.0,20296.0,358.1699158
2022-10-28 00:00:00,20295.0,20333.0,20172.0,20296.0,170.14086111
2022-10-28 04:00:00,20294.0,20311.0,20068.0,20083.0,220.83845567
2022-10-28 08:00:00,20082.0,20247.0,20037.0,20179.0,249.64935317
2022-10-28 12:00:00,20179.0,20587.0,20008.0,20479.0,585.53115263
2022-10-28 16:00:00,20488.0,20750.0,20454.0,20614.0,426.19889753
2022-10-28 20:00:00,20612.0,20734.0,20576.0,20599.0,175.25508663
2022-10-29 00:00:00,20596.0,20814.0,20566.0,20762.0,117.66667903
2022-10-29 04:00:00,20765.0,20781.0,20633.0,20781.0,72.42452816
2022-10-29 08:00:00,20780.0,21078.0,20664.0,20705.0,379.04613514
2022-10-29 12:00:00,20707.0,20949.0,20695.0,20935.0,193.32120882
2022-10-29 16:00:00,20932.0,20986.0,20774.0,20844.0,190.61448006
2022-10-29 20:00:00,20844.0,20905.0,20716.0,20821.0,260.11643501
2022-10-30 00:00:00,20820.0,20844.0,20711.0,20783.0,70.51758688
2022-10-30 04:00:00,20783.0,20931.0,20751.0,20850.0,74.14885553
2022-10-30 08:00:00,20855.0,20886.0,20642.0,20777.0,168.03201429
2022-10-30 12:00:00,20778.0,20783.0,20631.0,20687.0,110.96536724
2022-10-30 16:00:00,20684.0,20703.0,20561.0,20655.0,157.32287062
2022-10-30 20:00:00,20655.0,20745.0,20525.0,20628.0,98.85206847
2022-10-31 00:00:00,20631.0,20677.0,20439.0,20527.0,192.50641119
2022-10-31 04:00:00,20525.0,20596.0,20462.0,20550.0,138.2756395
2022-10-31 08:00:00,20549.0,20833.0,20460.0,20734.0,326.63025582
2022-10-31 12:00:00,20733.0,20751.0,20243.0,20400.0,829.96710713
2022-10-31 16:00:00,20396.0,20526.0,20335.0,20368.0,214.31199668
2022-10-31 20:00:00,20364.0,20523.0,20357.0,20498.0,178.333157
2022-11-01 00:00:00,20493.0,20580.0,20448.0,20484.0,128.92380979
2022-11-01 04:00:00,20481.0,20651.0,20467.0,20595.0,238.66035827
2022-11-01 08:00:00,20594.0,20681.0,20487.0,20523.0,198.19234346
2022-11-01 12:00:00,20523.0,20566.0,20334.0,20443.0,405.10306952
2022-11-01 16:00:00,20441.0,20509.0,20377.0,20445.0,186.79725919
2022-11-01 20:00:00,20448.0,20502.0,20432.0,20480.0,119.0149695
2022-11-02 00:00:00,20480.0,20548.0,20407.0,20520.0,167.02032964
2022-11-02 04:00:00,20518.0,20560.0,20357.0,20426.0,151.9914785
2022-11-02 08:00:00,20426.0,20534.0,20347.0,20431.0,270.49534342
2022-11-02 12:00:00,20431.0,20468.0,20357.0,20413.0,220.99278629
2022-11-02 16:00:00,20413.0,20802.0,20116.0,20263.0,1184.01413257
2022-11-02 20:00:00,20241.0,20277.0,20055.0,20154.0,297.5682915
2022-11-03 00:00:00,20152.0,20339.0,20122.0,20306.0,139.2345384
2022-11-03 04:00:00,20313.0,20387.0,20280.0,20302.0,113.89400089
2022-11-03 08:00:00,20306.0,20334.0,20055.0,20117.0,174.64040086
2022-11-03 12:00:00,20126.0,20333.0,20039.0,20248.0,234.47863569
2022-11-03 16:00:00,20248.0,20311.0,20180.0,20265.0,237.33258339
2022-11-03 20:00:00,20269.0,20269.0,20164.0,20209.0,104.53877354
2022-11-04 00:00:00,20209.0,20325.0,20184.0,20320.0,156.87463102
2022-11-04 04:00:00,20322.0,20683.0,20306.0,20611.0,418.16664679
2022-11-04 08:00:00,20611.0,20661.0,20547.0,20557.0,194.037412
2022-11-04 12:00:00,20559.0,21290.0,20391.0,20841.0,1706.50766892
2022-11-04 16:00:00,20840.0,21102.0,20679.0,21102.0,631.56376412
2022-11-04 20:00:00,21103.0,21210.0,21058.0,21153.0,394.32523469
2022-11-05 00:00:00,21152.0,21473.0,21089.0,21445.0,253.25778947
2022-11-05 04:00:00,21452.0,21465.0,21369.0,21390.0,80.76906641
2022-11-05 08:00:00,21389.0,21422.0,21244.0,21411.0,79.90705765
2022-11-05 12:00:00,21404.0,21420.0,21206.0,21303.0,187.34124342
2022-11-05 16:00:00,21302.0,21344.0,21262.0,21335.0,60.56814127
2022-11-05 20:00:00,21335.0,21376.0,21235.0,21301.0,112.28192185
2022-11-06 00:00:00,21299.0,21364.0,21191.0,21237.0,63.60648468
2022-11-06 04:00:00,21239.0,21250.0,21151.0,21196.0,54.09285366
2022-11-06 08:00:00,21196.0,21302.0,21178.0,21252.0,100.18031306
2022-11-06 12:00:00,21254.0,21289.0,21193.0,21245.0,86.88051099
2022-11-06 16:00:00,21240.0,21279.0,21163.0,21194.0,28.21698785
2022-11-06 20:00:00,21193.0,21210.0,20899.0,20907.0,218.98133977
2022-11-07 00:00:00,20899.0,21070.0,20830.0,20912.0,186.99284036
2022-11-07 04:00:00,20911.0,20917.0,20621.0,20636.0,249.90563176
2022-11-07 08:00:00,20634.0,20808.0,20589.0,20729.0,236.72323995
2022-11-07 12:00:00,20728.0,20797.0,20634.0,20771.0,266.51482494
2022-11-07 16:00:00,20775.0,20886.0,20659.0,20848.0,146.15368291
2022-11-07 20:00:00,20848.0,20889.0,20400.0,20590.0,331.70541481
2022-11-08 00:00:00,20591.0,20669.0,20102.0,20130.0,558.02169306
2022-11-08 04:00:00,20147.0,20244.0,19351.0,19803.0,1568.49058246
2022-11-08 08:00:00,19802.0,19805.0,19597.0,19710.0,249.72908213
2022-11-08 12:00:00,19698.0,19754.0,19244.0,19520.0,917.96989486
2022-11-08 16:00:00,19521.0,20661.0,17114.0,18280.0,6252.26238687
2022-11-08 20:00:00,18284.0,18721.0,17867.0,18550.0,2489.42814907
2022-11-09 00:00:00,18546.0,18588.0,18002.0,18312.0,722.2480491
2022-11-09 04:00:00,18310.0,18498.0,18170.0,18253.0,675.24817325
2022-11-09 08:00:00,18254.0,18263.0,17274.0,17800.0,1616.60315036
2022-11-09 12:00:00,17800.0,17987.0,16936.0,17107.0,1649.94636193
2022-11-09 16:00:00,17106.0,17297.0,16446.0,16782.0,1746.39541835
2022-11-09 20:00:00,16778.0,16881.0,15632.0,15877.0,1940.12429261
2022-11-10 00:00:00,15900.0,16605.0,15748.0,16384.0,906.14186129
2022-11-10 04:00:00,16344.0,16981.0,16187.0,16713.0,1424.19706274
2022-11-10 08:00:00,16715.0,16900.0,16162.0,16219.0,1144.2562991
2022-11-10 12:00:00,16218.0,17876.0,16195.0,17554.0,2642.62724144
2022-11-10 16:00:00,17557.0,17964.0,17126.0,17438.0,959.70580011
2022-11-10 20:00:00,17433.0,18150.0,17363.0,17551.0,1298.32865995
2022-11-11 00:00:00,17548.0,17645.0,16812.0,17013.0,519.14365631
2022-11-11 04:00:00,17011.0,17425.0,16950.0,17352.0,445.11273754
2022-11-11 08:00:00,17348.0,17469.0,17196.0,17311.0,590.7132445
2022-11-11 12:00:00,17314.0,17496.0,16394.0,16833.0,2057.42172337
2022-11-11 16:00:00,16825.0,17001.0,16513.0,16805.0,865.03027031
2022-11-11 20:00:00,16807.0,17065.0,16546.0,17007.0,1159.33397956
2022-11-12 00:00:00,17020.0,17054.0,16752.0,16880.0,487.38995225
2022-11-12 04:00:00,16883.0,16902.0,16610.0,16776.0,437.97648832
2022-11-12 08:00:00,16778.0,16898.0,16700.0,16829.0,347.82021984
2022-11-12 12:00:00,16841.0,16948.0,16744.0,16901.0,344.63880808
2022-11-12 16:00:00,16903.0,16921.0,16815.0,16873.0,107.82489351
2022-11-12 20:00:00,16871.0,16873.0,16753.0,16788.0,156.61379455
2022-11-13 00:00:00,16788.0,16915.0,16762.0,16897.0,136.42989433
2022-11-13 04:00:00,16898.0,16901.0,16575.0,16742.0,411.19662053
2022-11-13 08:00:00,16738.0,16996.0,16449.0,16626.0,606.73793314
2022-11-13 12:00:00,16630.0,17240.0,16523.0,16562.0,526.51348383
2022-11-13 16:00:00,16565.0,16584.0,16455.0,16533.0,269.45310264
2022-11-13 20:00:00,16533.0,16550.0,16263.0,16310.0,753.58091215
2022-11-14 00:00:00,16300.0,16371.0,15929.0,16123.0,1077.62449449
2022-11-14 04:00:00,16120.0,16850.0,15784.0,16803.0,2083.72039765
2022-11-14 08:00:00,16813.0,16898.0,16654.0,16732.0,1001.73504944
2022-11-14 12:00:00,16729.0,17130.0,16428.0,16561.0,1890.15037134
2022-11-14 16:00:00,16566.0,16639.0,16166.0,16232.0,950.87342947
2022-11-14 20:00:00,16237.0,16731.0,16184.0,16589.0,960.23632648
2022-11-15 00:00:00,16586.0,16891.0,16511.0,16805.0,1239.70731546
2022-11-15 04:00:00,16805.0,16902.0,16610.0,16828.0,724.38637669
2022-11-15 08:00:00,16828.0,16959.0,16708.0,16758.0,781.71409381
2022-11-15 12:00:00,16765.0,17095.0,16712.0,16981.0,1296.85023493
2022-11-15 16:00:00,16970.0,17046.0,16616.0,16835.0,1050.71807319
2022-11-15 20:00:00,16837.0,16913.0,16736.0,16874.0,540.02325372
2022-11-16 00:00:00,16875.0,16980.0,16746.0,16955.0,491.23126801
2022-11-16 04:00:00,16953.0,16959.0,16792.0,16821.0,340.82003918
2022-11-16 08:00:00,16821.0,16829.0,16648.0,16690.0,599.20762157
2022-11-16 12:00:00,16689.0,16698.0,16371.0,16403.0,1383.26573986
2022-11-16 16:00:00,16400.0,16616.0,16377.0,16539.0,604.00548494
2022-11-16 20:00:00,16540.0,16754.0,16495.0,16654.0,617.27027009
2022-11-17 00:00:00,16655.0,16723.0,16503.0,16520.0,358.14117309
2022-11-17 04:00:00,16518.0,16602.0,16412.0,16594.0,302.54856484
2022-11-17 08:00:00,16595.0,16618.0,16471.0,16577.0,324.77708894
2022-11-17 12:00:00,16584.0,16688.0,16432.0,16537.0,571.9324051
2022-11-17 16:00:00,16534.0,16724.0,16508.0,16606.0,654.0314775
2022-11-17 20:00:00,16603.0,16724.0,16597.0,16686.0,247.23618187
2022-11-18 00:00:00,16687.0,16971.0,16680.0,16854.0,561.87640243
2022-11-18 04:00:00,16853.0,16859.0,16724.0,16739.0,260.13978824
2022-11-18 08:00:00,16739.0,16832.0,16676.0,16740.0,433.84887544
2022-11-18 12:00:00,16738.0,16803.0,16613.0,16680.0,622.13091917
2022-11-18 16:00:00,16673.0,16710.0,16540.0,16637.0,549.42445018
2022-11-18 20:00:00,16631.0,16708.0,16601.0,16683.0,245.85998418
2022-11-19 00:00:00,16683.0,16691.0,16565.0,16612.0,177.42254337
2022-11-19 04:00:00,16612.0,16630.0,16548.0,16587.0,156.13187171
2022-11-19 08:00:00,16586.0,16654.0,16567.0,16653.0,360.25320846
2022-11-19 12:00:00,16654.0,16658.0,16621.0,16645.0,184.5903238
2022-11-19 16:00:00,16644.0,16649.0,16594.0,16611.0,159.93096026
2022-11-19 20:00:00,16615.0,16799.0,16610.0,16690.0,339.0674895
2022-11-20 00:00:00,16687.0,16730.0,16647.0,16661.0,202.1839455
2022-11-20 04:00:00,16661.0,16713.0,16652.0,16703.0,102.76433465
2022-11-20 08:00:00,16711.0,16712.0,16449.0,16503.0,424.77910879
2022-11-20 12:00:00,16501.0,16590.0,16447.0,16560.0,338.87574963
2022-11-20 16:00:00,16561.0,16580.0,16517.0,16567.0,136.63238922
2022-11-20 20:00:00,16569.0,16572.0,16169.0,16256.0,621.82123782
2022-11-21 00:00:00,16250.0,16263.0,15879.0,16041.0,761.5929143
2022-11-21 04:00:00,16044.0,16269.0,15950.0,16001.0,689.2183777
2022-11-21 08:00:00,16003.0,16121.0,15954.0,16058.0,619.22322667
2022-11-21 12:00:00,16061.0,16250.0,16008.0,16100.0,1107.91861775
2022-11-21 16:00:00,16099.0,16117.0,15588.0,15709.0,1010.876072
2022-11-21 20:00:00,15702.0,15865.0,15479.0,15766.0,1444.65859371
2022-11-22 00:00:00,15757.0,15932.0,15729.0,15821.0,739.37506345
2022-11-22 04:00:00,15823.0,15849.0,15613.0,15735.0,418.83377806
2022-11-22 08:00:00,15738.0,15790.0,15643.0,15724.0,406.19194329
2022-11-22 12:00:00,15725.0,16281.0,15676.0,16217.0,1246.68724744
2022-11-22 16:00:00,16226.0,16261.0,16046.0,16150.0,547.05705621
2022-11-22 20:00:00,16150.0,16209.0,16071.0,16197.0,360.40947049
2022-11-23 00:00:00,16199.0,16562.0,16150.0,16558.0,650.18738595
2022-11-23 04:00:00,16556.0,16607.0,16432.0,16555.0,535.30379586
2022-11-23 08:00:00,16560.0,16619.0,16479.0,16575.0,505.85658941
2022-11-23 12:00:00,16576.0,16584.0,16343.0,16416.0,473.61274782
2022-11-23 16:00:00,16417.0,16640.0,16331.0,16454.0,875.37975831
2022-11-23 20:00:00,16453.0,16647.0,16416.0,16603.0,464.95285393
2022-11-24 00:00:00,16594.0,16783.0,16525.0,16703.0,578.65825435
2022-11-24 04:00:00,16701.0,16724.0,16604.0,16607.0,278.2231687
2022-11-24 08:00:00,16608.0,16624.0,16492.0,16558.0,319.17025236
2022-11-24 12:00:00,16554.0,16586.0,16456.0,16545.0,344.4040411
2022-11-24 16:00:00,16545.0,16648.0,16511.0,16563.0,412.30867862
2022-11-24 20:00:00,16567.0,16616.0,16529.0,16591.0,208.72006657
2022-11-25 00:00:00,16589.0,16604.0,16465.0,16477.0,162.86170795
2022-11-25 04:00:00,16477.0,16487.0,16339.0,16450.0,363.77403415
2022-11-25 08:00:00,16451.0,16566.0,16405.0,16519.0,378.53612798
2022-11-25 12:00:00,16523.0,16566.0,16427.0,16498.0,429.81805274
2022-11-25 16:00:00,16497.0,16527.0,16450.0,16512.0,384.52779736
2022-11-25 20:00:00,16514.0,16597.0,16477.0,16508.0,323.91735973
2022-11-26 00:00:00,16511.0,16685.0,16502.0,16613.0,329.58920997
2022-11-26 04:00:00,16613.0,16636.0,16529.0,16575.0,185.14755943
2022-11-26 08:00:00,16576.0,16622.0,16555.0,16570.0,193.72628935
2022-11-26 12:00:00,16570.0,16677.0,16483.0,16505.0,298.04357253
2022-11-26 16:00:00,16505.0,16519.0,16420.0,16481.0,152.95491208
2022-11-26 20:00:00,16480.0,16531.0,16387.0,16454.0,344.17976675
2022-11-27 00:00:00,16451.0,16552.0,16449.0,16518.0,179.0864773
2022-11-27 04:00:00,16519.0,16584.0,16519.0,16561.0,164.71513182
2022-11-27 08:00:00,16561.0,16574.0,16511.0,16540.0,160.06563955
2022-11-27 12:00:00,16541.0,16568.0,16515.0,16563.0,160.52723989
2022-11-27 16:00:00,16562.0,16568.0,16518.0,16546.0,174.1915345
2022-11-27 20:00:00,16546.0,16587.0,16402.0,16424.0,351.2086835
2022-11-28 00:00:00,16420.0,16477.0,16052.0,16173.0,872.57615943
2022-11-28 04:00:00,16173.0,16230.0,16143.0,16214.0,280.91216129
2022-11-28 08:00:00,16215.0,16242.0,16182.0,16207.0,229.91005356
2022-11-28 12:00:00,16199.0,16284.0,16126.0,16135.0,573.31524305
2022-11-28 16:00:00,16138.0,16360.0,16004.0,16211.0,1139.00725132
2022-11-28 20:00:00,16212.0,16253.0,16189.0,16210.0,158.98090952
2022-11-29 00:00:00,16205.0,16287.0,16102.0,16277.0,362.8110802
2022-11-29 04:00:00,16279.0,16517.0,16273.0,16456.0,414.06872438
2022-11-29 08:00:00,16459.0,16529.0,16426.0,16488.0,274.16925667
2022-11-29 12:00:00,16488.0,16499.0,16337.0,16390.0,583.43170507
2022-11-29 16:00:00,16390.0,16459.0,16343.0,16421.0,349.1343681
2022-11-29 20:00:00,16423.0,16505.0,16421.0,16434.0,327.25566141
2022-11-30 00:00:00,16437.0,17072.0,16430.0,16841.0,1295.56273759
2022-11-30 04:00:00,16842.0,16907.0,16822.0,16886.0,289.92618255
2022-11-30 08:00:00,16885.0,16920.0,16845.0,16877.0,327.34814702
2022-11-30 12:00:00,16882.0,16888.0,16771.0,16863.0,495.98502699
2022-11-30 16:00:00,16863.0,17143.0,16722.0,17056.0,1282.6112021
2022-11-30 20:00:00,17056.0,17223.0,17029.0,17170.0,750.99396517
2022-12-01 00:00:00,17166.0,17230.0,17093.0,17146.0,522.04207752
2022-12-01 04:00:00,17151.0,17165.0,17066.0,17070.0,232.73640758
2022-12-01 08:00:00,17068.0,17128.0,17050.0,17104.0,263.5172471
2022-12-01 12:00:00,17104.0,17250.0,16901.0,16974.0,1124.1830514
2022-12-01 16:00:00,16975.0,16995.0,16898.0,16950.0,547.98900777
2022-12-01 20:00:00,16950.0,16981.0,16864.0,16977.0,516.82314987
2022-12-02 00:00:00,16976.0,17042.0,16866.0,16905.0,394.76408202
2022-12-02 04:00:00,16905.0,16971.0,16887.0,16961.0,184.0001001
2022-12-02 08:00:00,16961.0,17042.0,16943.0,17000.0,238.00567466
2022-12-02 12:00:00,17002.0,17102.0,16800.0,16943.0,751.65140825
2022-12-02 16:00:00,16946.0,16998.0,16907.0,16991.0,353.1773007
2022-12-02 20:00:00,16991.0,17095.0,16986.0,17095.0,407.43428426
2022-12-03 00:00:00,17095.0,17150.0,17019.0,17022.0,277.71767562
2022-12-03 04:00:00,17024.0,17036.0,16933.0,16969.0,176.78849128
2022-12-03 08:00:00,16967.0,16985.0,16898.0,16953.0,171.32037927
2022-12-03 12:00:00,16950.0,16977.0,16928.0,16965.0,141.40028588
2022-12-03 16:00:00,16965.0,16987.0,16944.0,16957.0,130.13491352
2022-12-03 20:00:00,16957.0,16960.0,16868.0,16886.0,279.65089957
2022-12-04 00:00:00,16893.0,17044.0,16890.0,16962.0,216.1638481
2022-12-04 04:00:00,16966.0,17065.0,16965.0,16998.0,176.68263472
2022-12-04 08:00:00,16999.0,17045.0,16912.0,16948.0,237.00484341
2022-12-04 12:00:00,16948.0,17062.0,16926.0,17033.0,307.37222507
2022-12-04 16:00:00,17036.0,17154.0,16980.0,17091.0,441.21863907
2022-12-04 20:00:00,17094.0,17195.0,17074.0,17114.0,225.10941093
2022-12-05 00:00:00,17113.0,17332.0,17084.0,17202.0,351.92190074
2022-12-05 04:00:00,17201.0,17418.0,17201.0,17318.0,429.16886011
2022-12-05 08:00:00,17318.0,17385.0,17289.0,17315.0,302.98506447
2022-12-05 12:00:00,17314.0,17314.0,17026.0,17085.0,464.13622685
2022-12-05 16:00:00,17085.0,17124.0,16879.0,16926.0,455.76241057
2022-12-05 20:00:00,16925.0,16985.0,16905.0,16968.0,247.54511328
2022-12-06 00:00:00,16968.0,17100.0,16968.0,17004.0,241.78955131
2022-12-06 04:00:00,17003.0,17020.0,16963.0,17005.0,112.94803748
2022-12-06 08:00:00,17005.0,17040.0,16919.0,16986.0,237.15583993
2022-12-06 12:00:00,16986.0,17028.0,16944.0,16986.0,290.26325831
2022-12-06 16:00:00,16983.0,17017.0,16914.0,16973.0,183.51649239
2022-12-06 20:00:00,16974.0,17101.0,16954.0,17087.0,237.69804532
2022-12-07 00:00:00,17091.0,17131.0,17024.0,17029.0,143.7960692
2022-12-07 04:00:00,17027.0,17047.0,16736.0,16770.0,289.50661339
2022-12-07 08:00:00,16765.0,16833.0,16746.0,16795.0,191.81164604
2022-12-07 12:00:00,16791.0,16894.0,16772.0,16843.0,218.26484614
2022-12-07 16:00:00,16840.0,16849.0,16784.0,16815.0,168.50671354
2022-12-07 20:00:00,16814.0,16863.0,16802.0,16836.0,173.50739456
2022-12-08 00:00:00,16838.0,16883.0,16787.0,16831.0,152.63790655
2022-12-08 04:00:00,16833.0,16846.0,16792.0,16826.0,131.3861608
2022-12-08 08:00:00,16828.0,16857.0,16734.0,16854.0,267.68044234
2022-12-08 12:00:00,16853.0,16954.0,16809.0,16918.0,219.21694706
2022-12-08 16:00:00,16922.0,17296.0,16913.0,17255.0,503.46843935
2022-12-08 20:00:00,17256.0,17293.0,17164.0,17229.0,450.30360134
2022-12-09 00:00:00,17229.0,17292.0,17196.0,17204.0,170.93384568
2022-12-09 04:00:00,17204.0,17234.0,17196.0,17216.0,135.0449106
2022-12-09 08:00:00,17216.0,17263.0,17203.0,17247.0,163.89576714
2022-12-09 12:00:00,17247.0,17353.0,17077.0,17182.0,440.32506057
2022-12-09 16:00:00,17182.0,17188.0,17126.0,17142.0,141.43639907
2022-12-09 20:00:00,17140.0,17155.0,17073.0,17128.0,175.06966535
2022-12-10 00:00:00,17129.0,17167.0,17122.0,17148.0,94.33971846
2022-12-10 04:00:00,17149.0,17172.0,17137.0,17156.0,75.4585894
2022-12-10 08:00:00,17156.0,17169.0,17116.0,17167.0,118.99081062
2022-12-10 12:00:00,17169.0,17223.0,17146.0,17214.0,168.09242421
2022-12-10 16:00:00,17214.0,17223.0,17166.0,17175.0,103.3151286
2022-12-10 20:00:00,17175.0,17178.0,17100.0,17128.0,117.54513572
2022-12-11 00:00:00,17128.0,17173.0,17124.0,17158.0,112.1843926
2022-12-11 04:00:00,17158.0,17197.0,17156.0,17185.0,165.33330979
2022-12-11 08:00:00,17185.0,17186.0,17147.0,17167.0,119.05686667
2022-12-11 12:00:00,17167.0,17168.0,17135.0,17157.0,131.96259642
2022-12-11 16:00:00,17158.0,17264.0,17143.0,17178.0,301.33750572
2022-12-11 20:00:00,17178.0,17178.0,17080.0,17091.0,409.4831144
2022-12-12 00:00:00,17089.0,17089.0,16881.0,16916.0,567.86123502
2022-12-12 04:00:00,16916.0,16950.0,16910.0,16928.0,201.57839114
2022-12-12 08:00:00,16928.0,17003.0,16909.0,16988.0,119.35633785
2022-12-12 12:00:00,16988.0,17044.0,16928.0,17012.0,261.84332285
2022-12-12 16:00:00,17012.0,17044.0,16989.0,17044.0,207.64323956
2022-12-12 20:00:00,17044.0,17240.0,17044.0,17209.0,336.77399888
2022-12-13 00:00:00,17214.0,17239.0,17126.0,17153.0,197.88967155
2022-12-13 04:00:00,17153.0,17218.0,17093.0,17169.0,293.95946452
2022-12-13 08:00:00,17169.0,17492.0,17163.0,17448.0,757.39399598
2022-12-13 12:00:00,17451.0,18106.0,17404.0,17750.0,1616.31520022
2022-12-13 16:00:00,17752.0,17829.0,17620.0,17737.0,578.06862563
2022-12-13 20:00:00,17735.0,17801.0,17704.0,17772.0,395.23805325
2022-12-14 00:00:00,17771.0,17831.0,17750.0,17781.0,327.05951058
2022-12-14 04:00:00,17780.0,17812.0,17737.0,17806.0,266.28131641
2022-12-14 08:00:00,17805.0,17863.0,17784.0,17825.0,261.03455522
2022-12-14 12:00:00,17825.0,18107.0,17816.0,18065.0,671.046424
2022-12-14 16:00:00,18065.0,18373.0,17720.0,17790.0,1726.51187858
2022-12-14 20:00:00,17793.0,17944.0,17667.0,17803.0,584.93186165
2022-12-15 00:00:00,17806.0,17853.0,17572.0,17731.0,233.12221682
2022-12-15 04:00:00,17730.0,17747.0,17689.0,17693.0,192.45974905
2022-12-15 08:00:00,17697.0,17726.0,17620.0,17726.0,228.46812012
2022-12-15 12:00:00,17726.0,17727.0,17391.0,17425.0,501.91707366
2022-12-15 16:00:00,17425.0,17465.0,17328.0,17444.0,291.88450976
2022-12-15 20:00:00,17445.0,17459.0,17288.0,17362.0,439.52005215
2022-12-16 00:00:00,17361.0,17427.0,17352.0,17427.0,135.69033443
2022-12-16 04:00:00,17426.0,17525.0,17380.0,17505.0,147.48834777
2022-12-16 08:00:00,17504.0,17517.0,16928.0,17027.0,830.78276515
2022-12-16 12:00:00,17026.0,17077.0,16904.0,16974.0,598.91238956
2022-12-16 16:00:00,16973.0,16977.0,16743.0,16874.0,426.44618045
2022-12-16 20:00:00,16874.0,16954.0,16572.0,16633.0,714.6483423
2022-12-17 00:00:00,16635.0,16731.0,16596.0,16683.0,311.59925452
2022-12-17 04:00:00,16684.0,16766.0,16659.0,16747.0,310.56386995
2022-12-17 08:00:00,16748.0,16755.0,16678.0,16711.0,163.29770707
2022-12-17 12:00:00,16711.0,16729.0,16654.0,16701.0,145.10424284
2022-12-17 16:00:00,16706.0,16722.0,16662.0,16699.0,87.79829703
2022-12-17 20:00:00,16699.0,16794.0,16694.0,16781.0,96.00687297
2022-12-18 00:00:00,16780.0,16784.0,16712.0,16741.0,71.78621154
2022-12-18 04:00:00,16741.0,16794.0,16730.0,16751.0,72.98585832
2022-12-18 08:00:00,16751.0,16764.0,16676.0,16711.0,108.97491144
2022-12-18 12:00:00,16718.0,16730.0,16682.0,16691.0,84.41458703
2022-12-18 16:00:00,16691.0,16790.0,16690.0,16750.0,186.10722524
2022-12-18 20:00:00,16750.0,16850.0,16739.0,16749.0,171.72212409
2022-12-19 00:00:00,16744.0,16815.0,16640.0,16686.0,128.60519137
2022-12-19 04:00:00,16684.0,16748.0,16680.0,16728.0,87.09028747
2022-12-19 08:00:00,16728.0,16782.0,16711.0,16734.0,132.1859591
2022-12-19 12:00:00,16735.0,16758.0,16668.0,16669.0,425.09396731
2022-12-19 16:00:00,16669.0,16692.0,16525.0,16557.0,826.16326989
2022-12-19 20:00:00,16556.0,16638.0,16293.0,16446.0,558.30287061
2022-12-20 00:00:00,16441.0,16842.0,16402.0,16728.0,479.03802647
2022-12-20 04:00:00,16729.0,16871.0,16698.0,16805.0,315.8183245
2022-12-20 08:00:00,16815.0,16855.0,16772.0,16816.0,156.76800085
2022-12-20 12:00:00,16820.0,17046.0,16730.0,16926.0,547.85887728
2022-12-20 16:00:00,16926.0,16935.0,16776.0,16898.0,320.18757951
2022-12-20 20:00:00,16898.0,16924.0,16841.0,16898.0,296.30808364
2022-12-21 00:00:00,16899.0,16919.0,16803.0,16835.0,167.82684421
2022-12-21 04:00:00,16835.0,16850.0,16778.0,16821.0,158.76500381
2022-12-21 08:00:00,16821.0,16889.0,16805.0,16881.0,178.06626901
2022-12-21 12:00:00,16882.0,16916.0,16719.0,16857.0,590.51860937
2022-12-21 16:00:00,16857.0,16861.0,16740.0,16755.0,211.73101019
2022-12-21 20:00:00,16755.0,16825.0,16740.0,16824.0,311.85956202
2022-12-22 00:00:00,16823.0,16856.0,16813.0,16855.0,146.64773542
2022-12-22 04:00:00,16855.0,16857.0,16794.0,16831.0,196.02515718
2022-12-22 08:00:00,16831.0,16863.0,16809.0,16835.0,188.91197263
2022-12-22 12:00:00,16835.0,16843.0,16612.0,16636.0,568.05681401
2022-12-22 16:00:00,16631.0,16664.0,16570.0,16656.0,385.81689404
2022-12-22 20:00:00,16656.0,16839.0,16648.0,16821.0,460.84669641
2022-12-23 00:00:00,16821.0,16881.0,16774.0,16828.0,141.92251394
2022-12-23 04:00:00,16830.0,16851.0,16812.0,16849.0,178.61740888
2022-12-23 08:00:00,16850.0,16883.0,16819.0,16846.0,248.8862166
2022-12-23 12:00:00,16846.0,16916.0,16750.0,16835.0,983.35807669
2022-12-23 16:00:00,16833.0,16858.0,16820.0,16847.0,207.81450155
2022-12-23 20:00:00,16848.0,16848.0,16768.0,16779.0,377.84796994
2022-12-24 00:00:00,16779.0,16847.0,16779.0,16847.0,110.21977568
2022-12-24 04:00:00,16847.0,16848.0,16811.0,16848.0,122.04884845
2022-12-24 08:00:00,16848.0,16848.0,16821.0,16823.0,188.71206315
2022-12-24 12:00:00,16821.0,16841.0,16813.0,16840.0,244.11527443
2022-12-24 16:00:00,16840.0,16848.0,16828.0,16845.0,150.64560037
2022-12-24 20:00:00,16845.0,16848.0,16814.0,16839.0,144.58504762
2022-12-25 00:00:00,16839.0,16850.0,16827.0,16834.0,62.00922069
2022-12-25 04:00:00,16835.0,16835.0,16808.0,16826.0,71.33415955
2022-12-25 08:00:00,16826.0,16833.0,16820.0,16824.0,44.62890904
2022-12-25 12:00:00,16824.0,16849.0,16731.0,16796.0,245.06926393
2022-12-25 16:00:00,16795.0,16815.0,16740.0,16782.0,164.14634502
2022-12-25 20:00:00,16782.0,16835.0,16760.0,16828.0,130.77767442
2022-12-26 00:00:00,16828.0,16890.0,16822.0,16890.0,131.67839905
2022-12-26 04:00:00,16892.0,16910.0,16842.0,16844.0,129.82911261
2022-12-26 08:00:00,16845.0,16865.0,16825.0,16862.0,71.1878711
2022-12-26 12:00:00,16863.0,16864.0,16801.0,16808.0,142.99032043
2022-12-26 16:00:00,16808.0,16854.0,16802.0,16842.0,106.2026851
2022-12-26 20:00:00,16842.0,16933.0,16821.0,16917.0,149.96858178
2022-12-27 00:00:00,16920.0,16961.0,16852.0,16868.0,300.2693727
2022-12-27 04:00:00,16868.0,16888.0,16858.0,16871.0,100.60834595
2022-12-27 08:00:00,16871.0,16873.0,16811.0,16830.0,172.21531256
2022-12-27 12:00:00,16830.0,16831.0,16734.0,16817.0,567.02872412
2022-12-27 16:00:00,16795.0,16799.0,16588.0,16679.0,743.17420635
2022-12-27 20:00:00,16679.0,16714.0,16645.0,16700.0,321.40810357
2022-12-28 00:00:00,16699.0,16738.0,16559.0,16641.0,382.47973963
2022-12-28 04:00:00,16641.0,16666.0,16585.0,16643.0,311.63715451
2022-12-28 08:00:00,16643.0,16678.0,16628.0,16675.0,328.56349693
2022-12-28 12:00:00,16675.0,16772.0,16562.0,16566.0,417.98325665
2022-12-28 16:00:00,16567.0,16652.0,16559.0,16589.0,308.40904248
2022-12-28 20:00:00,16587.0,16603.0,16465.0,16540.0,471.71547656
2022-12-29 00:00:00,16540.0,16579.0,16486.0,16550.0,147.02162192
2022-12-29 04:00:00,16548.0,16576.0,16531.0,16548.0,159.47610564
2022-12-29 08:00:00,16550.0,16608.0,16516.0,16590.0,164.11083903
2022-12-29 12:00:00,16590.0,16650.0,16580.0,16611.0,393.85199656
2022-12-29 16:00:00,16611.0,16649.0,16600.0,16605.0,392.6458364
2022-12-29 20:00:00,16605.0,16644.0,16559.0,16628.0,303.3333703
2022-12-30 00:00:00,16628.0,16639.0,16590.0,16594.0,155.13192187
2022-12-30 04:00:00,16593.0,16605.0,16432.0,16471.0,390.04153152
2022-12-30 08:00:00,16472.0,16521.0,16457.0,16492.0,218.54709273
2022-12-30 12:00:00,16492.0,16566.0,16337.0,16552.0,679.69448084
2022-12-30 16:00:00,16552.0,16566.0,16515.0,16534.0,339.60936011
2022-12-30 20:00:00,16534.0,16650.0,16531.0,16603.0,440.61955474
2022-12-31 00:00:00,16602.0,16606.0,16549.0,16549.0,111.84574433
2022-12-31 04:00:00,16549.0,16559.0,16531.0,16559.0,39.65780696
2022-12-31 08:00:00,16558.0,16568.0,16535.0,16562.0,75.06259399
2022-12-31 12:00:00,16563.0,16627.0,16550.0,16584.0,125.97674385
2022-12-31 16:00:00,16588.0,16602.0,16560.0,16561.0,88.21112382
2022-12-31 20:00:00,16561.0,16562.0,16471.0,16528.0,161.68035869
2023-01-01 00:00:00,16530.0,16546.0,16507.0,16522.0,59.43669455
2023-01-01 04:00:00,16523.0,16535.0,16496.0,16517.0,64.83189631
2023-01-01 08:00:00,16517.0,16544.0,16498.0,16544.0,74.12003772
2023-01-01 12:00:00,16544.0,16560.0,16535.0,16546.0,67.30109506
2023-01-01 16:00:00,16546.0,16612.0,16546.0,16597.0,99.6205198
2023-01-01 20:00:00,16597.0,16622.0,16590.0,16615.0,108.52249457
2023-01-02 00:00:00,16615.0,16688.0,16552.0,16661.0,167.37481123
2023-01-02 04:00:00,16660.0,16746.0,16618.0,16718.0,189.9900631
2023-01-02 08:00:00,16716.0,16752.0,16706.0,16730.0,192.52665767
2023-01-02 12:00:00,16730.0,16739.0,16672.0,16727.0,113.13417218
2023-01-02 16:00:00,16732.0,16734.0,16704.0,16727.0,91.05091013
2023-01-02 20:00:00,16728.0,16782.0,16665.0,16673.0,292.65082249
2023-01-03 00:00:00,16668.0,16700.0,16654.0,16689.0,116.75056962
2023-01-03 04:00:00,16690.0,16766.0,16682.0,16727.0,179.94409537
2023-01-03 08:00:00,16727.0,16748.0,16699.0,16716.0,166.05581409
2023-01-03 12:00:00,16715.0,16764.0,16614.0,16673.0,459.76979552
2023-01-03 16:00:00,16672.0,16678.0,16605.0,16635.0,324.05661139
2023-01-03 20:00:00,16635.0,16684.0,16635.0,16670.0,141.49508014
2023-01-04 00:00:00,16673.0,16867.0,16652.0,16860.0,291.74312043
2023-01-04 04:00:00,16865.0,16896.0,16839.0,16867.0,232.86567377
2023-01-04 08:00:00,16867.0,16906.0,16834.0,16834.0,354.81855742
2023-01-04 12:00:00,16834.0,16848.0,16760.0,16847.0,438.85426681
2023-01-04 16:00:00,16847.0,16984.0,16790.0,16833.0,538.91572208
2023-01-04 20:00:00,16832.0,16861.0,16778.0,16849.0,180.83278201
2023-01-05 00:00:00,16847.0,16869.0,16810.0,16823.0,97.61186997
2023-01-05 04:00:00,16824.0,16851.0,16789.0,16818.0,128.38728548
2023-01-05 08:00:00,16819.0,16831.0,16784.0,16830.0,136.97455926
2023-01-05 12:00:00,16831.0,16871.0,16755.0,16840.0,369.42559613
2023-01-05 16:00:00,16840.0,16869.0,16798.0,16860.0,202.84882318
2023-01-05 20:00:00,16860.0,16866.0,16817.0,16826.0,196.37128279
2023-01-06 00:00:00,16826.0,16865.0,16802.0,16830.0,113.56624802
2023-01-06 04:00:00,16830.0,16833.0,16778.0,16784.0,215.34757557
2023-01-06 08:00:00,16784.0,16805.0,16712.0,16733.0,227.83979756
2023-01-06 12:00:00,16733.0,16835.0,16669.0,16834.0,463.87951164
2023-01-06 16:00:00,16834.0,16956.0,16804.0,16935.0,263.01529959
2023-01-06 20:00:00,16935.0,17024.0,16888.0,16950.0,454.93132029
2023-01-07 00:00:00,16951.0,16975.0,16936.0,16951.0,104.47735479
2023-01-07 04:00:00,16951.0,16951.0,16924.0,16946.0,58.62514503
2023-01-07 08:00:00,16946.0,16949.0,16910.0,16918.0,67.00250412
2023-01-07 12:00:00,16917.0,16943.0,16907.0,16936.0,111.49362147
2023-01-07 16:00:00,16936.0,16942.0,16916.0,16940.0,83.87995753
2023-01-07 20:00:00,16940.0,16946.0,16931.0,16945.0,98.27584147
2023-01-08 00:00:00,16946.0,16953.0,16915.0,16938.0,87.97259183
2023-01-08 04:00:00,16938.0,16951.0,16936.0,16950.0,33.62274428
2023-01-08 08:00:00,16951.0,16961.0,16929.0,16929.0,66.55844226
2023-01-08 12:00:00,16929.0,17009.0,16924.0,16998.0,132.34920498
2023-01-08 16:00:00,17001.0,17012.0,16919.0,16929.0,157.41384526
2023-01-08 20:00:00,16929.0,17163.0,16926.0,17119.0,338.65526446
2023-01-09 00:00:00,17124.0,17245.0,17108.0,17199.0,599.84957913
2023-01-09 04:00:00,17199.0,17250.0,17184.0,17203.0,244.51923872
2023-01-09 08:00:00,17202.0,17278.0,17187.0,17241.0,381.14583585
2023-01-09 12:00:00,17240.0,17328.0,17198.0,17271.0,283.04517963
2023-01-09 16:00:00,17270.0,17393.0,17270.0,17298.0,415.19029085
2023-01-09 20:00:00,17296.0,17310.0,17136.0,17179.0,289.59812206
2023-01-10 00:00:00,17177.0,17230.0,17147.0,17206.0,241.01580014
2023-01-10 04:00:00,17205.0,17231.0,17193.0,17198.0,116.5983541
2023-01-10 08:00:00,17200.0,17279.0,17191.0,17256.0,160.20139544
2023-01-10 12:00:00,17254.0,17368.0,17215.0,17328.0,436.29149717
2023-01-10 16:00:00,17329.0,17452.0,17290.0,17431.0,214.90132541
2023-01-10 20:00:00,17435.0,17490.0,17407.0,17446.0,185.42677491
2023-01-11 00:00:00,17448.0,17504.0,17371.0,17419.0,199.70635668
2023-01-11 04:00:00,17419.0,17458.0,17395.0,17449.0,197.67738999
2023-01-11 08:00:00,17449.0,17468.0,17412.0,17438.0,132.91145369
2023-01-11 12:00:00,17435.0,17436.0,17318.0,17328.0,345.86030773
2023-01-11 16:00:00,17328.0,17551.0,17325.0,17549.0,328.45520969
2023-01-11 20:00:00,17551.0,17992.0,17514.0,17930.0,699.84159823
2023-01-12 00:00:00,17948.0,18370.0,17911.0,18224.0,570.66370492
2023-01-12 04:00:00,18226.0,18234.0,18081.0,18137.0,266.16314729
2023-01-12 08:00:00,18134.0,18216.0,18073.0,18206.0,231.05386955
2023-01-12 12:00:00,18199.0,18350.0,17933.0,18090.0,1555.74883374
2023-01-12 16:00:00,18087.0,19036.0,18060.0,18898.0,1804.88464698
2023-01-12 20:00:00,18895.0,19114.0,18770.0,18853.0,696.0442509
2023-01-13 00:00:00,18852.0,18888.0,18720.0,18879.0,235.35157351
2023-01-13 04:00:00,18877.0,18878.0,18784.0,18824.0,144.70250956
2023-01-13 08:00:00,18828.0,19050.0,18816.0,18922.0,363.43396055
2023-01-13 12:00:00,18917.0,19304.0,18818.0,19267.0,1078.26426498
2023-01-13 16:00:00,19279.0,19389.0,19075.0,19364.0,799.18732884
2023-01-13 20:00:00,19365.0,19991.0,19326.0,19931.0,1144.33462176
2023-01-14 00:00:00,19936.0,21247.0,19895.0,20969.0,3104.23755923
2023-01-14 04:00:00,20969.0,21014.0,20787.0,20901.0,389.15658133
2023-01-14 08:00:00,20900.0,21021.0,20244.0,20732.0,1294.22646319
2023-01-14 12:00:00,20729.0,21162.0,20575.0,20785.0,1362.13731288
2023-01-14 16:00:00,20781.0,20908.0,20667.0,20795.0,378.79113175
2023-01-14 20:00:00,20791.0,21070.0,20766.0,20960.0,314.9365912
2023-01-15 00:00:00,20961.0,21007.0,20549.0,20730.0,337.63089565
2023-01-15 04:00:00,20726.0,20788.0,20673.0,20738.0,86.03188422
2023-01-15 08:00:00,20737.0,20759.0,20586.0,20728.0,292.63323737
2023-01-15 12:00:00,20721.0,20994.0,20662.0,20921.0,169.72389366
2023-01-15 16:00:00,20926.0,21052.0,20677.0,20873.0,308.69663287
2023-01-15 20:00:00,20880.0,20953.0,20765.0,20885.0,158.00371419
2023-01-16 00:00:00,20879.0,21411.0,20785.0,21082.0,822.73701743
2023-01-16 04:00:00,21091.0,21258.0,21054.0,21118.0,223.41795622
2023-01-16 08:00:00,21119.0,21119.0,20691.0,20823.0,711.21491229
2023-01-16 12:00:00,20827.0,21048.0,20634.0,21000.0,421.5329926
2023-01-16 16:00:00,20997.0,21402.0,20925.0,21310.0,615.67615664
2023-01-16 20:00:00,21321.0,21456.0,21064.0,21189.0,442.37813886
2023-01-17 00:00:00,21186.0,21297.0,20863.0,21126.0,381.79184191
2023-01-17 04:00:00,21127.0,21230.0,21069.0,21137.0,214.97414489
2023-01-17 08:00:00,21138.0,21245.0,21090.0,21226.0,270.64528275
2023-01-17 12:00:00,21228.0,21594.0,21043.0,21187.0,821.33375266
2023-01-17 16:00:00,21173.0,21422.0,21087.0,21341.0,396.23589291
2023-01-17 20:00:00,21342.0,21409.0,21133.0,21134.0,217.41644625
2023-01-18 00:00:00,21136.0,21377.0,21115.0,21267.0,195.1048518
2023-01-18 04:00:00,21264.0,21318.0,21233.0,21310.0,231.71339064
2023-01-18 08:00:00,21311.0,21317.0,21168.0,21209.0,262.45211554
2023-01-18 12:00:00,21205.0,21646.0,20853.0,21029.0,986.21895301
2023-01-18 16:00:00,21028.0,21123.0,20358.0,20898.0,1557.92526107
2023-01-18 20:00:00,20899.0,20933.0,20629.0,20670.0,561.34214538
2023-01-19 00:00:00,20678.0,20806.0,20654.0,20750.0,97.22679069
2023-01-19 04:00:00,20745.0,20865.0,20745.0,20811.0,124.20100579
2023-01-19 08:00:00,20822.0,20841.0,20714.0,20738.0,191.96992271
2023-01-19 12:00:00,20739.0,20952.0,20679.0,20877.0,1043.12381402
2023-01-19 16:00:00,20876.0,21130.0,20800.0,21093.0,507.69305162
2023-01-19 20:00:00,21095.0,21185.0,20944.0,21086.0,427.45610601
2023-01-20 00:00:00,21085.0,21220.0,21020.0,21095.0,352.04860993
2023-01-20 04:00:00,21095.0,21128.0,20869.0,20970.0,458.88932433
2023-01-20 08:00:00,20968.0,20991.0,20911.0,20965.0,140.50833791
2023-01-20 12:00:00,20964.0,21242.0,20962.0,21144.0,287.76208115
2023-01-20 16:00:00,21150.0,21530.0,21148.0,21505.0,443.03432694
2023-01-20 20:00:00,21528.0,22750.0,21518.0,22678.0,1254.90466313
2023-01-21 00:00:00,22670.0,22790.0,22442.0,22554.0,378.5813828
2023-01-21 04:00:00,22558.0,22675.0,22524.0,22647.0,223.82480122
2023-01-21 08:00:00,22647.0,23333.0,22631.0,22910.0,1174.65853751
2023-01-21 12:00:00,22913.0,23285.0,22868.0,22997.0,455.06770284
2023-01-21 16:00:00,23018.0,23362.0,22998.0,23289.0,355.05934686
2023-01-21 20:00:00,23285.0,23307.0,22713.0,22783.0,426.03830124
2023-01-22 00:00:00,22791.0,22965.0,22615.0,22766.0,198.47262597
2023-01-22 04:00:00,22763.0,22968.0,22726.0,22901.0,101.41079556
2023-01-22 08:00:00,22900.0,22936.0,22741.0,22782.0,174.47903215
2023-01-22 12:00:00,22787.0,23076.0,22650.0,22787.0,303.42738056
2023-01-22 16:00:00,22803.0,22959.0,22700.0,22726.0,216.58692956
2023-01-22 20:00:00,22737.0,22775.0,22314.0,22717.0,554.59397503
2023-01-23 00:00:00,22708.0,22821.0,22662.0,22675.0,72.25836129
2023-01-23 04:00:00,22671.0,22796.0,22618.0,22700.0,98.76160738
2023-01-23 08:00:00,22705.0,22959.0,22675.0,22909.0,228.47543553
2023-01-23 12:00:00,22911.0,23117.0,22525.0,22862.0,668.22481622
2023-01-23 16:00:00,22876.0,23167.0,22662.0,22789.0,423.9432971
2023-01-23 20:00:00,22785.0,23041.0,22767.0,22922.0,207.37295948
2023-01-24 00:00:00,22922.0,23143.0,22876.0,23084.0,120.7962569
2023-01-24 04:00:00,23087.0,23162.0,23025.0,23055.0,125.96589261
2023-01-24 08:00:00,23058.0,23094.0,22782.0,22922.0,381.20450072
2023-01-24 12:00:00,22923.0,23031.0,22723.0,22928.0,491.25754171
2023-01-24 16:00:00,22938.0,23068.0,22784.0,23026.0,233.38815917
2023-01-24 20:00:00,23027.0,23082.0,22473.0,22637.0,601.11977397
2023-01-25 00:00:00,22636.0,22710.0,22334.0,22651.0,255.10347441
2023-01-25 04:00:00,22652.0,22768.0,22615.0,22726.0,152.8330451
2023-01-25 08:00:00,22719.0,22740.0,22488.0,22601.0,151.74156652
2023-01-25 12:00:00,22601.0,22741.0,22348.0,22582.0,323.63441215
2023-01-25 16:00:00,22581.0,22762.0,22522.0,22758.0,172.35375399
2023-01-25 20:00:00,22761.0,23815.0,22761.0,23054.0,1526.4541813
2023-01-26 00:00:00,23063.0,23282.0,23063.0,23134.0,149.17863378
2023-01-26 04:00:00,23143.0,23196.0,22946.0,22982.0,141.18824863
2023-01-26 08:00:00,22971.0,23050.0,22869.0,22999.0,173.97302775
2023-01-26 12:00:00,22999.0,23243.0,22905.0,22961.0,497.8475151
2023-01-26 16:00:00,22953.0,23104.0,22866.0,23077.0,344.90618331
2023-01-26 20:00:00,23075.0,23168.0,22971.0,23010.0,165.65113489
2023-01-27 00:00:00,23011.0,23076.0,22541.0,22776.0,580.02001147
2023-01-27 04:00:00,22776.0,23099.0,22772.0,23083.0,248.26028323
2023-01-27 08:00:00,23081.0,23090.0,22916.0,22972.0,147.09947219
2023-01-27 12:00:00,22974.0,23148.0,22845.0,22937.0,352.48361424
2023-01-27 16:00:00,22937.0,23289.0,22932.0,23262.0,317.44690669
2023-01-27 20:00:00,23263.0,23500.0,22973.0,23083.0,441.39618723
2023-01-28 00:00:00,23082.0,23187.0,23053.0,23121.0,116.69092524
2023-01-28 04:00:00,23122.0,23138.0,22966.0,22999.0,87.345264
2023-01-28 08:00:00,22993.0,23024.0,22920.0,22986.0,157.79650919
2023-01-28 12:00:00,22989.0,23043.0,22894.0,23021.0,143.98873918
2023-01-28 16:00:00,23024.0,23051.0,22989.0,23047.0,183.50678681
2023-01-28 20:00:00,23048.0,23048.0,22956.0,23033.0,145.02400108
2023-01-29 00:00:00,23031.0,23498.0,22981.0,23197.0,492.94736006
2023-01-29 04:00:00,23205.0,23271.0,23154.0,23212.0,51.06432736
2023-01-29 08:00:00,23212.0,23613.0,23165.0,23431.0,270.81328459
2023-01-29 12:00:00,23435.0,23656.0,23363.0,23529.0,234.43271823
2023-01-29 16:00:00,23531.0,23954.0,23479.0,23907.0,313.90992982
2023-01-29 20:00:00,23909.0,23910.0,23627.0,23746.0,257.81517523
2023-01-30 00:00:00,23748.0,23799.0,23578.0,23703.0,117.26901561
2023-01-30 04:00:00,23708.0,23764.0,23609.0,23649.0,124.33645385
2023-01-30 08:00:00,23643.0,23675.0,23028.0,23087.0,560.2413193
2023-01-30 12:00:00,23081.0,23299.0,22968.0,23180.0,409.68118013
2023-01-30 16:00:00,23179.0,23243.0,22639.0,22788.0,430.88744898
2023-01-30 20:00:00,22775.0,22840.0,22504.0,22831.0,439.40730871
2023-01-31 00:00:00,22831.0,22908.0,22724.0,22835.0,126.63247031
2023-01-31 04:00:00,22840.0,22985.0,22750.0,22976.0,155.65820218
2023-01-31 08:00:00,22985.0,22990.0,22816.0,22864.0,164.71519662
2023-01-31 12:00:00,22864.0,23198.0,22856.0,23124.0,266.61161729
2023-01-31 16:00:00,23128.0,23215.0,23087.0,23169.0,353.69175567
2023-01-31 20:00:00,23169.0,23318.0,22823.0,23127.0,490.67534935
2023-02-01 00:00:00,23134.0,23174.0,23007.0,23122.0,107.02305858
2023-02-01 04:00:00,23131.0,23164.0,23024.0,23079.0,91.05442707
2023-02-01 08:00:00,23069.0,23095.0,22927.0,23080.0,173.77911613
2023-02-01 12:00:00,23082.0,23140.0,22950.0,22986.0,206.29501782
2023-02-01 16:00:00,22984.0,23498.0,22768.0,23392.0,1147.56961162
2023-02-01 20:00:00,23392.0,23810.0,23330.0,23735.0,742.80117455
2023-02-02 00:00:00,23736.0,24258.0,23703.0,23856.0,544.30296571
2023-02-02 04:00:00,23861.0,23926.0,23672.0,23789.0,285.97570061
2023-02-02 08:00:00,23790.0,23856.0,23759.0,23829.0,276.91762124
2023-02-02 12:00:00,23827.0,23942.0,23540.0,23847.0,624.32648918
2023-02-02 16:00:00,23847.0,24141.0,23738.0,23809.0,498.05013425
2023-02-02 20:00:00,23800.0,23919.0,23377.0,23498.0,380.00961622
2023-02-03 00:00:00,23503.0,23591.0,23420.0,23531.0,116.28463847
2023-02-03 04:00:00,23543.0,23563.0,23450.0,23452.0,241.18178409
2023-02-03 08:00:00,23458.0,23540.0,23329.0,23539.0,215.15054864
2023-02-03 12:00:00,23540.0,23706.0,23237.0,23608.0,646.59521281
2023-02-03 16:00:00,23614.0,23719.0,23307.0,23309.0,246.58053134
2023-02-03 20:00:00,23307.0,23473.0,23212.0,23434.0,276.27841314
2023-02-04 00:00:00,23421.0,23460.0,23337.0,23345.0,85.84396419
2023-02-04 04:00:00,23345.0,23362.0,23266.0,23333.0,105.80479807
2023-02-04 08:00:00,23333.0,23373.0,23293.0,23364.0,116.24494116
2023-02-04 12:00:00,23366.0,23582.0,23347.0,23425.0,281.21718935
2023-02-04 16:00:00,23422.0,23469.0,23371.0,23429.0,93.35287192
2023-02-04 20:00:00,23429.0,23449.0,23271.0,23330.0,96.26714799
2023-02-05 00:00:00,23328.0,23372.0,23241.0,23340.0,80.02110698
2023-02-05 04:00:00,23348.0,23428.0,23335.0,23387.0,73.60718674
2023-02-05 08:00:00,23384.0,23421.0,23358.0,23367.0,111.72079714
2023-02-05 12:00:00,23366.0,23374.0,23025.0,23105.0,656.86977228
2023-02-05 16:00:00,23103.0,23159.0,22766.0,22901.0,350.55148112
2023-02-05 20:00:00,22901.0,23037.0,22805.0,22937.0,252.73120545
2023-02-06 00:00:00,22942.0,23093.0,22842.0,22901.0,217.14044793
2023-02-06 04:00:00,22901.0,22933.0,22643.0,22882.0,556.60609078
2023-02-06 08:00:00,22886.0,22937.0,22749.0,22888.0,138.90351556
2023-02-06 12:00:00,22887.0,23044.0,22755.0,23043.0,197.21159
2023-02-06 16:00:00,23044.0,23148.0,22937.0,23034.0,334.6773154
2023-02-06 20:00:00,23031.0,23031.0,22651.0,22763.0,287.06388486
2023-02-07 00:00:00,22761.0,22891.0,22751.0,22880.0,148.60285409
2023-02-07 04:00:00,22881.0,22977.0,22866.0,22913.0,97.14872579
2023-02-07 08:00:00,22911.0,23056.0,22868.0,22980.0,128.83849998
2023-02-07 12:00:00,22980.0,23038.0,22887.0,22908.0,107.13006996
2023-02-07 16:00:00,22906.0,23338.0,22790.0,23090.0,1974.0852139
2023-02-07 20:00:00,23093.0,23299.0,23038.0,23252.0,302.67028033
2023-02-08 00:00:00,23246.0,23439.0,23233.0,23263.0,148.05416358
2023-02-08 04:00:00,23270.0,23287.0,23184.0,23237.0,79.91915717
2023-02-08 08:00:00,23237.0,23240.0,23140.0,23164.0,185.37450585
2023-02-08 12:00:00,23162.0,23199.0,22790.0,22869.0,332.61262372
2023-02-08 16:00:00,22868.0,23032.0,22686.0,22878.0,286.55510182
2023-02-08 20:00:00,22871.0,22979.0,22787.0,22961.0,203.8558485
2023-02-09 00:00:00,22965.0,23003.0,22460.0,22519.0,422.12029513
2023-02-09 04:00:00,22506.0,22727.0,22378.0,22680.0,211.71040108
2023-02-09 08:00:00,22679.0,22760.0,22674.0,22689.0,122.03424102
2023-02-09 12:00:00,22692.0,22821.0,22567.0,22606.0,254.71049654
2023-02-09 16:00:00,22613.0,22621.0,21897.0,22033.0,573.61809578
2023-02-09 20:00:00,22034.0,22082.0,21700.0,21802.0,676.59155575
2023-02-10 00:00:00,21803.0,21939.0,21768.0,21833.0,117.25939129
2023-02-10 04:00:00,21834.0,21932.0,21633.0,21926.0,286.03874368
2023-02-10 08:00:00,21921.0,21933.0,21727.0,21740.0,193.17281661
2023-02-10 12:00:00,21745.0,21897.0,21534.0,21661.0,293.51830091
2023-02-10 16:00:00,21661.0,21796.0,21565.0,21775.0,313.23704537
2023-02-10 20:00:00,21777.0,21789.0,21454.0,21639.0,300.76694032
2023-02-11 00:00:00,21631.0,21719.0,21610.0,21683.0,101.01841897
2023-02-11 04:00:00,21683.0,21717.0,21649.0,21694.0,51.55718335
2023-02-11 08:00:00,21694.0,21708.0,21664.0,21701.0,52.59890144
2023-02-11 12:00:00,21700.0,21839.0,21671.0,21737.0,247.43547624
2023-02-11 16:00:00,21737.0,21739.0,21629.0,21665.0,85.08545199
2023-02-11 20:00:00,21666.0,21904.0,21653.0,21868.0,161.67712096
2023-02-12 00:00:00,21868.0,21884.0,21773.0,21787.0,91.8177579
2023-02-12 04:00:00,21787.0,21821.0,21732.0,21802.0,192.13676476
2023-02-12 08:00:00,21802.0,21950.0,21802.0,21889.0,561.29423615
2023-02-12 12:00:00,21889.0,21987.0,21774.0,21948.0,213.96806633
2023-02-12 16:00:00,21947.0,22086.0,21934.0,22005.0,168.89359605
2023-02-12 20:00:00,22004.0,22030.0,21649.0,21789.0,253.67534879
2023-02-13 00:00:00,21790.0,21878.0,21643.0,21813.0,127.33689011
2023-02-13 04:00:00,21814.0,21897.0,21803.0,21891.0,108.70199374
2023-02-13 08:00:00,21893.0,21895.0,21476.0,21625.0,376.85751623
2023-02-13 12:00:00,21622.0,21718.0,21572.0,21577.0,394.27876026
2023-02-13 16:00:00,21579.0,21682.0,21376.0,21627.0,600.53343318
2023-02-13 20:00:00,21627.0,21856.0,21583.0,21790.0,315.32881489
2023-02-14 00:00:00,21790.0,21827.0,21691.0,21716.0,309.74810657
2023-02-14 04:00:00,21718.0,21807.0,21705.0,21785.0,75.63960486
2023-02-14 08:00:00,21785.0,21885.0,21697.0,21816.0,235.85908529
2023-02-14 12:00:00,21823.0,22316.0,21569.0,22050.0,922.39743166
2023-02-14 16:00:00,22053.0,22249.0,21939.0,22224.0,291.70453124
2023-02-14 20:00:00,22226.0,22284.0,22136.0,22211.0,197.09404757
2023-02-15 00:00:00,22208.0,22208.0,22064.0,22110.0,119.73587637
2023-02-15 04:00:00,22108.0,22187.0,22085.0,22121.0,85.48213999
2023-02-15 08:00:00,22121.0,22494.0,22099.0,22448.0,220.14345148
2023-02-15 12:00:00,22459.0,22906.0,22459.0,22816.0,396.91593743
2023-02-15 16:00:00,22815.0,23348.0,22757.0,23319.0,425.75221016
2023-02-15 20:00:00,23328.0,24374.0,23306.0,24332.0,1068.20868764
2023-02-16 00:00:00,24332.0,24895.0,24285.0,24742.0,694.58419823
2023-02-16 04:00:00,24749.0,24754.0,24450.0,24615.0,375.31431215
2023-02-16 08:00:00,24615.0,24665.0,24523.0,24572.0,203.74270946
2023-02-16 12:00:00,24572.0,25086.0,24301.0,25083.0,671.81283994
2023-02-16 16:00:00,25063.0,25270.0,24644.0,24881.0,640.67493548
2023-02-16 20:00:00,24871.0,24881.0,23520.0,23521.0,1048.67125404
2023-02-17 00:00:00,23518.0,23905.0,23369.0,23840.0,382.96839985
2023-02-17 04:00:00,23852.0,23884.0,23625.0,23641.0,245.28479009
2023-02-17 08:00:00,23640.0,23862.0,23542.0,23789.0,216.97937615
2023-02-17 12:00:00,23809.0,24267.0,23730.0,24126.0,782.54031198
2023-02-17 16:00:00,24127.0,24559.0,23933.0,24528.0,633.83205959
2023-02-17 20:00:00,24533.0,25014.0,24083.0,24580.0,1067.02626641
2023-02-18 00:00:00,24577.0,24781.0,24520.0,24613.0,154.9841807
2023-02-18 04:00:00,24616.0,24676.0,24453.0,24522.0,107.78357137
2023-02-18 08:00:00,24524.0,24603.0,24450.0,24530.0,97.96506011
2023-02-18 12:00:00,24526.0,24727.0,24501.0,24680.0,108.72705698
2023-02-18 16:00:00,24673.0,24869.0,24582.0,24617.0,169.86835085
2023-02-18 20:00:00,24616.0,24668.0,24539.0,24640.0,81.86049724
2023-02-19 00:00:00,24638.0,24772.0,24634.0,24686.0,59.31373388
2023-02-19 04:00:00,24688.0,24842.0,24577.0,24580.0,111.74607599
2023-02-19 08:00:00,24587.0,24711.0,24571.0,24675.0,323.6580348
2023-02-19 12:00:00,24685.0,25038.0,24666.0,24929.0,347.25330288
2023-02-19 16:00:00,24930.0,25183.0,24294.0,24526.0,596.86012554
2023-02-19 20:00:00,24521.0,24575.0,24211.0,24296.0,278.3268884
2023-02-20 00:00:00,24271.0,24475.0,23862.0,24418.0,391.51069544
2023-02-20 04:00:00,24426.0,24550.0,24412.0,24506.0,115.33648186
2023-02-20 08:00:00,24509.0,24978.0,24383.0,24891.0,456.73793114
2023-02-20 12:00:00,24898.0,25118.0,24733.0,24946.0,471.75125459
2023-02-20 16:00:00,24947.0,24958.0,24643.0,24877.0,244.55538147
2023-02-20 20:00:00,24876.0,24881.0,24668.0,24843.0,148.64600623
2023-02-21 00:00:00,24843.0,25092.0,24787.0,24930.0,238.75327006
2023-02-21 04:00:00,24928.0,25043.0,24862.0,25004.0,153.13741824
2023-02-21 08:00:00,25005.0,25250.0,24562.0,24576.0,558.48784362
2023-02-21 12:00:00,24576.0,24778.0,24429.0,24563.0,343.47466808
2023-02-21 16:00:00,24565.0,24746.0,24289.0,24612.0,767.25636942
2023-02-21 20:00:00,24609.0,24642.0,24165.0,24450.0,444.94781239
2023-02-22 00:00:00,24450.0,24474.0,23878.0,24207.0,436.58652979
2023-02-22 04:00:00,24209.0,24222.0,23940.0,24065.0,192.24623904
2023-02-22 08:00:00,24065.0,24209.0,23871.0,24168.0,286.83891812
2023-02-22 12:00:00,24165.0,24231.0,23641.0,23726.0,375.36677436
2023-02-22 16:00:00,23717.0,23968.0,23594.0,23799.0,320.06433307
2023-02-22 20:00:00,23807.0,24213.0,23748.0,24188.0,340.85691541
2023-02-23 00:00:00,24188.0,24590.0,24134.0,24457.0,280.40714036
2023-02-23 04:00:00,24461.0,24523.0,24324.0,24385.0,164.10514214
2023-02-23 08:00:00,24383.0,24488.0,23665.0,23789.0,499.05182643
2023-02-23 12:00:00,23791.0,24225.0,23636.0,23952.0,497.0445531
2023-02-23 16:00:00,23951.0,24048.0,23742.0,23977.0,341.01507426
2023-02-23 20:00:00,23995.0,24066.0,23769.0,23939.0,218.65847679
2023-02-24 00:00:00,23939.0,24124.0,23899.0,23947.0,136.27487953
2023-02-24 04:00:00,23960.0,23990.0,23784.0,23835.0,254.22640376
2023-02-24 08:00:00,23831.0,23970.0,23770.0,23892.0,149.62060346
2023-02-24 12:00:00,23892.0,24025.0,23332.0,23355.0,825.34742577
2023-02-24 16:00:00,23346.0,23346.0,22865.0,23190.0,856.4864401
2023-02-24 20:00:00,23190.0,23329.0,22985.0,23189.0,560.8329781
2023-02-25 00:00:00,23186.0,23215.0,23052.0,23072.0,105.72211779
2023-02-25 04:00:00,23081.0,23131.0,23035.0,23121.0,104.11009103
2023-02-25 08:00:00,23123.0,23157.0,22920.0,22986.0,152.68490063
2023-02-25 12:00:00,22986.0,23079.0,22868.0,23011.0,159.28894714
2023-02-25 16:00:00,23011.0,23082.0,22924.0,22991.0,97.46906802
2023-02-25 20:00:00,22989.0,23181.0,22770.0,23161.0,244.09709278
2023-02-26 00:00:00,23166.0,23249.0,23068.0,23219.0,113.13630849
2023-02-26 04:00:00,23219.0,23228.0,23102.0,23153.0,57.50853693
2023-02-26 08:00:00,23155.0,23286.0,23125.0,23252.0,97.64496233
2023-02-26 12:00:00,23259.0,23318.0,23143.0,23253.0,114.24947664
2023-02-26 16:00:00,23253.0,23537.0,23149.0,23506.0,301.68131297
2023-02-26 20:00:00,23512.0,23678.0,23329.0,23562.0,334.98029034
2023-02-27 00:00:00,23560.0,23646.0,23443.0,23555.0,144.33306323
2023-02-27 04:00:00,23555.0,23560.0,23360.0,23425.0,160.37523575
2023-02-27 08:00:00,23436.0,23457.0,23341.0,23430.0,155.96502542
2023-02-27 12:00:00,23430.0,23890.0,23383.0,23555.0,566.06467427
2023-02-27 16:00:00,23562.0,23617.0,23170.0,23278.0,428.94213141
2023-02-27 20:00:00,23274.0,23574.0,23126.0,23493.0,312.44560569
2023-02-28 00:00:00,23497.0,23549.0,23360.0,23467.0,84.37760709
2023-02-28 04:00:00,23466.0,23469.0,23233.0,23237.0,144.13249847
2023-02-28 08:00:00,23228.0,23419.0,23218.0,23397.0,113.97296823
2023-02-28 12:00:00,23398.0,23571.0,23329.0,23524.0,233.36546037
2023-02-28 16:00:00,23523.0,23594.0,23221.0,23262.0,264.41095398
2023-02-28 20:00:00,23263.0,23343.0,23048.0,23136.0,345.44514921
2023-03-01 00:00:00,23146.0,23491.0,23040.0,23442.0,292.69830765
2023-03-01 04:00:00,23442.0,23840.0,23432.0,23720.0,257.3377958
2023-03-01 08:00:00,23723.0,23990.0,23683.0,23741.0,265.66955234
2023-03-01 12:00:00,23744.0,23879.0,23582.0,23728.0,377.26286978
2023-03-01 16:00:00,23713.0,23749.0,23343.0,23358.0,356.42660984
2023-03-01 20:00:00,23346.0,23673.0,23318.0,23634.0,198.65173428
2023-03-02 00:00:00,23632.0,23791.0,23437.0,23501.0,221.27296054
2023-03-02 04:00:00,23500.0,23549.0,23342.0,23394.0,107.02179148
2023-03-02 08:00:00,23388.0,23471.0,23347.0,23415.0,163.30796979
2023-03-02 12:00:00,23422.0,23433.0,23206.0,23370.0,222.91563939
2023-03-02 16:00:00,23365.0,23506.0,23238.0,23474.0,190.49498187
2023-03-02 20:00:00,23472.0,23566.0,23394.0,23466.0,185.88983626
2023-03-03 00:00:00,23469.0,23477.0,22000.0,22333.0,1156.51541305
2023-03-03 04:00:00,22333.0,22418.0,22269.0,22367.0,415.6318698
2023-03-03 08:00:00,22367.0,22475.0,22319.0,22349.0,272.02514219
2023-03-03 12:00:00,22349.0,22490.0,22177.0,22338.0,568.29645091
2023-03-03 16:00:00,22341.0,22445.0,22239.0,22362.0,189.26292678
2023-03-03 20:00:00,22361.0,22379.0,22160.0,22359.0,276.29039288
2023-03-04 00:00:00,22359.0,22391.0,22331.0,22353.0,118.9686622
2023-03-04 04:00:00,22353.0,22401.0,22284.0,22362.0,93.61717744
2023-03-04 08:00:00,22361.0,22377.0,22327.0,22352.0,72.38825542
2023-03-04 12:00:00,22351.0,22394.0,22300.0,22318.0,81.10008166
2023-03-04 16:00:00,22318.0,22346.0,22236.0,22251.0,98.67535927
2023-03-04 20:00:00,22253.0,22356.0,22170.0,22347.0,143.59814079
2023-03-05 00:00:00,22347.0,22652.0,22212.0,22391.0,333.87530706
2023-03-05 04:00:00,22392.0,22464.0,22371.0,22378.0,75.60268697
2023-03-05 08:00:00,22383.0,22445.0,22322.0,22401.0,54.59492592
2023-03-05 12:00:00,22401.0,22488.0,22399.0,22437.0,68.85495741
2023-03-05 16:00:00,22440.0,22459.0,22382.0,22408.0,109.01379059
2023-03-05 20:00:00,22408.0,22552.0,22339.0,22428.0,302.72266177
2023-03-06 00:00:00,22427.0,22507.0,22263.0,22390.0,281.77392005
2023-03-06 04:00:00,22390.0,22432.0,22320.0,22394.0,88.88395992
2023-03-06 08:00:00,22395.0,22445.0,22360.0,22383.0,185.91108728
2023-03-06 12:00:00,22384.0,22590.0,22362.0,22554.0,227.64660916
2023-03-06 16:00:00,22562.0,22580.0,22367.0,22396.0,196.09017608
2023-03-06 20:00:00,22396.0,22449.0,22327.0,22407.0,175.92897708
2023-03-07 00:00:00,22414.0,22547.0,22380.0,22456.0,141.01177284
2023-03-07 04:00:00,22455.0,22479.0,22414.0,22419.0,80.32483045
2023-03-07 08:00:00,22423.0,22429.0,22332.0,22337.0,131.57771462
2023-03-07 12:00:00,22347.0,22478.0,21931.0,22322.0,772.15414754
2023-03-07 16:00:00,22318.0,22394.0,22072.0,22128.0,475.47526819
2023-03-07 20:00:00,22124.0,22223.0,21952.0,22200.0,237.17860773
2023-03-08 00:00:00,22197.0,22275.0,22083.0,22147.0,94.11547272
2023-03-08 04:00:00,22153.0,22163.0,21858.0,21974.0,234.2482378
2023-03-08 08:00:00,21973.0,22132.0,21945.0,22069.0,168.41295136
2023-03-08 12:00:00,22069.0,22212.0,21885.0,22143.0,421.0750396
2023-03-08 16:00:00,22140.0,22209.0,21951.0,21996.0,227.08857791
2023-03-08 20:00:00,21995.0,22121.0,21590.0,21704.0,332.24375009
2023-03-09 00:00:00,21697.0,21798.0,21635.0,21769.0,151.9061564
2023-03-09 04:00:00,21771.0,21771.0,21669.0,21684.0,77.97866533
2023-03-09 08:00:00,21681.0,21695.0,21534.0,21667.0,175.44138142
2023-03-09 12:00:00,21666.0,21824.0,21552.0,21644.0,334.08437079
2023-03-09 16:00:00,21638.0,21664.0,20774.0,20841.0,1084.29391698
2023-03-09 20:00:00,20833.0,20864.0,20043.0,20367.0,1549.44461579
2023-03-10 00:00:00,20368.0,20368.0,19810.0,20054.0,771.39961861
2023-03-10 04:00:00,20053.0,20065.0,19791.0,19950.0,604.77596436
2023-03-10 08:00:00,19955.0,19967.0,19569.0,19763.0,487.67411238
2023-03-10 12:00:00,19768.0,20298.0,19668.0,20012.0,1226.51914439
2023-03-10 16:00:00,20002.0,20300.0,19829.0,20018.0,823.70322966
2023-03-10 20:00:00,20027.0,20308.0,19864.0,20220.0,781.16478426
2023-03-11 00:00:00,20226.0,20874.0,20212.0,20554.0,1022.84756038
2023-03-11 04:00:00,20549.0,20563.0,19955.0,19968.0,755.84552137
2023-03-11 08:00:00,19974.0,20304.0,19893.0,20188.0,602.94498015
2023-03-11 12:00:00,20186.0,20315.0,20137.0,20259.0,234.16495728
2023-03-11 16:00:00,20243.0,20521.0,20185.0,20455.0,648.07428082
2023-03-11 20:00:00,20456.0,20674.0,20437.0,20618.0,327.07677524
2023-03-12 00:00:00,20615.0,20654.0,20481.0,20572.0,231.87379025
2023-03-12 04:00:00,20574.0,20694.0,20456.0,20534.0,241.41759251
2023-03-12 08:00:00,20521.0,20631.0,20521.0,20593.0,163.1567354
2023-03-12 12:00:00,20594.0,20650.0,20474.0,20596.0,253.66174689
2023-03-12 16:00:00,20586.0,21605.0,20570.0,21089.0,1299.06659744
2023-03-12 20:00:00,21084.0,22269.0,21065.0,22183.0,1410.31821404
2023-03-13 00:00:00,22190.0,22775.0,22058.0,22330.0,914.41076939
2023-03-13 04:00:00,22331.0,22598.0,22319.0,22565.0,531.46416432
2023-03-13 08:00:00,22561.0,22627.0,21900.0,22166.0,1011.91359182
2023-03-13 12:00:00,22167.0,24618.0,22007.0,24087.0,2853.15606171
2023-03-13 16:00:00,24100.0,24479.0,23894.0,24388.0,942.27435134
2023-03-13 20:00:00,24400.0,24412.0,24010.0,24209.0,485.04680444
2023-03-14 00:00:00,24210.0,24576.0,24070.0,24490.0,419.49856888
2023-03-14 04:00:00,24493.0,24917.0,24296.0,24390.0,695.75452741
2023-03-14 08:00:00,24390.0,24929.0,24233.0,24866.0,926.25647043
2023-03-14 12:00:00,24867.0,26533.0,24655.0,26002.0,2952.8735099
2023-03-14 16:00:00,26002.0,26095.0,24350.0,25128.0,1793.52447302
2023-03-14 20:00:00,25134.0,25240.0,24092.0,24750.0,1178.11568199
2023-03-15 00:00:00,24745.0,25122.0,24409.0,24823.0,477.25556673
2023-03-15 04:00:00,24819.0,25024.0,24731.0,24996.0,212.35628922
2023-03-15 08:00:00,24988.0,25029.0,24393.0,24859.0,626.71617188
2023-03-15 12:00:00,24857.0,25273.0,24459.0,24547.0,1590.36203409
2023-03-15 16:00:00,24554.0,24581.0,23940.0,24442.0,1105.09032821
2023-03-15 20:00:00,24430.0,24733.0,24306.0,24368.0,356.66532369
2023-03-16 00:00:00,24361.0,24519.0,24229.0,24345.0,193.94070429
2023-03-16 04:00:00,24351.0,24746.0,24278.0,24692.0,256.53868485
2023-03-16 08:00:00,24695.0,25132.0,24459.0,24908.0,638.96268739
2023-03-16 12:00:00,24909.0,25083.0,24611.0,24938.0,587.07470128
2023-03-16 16:00:00,24942.0,25217.0,24665.0,25033.0,441.28702015
2023-03-16 20:00:00,25022.0,25132.0,24710.0,25050.0,313.04639505
2023-03-17 00:00:00,25051.0,25956.0,24954.0,25834.0,632.11911188
2023-03-17 04:00:00,25848.0,26270.0,25734.0,26139.0,681.45272782
2023-03-17 08:00:00,26141.0,27025.0,26018.0,26984.0,893.94334345
2023-03-17 12:00:00,26984.0,26998.0,26193.0,26447.0,1059.85773881
2023-03-17 16:00:00,26464.0,26909.0,26346.0,26887.0,540.6719066
2023-03-17 20:00:00,26892.0,27818.0,26649.0,27466.0,1358.23794181
2023-03-18 00:00:00,27466.0,27776.0,27144.0,27380.0,478.30584661
2023-03-18 04:00:00,27387.0,27682.0,27291.0,27430.0,334.42562257
2023-03-18 08:00:00,27430.0,27567.0,27166.0,27534.0,494.98269786
2023-03-18 12:00:00,27532.0,27719.0,27163.0,27318.0,417.20318565
2023-03-18 16:00:00,27313.0,27552.0,26707.0,27425.0,765.52113518
2023-03-18 20:00:00,27419.0,27533.0,26894.0,26980.0,443.3583748
2023-03-19 00:00:00,26992.0,27317.0,26990.0,27274.0,131.11371075
2023-03-19 04:00:00,27265.0,27351.0,26900.0,27042.0,281.23034592
2023-03-19 08:00:00,27043.0,27259.0,26960.0,27259.0,267.39174683
2023-03-19 12:00:00,27241.0,27820.0,27200.0,27654.0,491.0793906
2023-03-19 16:00:00,27644.0,28460.0,27564.0,28347.0,941.04768681
2023-03-19 20:00:00,28345.0,28474.0,27853.0,28054.0,503.84963735
2023-03-20 00:00:00,28081.0,28134.0,27231.0,27372.0,652.52711525
2023-03-20 04:00:00,27357.0,28338.0,27255.0,28269.0,514.67926828
2023-03-20 08:00:00,28292.0,28567.0,28034.0,28296.0,852.43195594
2023-03-20 12:00:00,28284.0,28351.0,27712.0,27780.0,902.88773138
2023-03-20 16:00:00,27781.0,28122.0,27555.0,27870.0,644.22224807
2023-03-20 20:00:00,27866.0,28250.0,27683.0,27815.0,431.34526323
2023-03-21 00:00:00,27808.0,28039.0,27759.0,27851.0,181.08154036
2023-03-21 04:00:00,27870.0,28051.0,27436.0,27599.0,328.66310318
2023-03-21 08:00:00,27616.0,28257.0,27500.0,28139.0,560.25367015
2023-03-21 12:00:00,28139.0,28314.0,27811.0,28106.0,874.87742674
2023-03-21 16:00:00,28122.0,28497.0,28021.0,28205.0,742.72684458
2023-03-21 20:00:00,28204.0,28282.0,27985.0,28192.0,267.51370096
2023-03-22 00:00:00,28184.0,28349.0,28037.0,28239.0,154.52038299
2023-03-22 04:00:00,28232.0,28369.0,28112.0,28171.0,170.29604646
2023-03-22 08:00:00,28170.0,28278.0,28072.0,28189.0,295.81443194
2023-03-22 12:00:00,28192.0,28784.0,28181.0,28646.0,756.11240065
2023-03-22 16:00:00,28654.0,28936.0,26700.0,26700.0,2615.23506961
2023-03-22 20:00:00,26739.0,27500.0,26688.0,27320.0,1032.23207406
2023-03-23 00:00:00,27320.0,27513.0,27187.0,27433.0,243.40865624
2023-03-23 04:00:00,27431.0,27773.0,27336.0,27724.0,348.21057173
2023-03-23 08:00:00,27717.0,27810.0,27617.0,27680.0,165.99171038
2023-03-23 12:00:00,27667.0,28818.0,27368.0,28650.0,1303.13358856
2023-03-23 16:00:00,28649.0,28719.0,27828.0,28405.0,741.31034084
2023-03-23 20:00:00,28425.0,28488.0,28041.0,28343.0,397.59964445
2023-03-24 00:00:00,28352.0,28428.0,28186.0,28265.0,172.09436949
2023-03-24 04:00:00,28263.0,28366.0,28149.0,28320.0,160.48790638
2023-03-24 08:00:00,28321.0,28338.0,27460.0,27650.0,481.94055493
2023-03-24 12:00:00,27627.0,29380.0,27600.0,28060.0,1026.55903771
2023-03-24 16:00:00,28063.0,28094.0,27574.0,27855.0,408.84315509
2023-03-24 20:00:00,27852.0,27893.0,27043.0,27493.0,539.52449101
2023-03-25 00:00:00,27497.0,27691.0,27462.0,27618.0,131.7144651
2023-03-25 04:00:00,27625.0,27662.0,27422.0,27526.0,119.04725295
2023-03-25 08:00:00,27525.0,27560.0,27363.0,27490.0,120.9602097
2023-03-25 12:00:00,27492.0,27810.0,27398.0,27686.0,152.19557049
2023-03-25 16:00:00,27687.0,27758.0,27228.0,27243.0,260.65116736
2023-03-25 20:00:00,27246.0,27550.0,27210.0,27499.0,179.26974181
2023-03-26 00:00:00,27493.0,27673.0,27453.0,27558.0,115.52787354
2023-03-26 04:00:00,27560.0,27607.0,27500.0,27538.0,68.14410613
2023-03-26 08:00:00,27539.0,27930.0,27522.0,27903.0,163.0507389
2023-03-26 12:00:00,27927.0,28217.0,27746.0,27841.0,346.56661698
2023-03-26 16:00:00,27838.0,27952.0,27680.0,27852.0,140.02543642
2023-03-26 20:00:00,27852.0,28160.0,27716.0,28004.0,266.8885387
2023-03-27 00:00:00,27992.0,28051.0,27816.0,27913.0,162.84076176
2023-03-27 04:00:00,27913.0,27965.0,27703.0,27851.0,100.74020828
2023-03-27 08:00:00,27835.0,28004.0,27800.0,27916.0,237.02013807
2023-03-27 12:00:00,27913.0,27943.0,26541.0,26916.0,1095.68832516
2023-03-27 16:00:00,26916.0,27323.0,26877.0,26970.0,450.00794699
2023-03-27 20:00:00,26980.0,27250.0,26898.0,27142.0,212.6665561
2023-03-28 00:00:00,27142.0,27183.0,26798.0,26984.0,277.31078028
2023-03-28 04:00:00,26986.0,27146.0,26900.0,26965.0,256.5432519
2023-03-28 08:00:00,26972.0,27153.0,26647.0,27071.0,386.92357929
2023-03-28 12:00:00,27089.0,27214.0,26850.0,27009.0,340.58323835
2023-03-28 16:00:00,27010.0,27514.0,26760.0,27427.0,663.6347527
2023-03-28 20:00:00,27453.0,27486.0,27112.0,27272.0,212.04636671
2023-03-29 00:00:00,27272.0,27482.0,27258.0,27378.0,125.03587941
2023-03-29 04:00:00,27378.0,28159.0,27367.0,28095.0,390.87183259
2023-03-29 08:00:00,28106.0,28650.0,28048.0,28351.0,558.7184809
2023-03-29 12:00:00,28354.0,28584.0,28250.0,28449.0,368.83717341
2023-03-29 16:00:00,28449.0,28455.0,28153.0,28417.0,364.12280268
2023-03-29 20:00:00,28422.0,28496.0,28224.0,28353.0,354.22675695
2023-03-30 00:00:00,28353.0,29170.0,28152.0,28493.0,899.90598335
2023-03-30 04:00:00,28496.0,28777.0,28455.0,28734.0,232.76355091
2023-03-30 08:00:00,28727.0,28744.0,28512.0,28656.0,284.42065618
2023-03-30 12:00:00,28664.0,28696.0,28193.0,28314.0,576.80273453
2023-03-30 16:00:00,28311.0,28311.0,27706.0,27977.0,648.84620949
2023-03-30 20:00:00,28005.0,28192.0,27805.0,28039.0,269.98675244
2023-03-31 00:00:00,28036.0,28376.0,27932.0,28178.0,276.02836787
2023-03-31 04:00:00,28176.0,28221.0,27533.0,27749.0,390.2803037
2023-03-31 08:00:00,27737.0,28007.0,27708.0,27943.0,276.5049288
2023-03-31 12:00:00,27946.0,28653.0,27881.0,28496.0,918.61606323
2023-03-31 16:00:00,28503.0,28536.0,28274.0,28460.0,285.74116282
2023-03-31 20:00:00,28462.0,28632.0,28348.0,28476.0,154.01153606
2023-04-01 00:00:00,28476.0,28816.0,28427.0,28553.0,193.95100158
2023-04-01 04:00:00,28552.0,28638.0,28373.0,28441.0,112.01555499
2023-04-01 08:00:00,28439.0,28499.0,28382.0,28389.0,78.78380993
2023-04-01 12:00:00,28393.0,28462.0,28237.0,28420.0,79.82520866
2023-04-01 16:00:00,28419.0,28453.0,28306.0,28398.0,75.271168
2023-04-01 20:00:00,28398.0,28581.0,28398.0,28469.0,116.4900483
2023-04-02 00:00:00,28469.0,28544.0,28376.0,28487.0,69.05416077
2023-04-02 04:00:00,28497.0,28503.0,28396.0,28436.0,26.11550137
2023-04-02 08:00:00,28434.0,28456.0,28331.0,28367.0,79.29983152
2023-04-02 12:00:00,28368.0,28371.0,28064.0,28143.0,166.06470954
2023-04-02 16:00:00,28136.0,28240.0,27893.0,27966.0,178.21589837
2023-04-02 20:00:00,27951.0,28216.0,27891.0,28186.0,171.23213838
2023-04-03 00:00:00,28179.0,28197.0,27600.0,27772.0,265.66197213
2023-04-03 04:00:00,27770.0,27984.0,27608.0,27983.0,218.75723173
2023-04-03 08:00:00,27984.0,28506.0,27984.0,28266.0,423.80790619
2023-04-03 12:00:00,28265.0,28383.0,27977.0,28066.0,337.74713691
2023-04-03 16:00:00,28057.0,28240.0,27905.0,28098.0,296.35051709
2023-04-03 20:00:00,28104.0,28105.0,27236.0,27816.0,850.90146495
2023-04-04 00:00:00,27820.0,27967.0,27686.0,27871.0,174.39268019
2023-04-04 04:00:00,27871.0,28150.0,27793.0,28034.0,164.30945302
2023-04-04 08:00:00,28037.0,28447.0,27953.0,28295.0,384.81569253
2023-04-04 12:00:00,28299.0,28407.0,27967.0,28042.0,283.63152314
2023-04-04 16:00:00,28040.0,28260.0,27978.0,28201.0,175.34150562
2023-04-04 20:00:00,28201.0,28315.0,28095.0,28178.0,112.10650655
2023-04-05 00:00:00,28179.0,28782.0,28114.0,28561.0,317.79105367
2023-04-05 04:00:00,28558.0,28629.0,28466.0,28531.0,85.93021432
2023-04-05 08:00:00,28534.0,28603.0,28405.0,28562.0,195.47983395
2023-04-05 12:00:00,28565.0,28729.0,27874.0,28044.0,616.72849811
2023-04-05 16:00:00,28038.0,28308.0,27823.0,28258.0,273.21606594
2023-04-05 20:00:00,28248.0,28304.0,28141.0,28183.0,87.16167392
2023-04-06 00:00:00,28181.0,28191.0,27893.0,28146.0,178.55841145
2023-04-06 04:00:00,28136.0,28138.0,27920.0,27920.0,102.3019693
2023-04-06 08:00:00,27920.0,28031.0,27723.0,27951.0,245.55110088
2023-04-06 12:00:00,27959.0,28199.0,27773.0,28116.0,392.5228755
2023-04-06 16:00:00,28124.0,28178.0,27972.0,28037.0,73.57912102
2023-04-06 20:00:00,28031.0,28137.0,27921.0,28051.0,72.36661621
2023-04-07 00:00:00,28054.0,28118.0,27949.0,28057.0,60.88704457
2023-04-07 04:00:00,28057.0,28083.0,27800.0,27855.0,146.93053203
2023-04-07 08:00:00,27846.0,27984.0,27797.0,27855.0,67.36431253
2023-04-07 12:00:00,27854.0,28003.0,27820.0,27964.0,72.26875157
2023-04-07 16:00:00,27964.0,27971.0,27877.0,27923.0,53.51626927
2023-04-07 20:00:00,27920.0,28004.0,27862.0,27931.0,35.51273013
2023-04-08 00:00:00,27931.0,28077.0,27891.0,28045.0,44.87309391
2023-04-08 04:00:00,28045.0,28174.0,27995.0,28112.0,84.85519361
2023-04-08 08:00:00,28103.0,28143.0,28023.0,28042.0,46.11251646
2023-04-08 12:00:00,28043.0,28083.0,27980.0,28048.0,38.2128381
2023-04-08 16:00:00,28042.0,28074.0,27903.0,27951.0,163.50571123
2023-04-08 20:00:00,27947.0,28018.0,27910.0,27969.0,40.20378579
2023-04-09 00:00:00,27968.0,28112.0,27961.0,28057.0,53.08270915
2023-04-09 04:00:00,28056.0,28107.0,27877.0,27944.0,82.64875219
2023-04-09 08:00:00,27944.0,27968.0,27857.0,27953.0,53.82982709
2023-04-09 12:00:00,27955.0,27991.0,27833.0,27915.0,125.82892858
2023-04-09 16:00:00,27921.0,28268.0,27895.0,28167.0,121.86262017
2023-04-09 20:00:00,28174.0,28544.0,28117.0,28340.0,281.29482061
2023-04-10 00:00:00,28353.0,28450.0,28273.0,28297.0,139.17655051
2023-04-10 04:00:00,28297.0,28331.0,28204.0,28309.0,131.54524794
2023-04-10 08:00:00,28309.0,28395.0,28293.0,28328.0,113.77988922
2023-04-10 12:00:00,28325.0,28579.0,28184.0,28463.0,309.95126666
2023-04-10 16:00:00,28463.0,29311.0,28403.0,29198.0,1192.44787631
2023-04-10 20:00:00,29194.0,29789.0,29101.0,29652.0,824.77237591
2023-04-11 00:00:00,29657.0,30438.0,29617.0,30147.0,809.31219077
2023-04-11 04:00:00,30145.0,30194.0,29830.0,30141.0,261.84994848
2023-04-11 08:00:00,30140.0,30189.0,30006.0,30080.0,240.65747888
2023-04-11 12:00:00,30077.0,30301.0,30008.0,30227.0,461.39520077
2023-04-11 16:00:00,30224.0,30575.0,30070.0,30158.0,567.77161329
2023-04-11 20:00:00,30158.0,30308.0,29960.0,30246.0,348.41846291
2023-04-12 00:00:00,30255.0,30386.0,29875.0,29963.0,245.12778713
2023-04-12 04:00:00,29956.0,30089.0,29884.0,30019.0,118.17250403
2023-04-12 08:00:00,30023.0,30080.0,29889.0,30042.0,377.01262391
2023-04-12 12:00:00,30041.0,30503.0,29689.0,29994.0,860.37208284
2023-04-12 16:00:00,29992.0,30112.0,29783.0,29802.0,209.13452866
2023-04-12 20:00:00,29818.0,30001.0,29798.0,29903.0,117.12242395
2023-04-13 00:00:00,29914.0,30245.0,29889.0,30108.0,272.24029753
2023-04-13 04:00:00,30117.0,30160.0,30034.0,30105.0,117.32186317
2023-04-13 08:00:00,30103.0,30396.0,30072.0,30192.0,307.32184095
2023-04-13 12:00:00,30192.0,30614.0,30179.0,30470.0,458.43040376
2023-04-13 16:00:00,30480.0,30578.0,30302.0,30364.0,155.71302161
2023-04-13 20:00:00,30365.0,30428.0,30243.0,30410.0,192.90684475
2023-04-14 00:00:00,30411.0,30923.0,30349.0,30734.0,423.57234661
2023-04-14 04:00:00,30737.0,31035.0,30712.0,30780.0,371.00637124
2023-04-14 08:00:00,30774.0,30856.0,30695.0,30833.0,298.79400751
2023-04-14 12:00:00,30833.0,30883.0,30127.0,30267.0,798.61983359
2023-04-14 16:00:00,30253.0,30371.0,30001.0,30342.0,376.91543876
2023-04-14 20:00:00,30347.0,30552.0,30303.0,30498.0,271.23259656
2023-04-15 00:00:00,30498.0,30620.0,30315.0,30411.0,99.40196082
2023-04-15 04:00:00,30414.0,30493.0,30372.0,30462.0,46.63320345
2023-04-15 08:00:00,30460.0,30497.0,30398.0,30423.0,179.67342656
2023-04-15 12:00:00,30423.0,30480.0,30328.0,30358.0,106.80808024
2023-04-15 16:00:00,30362.0,30375.0,30249.0,30368.0,86.46459217
2023-04-15 20:00:00,30368.0,30395.0,30280.0,30332.0,41.65884334
2023-04-16 00:00:00,30327.0,30350.0,30157.0,30287.0,98.94474059
2023-04-16 04:00:00,30285.0,30419.0,30282.0,30379.0,39.38429708
2023-04-16 08:00:00,30380.0,30385.0,30259.0,30260.0,32.86065575
2023-04-16 12:00:00,30260.0,30387.0,30204.0,30359.0,48.94175488
2023-04-16 16:00:00,30361.0,30567.0,30289.0,30322.0,199.74371271
2023-04-16 20:00:00,30338.0,30432.0,30219.0,30330.0,236.93647671
2023-04-17 00:00:00,30328.0,30337.0,29777.0,30004.0,379.61452337
2023-04-17 04:00:00,30002.0,30036.0,29860.0,29860.0,127.09377568
2023-04-17 08:00:00,29865.0,29941.0,29301.0,29601.0,516.71901758
2023-04-17 12:00:00,29592.0,29613.0,29247.0,29374.0,479.79241238
2023-04-17 16:00:00,29369.0,29590.0,29341.0,29469.0,354.44037144
2023-04-17 20:00:00,29484.0,29552.0,29406.0,29448.0,219.34282818
2023-04-18 00:00:00,29452.0,29512.0,29122.0,29461.0,318.9703828
2023-04-18 04:00:00,29461.0,29808.0,29455.0,29780.0,214.33305334
2023-04-18 08:00:00,29786.0,30387.0,29706.0,30387.0,448.83942645
2023-04-18 12:00:00,30387.0,30483.0,30117.0,30199.0,340.03224311
2023-04-18 16:00:00,30199.0,30278.0,29974.0,30236.0,307.38558927
2023-04-18 20:00:00,30234.0,30454.0,30170.0,30395.0,197.90691939
2023-04-19 00:00:00,30388.0,30423.0,30135.0,30221.0,194.65492561
2023-04-19 04:00:00,30212.0,30334.0,30015.0,30088.0,286.40951961
2023-04-19 08:00:00,30093.0,30093.0,29015.0,29324.0,1587.43229939
2023-04-19 12:00:00,29321.0,29518.0,29148.0,29291.0,524.84025634
2023-04-19 16:00:00,29284.0,29386.0,29107.0,29245.0,400.7490171
2023-04-19 20:00:00,29225.0,29334.0,28603.0,28827.0,875.01053134
2023-04-20 00:00:00,28814.0,29006.0,28572.0,28866.0,313.77809425
2023-04-20 04:00:00,28872.0,29098.0,28838.0,28879.0,159.8380332
2023-04-20 08:00:00,28877.0,28959.0,28607.0,28617.0,296.6300339
2023-04-20 12:00:00,28620.0,28985.0,28360.0,28509.0,503.2369928
2023-04-20 16:00:00,28509.0,28660.0,28005.0,28092.0,845.81237492
2023-04-20 20:00:00,28088.0,28357.0,28018.0,28238.0,330.76777022
2023-04-21 00:00:00,28240.0,28362.0,28085.0,28323.0,223.69829879
2023-04-21 04:00:00,28327.0,28342.0,27828.0,28160.0,376.13863865
2023-04-21 08:00:00,28166.0,28231.0,27918.0,28059.0,255.673329
2023-04-21 12:00:00,28059.0,28268.0,27968.0,28033.0,340.73555531
2023-04-21 16:00:00,28032.0,28081.0,27193.0,27275.0,996.0268889
2023-04-21 20:00:00,27276.0,27400.0,27140.0,27254.0,263.62698487
2023-04-22 00:00:00,27253.0,27358.0,27137.0,27322.0,94.94260911
2023-04-22 04:00:00,27326.0,27396.0,27232.0,27282.0,90.70065915
2023-04-22 08:00:00,27282.0,27323.0,27189.0,27291.0,87.79217682
2023-04-22 12:00:00,27291.0,27561.0,27241.0,27483.0,147.51265382
2023-04-22 16:00:00,27499.0,27770.0,27496.0,27627.0,318.56517223
2023-04-22 20:00:00,27628.0,27883.0,27574.0,27817.0,270.93410045
2023-04-23 00:00:00,27820.0,27820.0,27440.0,27570.0,166.10310391
2023-04-23 04:00:00,27563.0,27757.0,27549.0,27736.0,99.86735791
2023-04-23 08:00:00,27729.0,27772.0,27502.0,27646.0,93.85177196
2023-04-23 12:00:00,27657.0,27738.0,27347.0,27483.0,156.31054657
2023-04-23 16:00:00,27484.0,27688.0,27350.0,27471.0,169.20273938
2023-04-23 20:00:00,27474.0,27649.0,27416.0,27596.0,112.710008
2023-04-24 00:00:00,27594.0,27998.0,27438.0,27781.0,289.89783193
2023-04-24 04:00:00,27790.0,27790.0,27353.0,27449.0,260.60978822
2023-04-24 08:00:00,27448.0,27544.0,27045.0,27540.0,378.1118901
2023-04-24 12:00:00,27545.0,27711.0,27232.0,27266.0,529.93623969
2023-04-24 16:00:00,27266.0,27567.0,26981.0,27380.0,590.29646454
2023-04-24 20:00:00,27382.0,27557.0,27330.0,27512.0,187.8027942
2023-04-25 00:00:00,27515.0,27587.0,27323.0,27347.0,187.69298165
2023-04-25 04:00:00,27347.0,27445.0,27246.0,27269.0,230.24585743
2023-04-25 08:00:00,27260.0,27432.0,27197.0,27387.0,195.54250142
2023-04-25 12:00:00,27396.0,27468.0,27218.0,27343.0,272.20899629
2023-04-25 16:00:00,27342.0,27779.0,27317.0,27612.0,447.48361855
2023-04-25 20:00:00,27629.0,28392.0,27625.0,28300.0,540.99229598
2023-04-26 00:00:00,28306.0,28474.0,28260.0,28318.0,234.1294887
2023-04-26 04:00:00,28314.0,28570.0,28308.0,28387.0,210.99371374
2023-04-26 08:00:00,28389.0,29137.0,28379.0,28956.0,609.46906533
2023-04-26 12:00:00,28971.0,30022.0,28971.0,29821.0,1135.83880531
2023-04-26 16:00:00,29821.0,29889.0,27723.0,27897.0,1545.64453015
2023-04-26 20:00:00,27891.0,28740.0,27242.0,28428.0,1541.11144077
2023-04-27 00:00:00,28427.0,29483.0,28389.0,28906.0,700.41737465
2023-04-27 04:00:00,28898.0,29288.0,28663.0,28901.0,478.6789457
2023-04-27 08:00:00,28901.0,29156.0,28789.0,28947.0,304.86662678
2023-04-27 12:00:00,28954.0,29483.0,28683.0,29150.0,1000.5419593
2023-04-27 16:00:00,29150.0,29887.0,29024.0,29662.0,705.2660032
2023-04-27 20:00:00,29701.0,29787.0,29285.0,29485.0,558.83485549
2023-04-28 00:00:00,29486.0,29600.0,29343.0,29429.0,221.14958426
2023-04-28 04:00:00,29432.0,29572.0,29408.0,29504.0,185.9146608
2023-04-28 08:00:00,29506.0,29510.0,29159.0,29255.0,363.64051503
2023-04-28 12:00:00,29254.0,29462.0,28922.0,29156.0,1171.24419509
2023-04-28 16:00:00,29155.0,29451.0,29124.0,29337.0,395.81922967
2023-04-28 20:00:00,29338.0,29454.0,29300.0,29333.0,111.30679255
2023-04-29 00:00:00,29339.0,29420.0,29227.0,29372.0,139.87788747
2023-04-29 04:00:00,29374.0,29460.0,29317.0,29377.0,111.47927381
2023-04-29 08:00:00,29374.0,29384.0,29266.0,29350.0,268.44535798
2023-04-29 12:00:00,29356.0,29412.0,29254.0,29300.0,150.88638087
2023-04-29 16:00:00,29295.0,29328.0,29061.0,29267.0,159.11707391
2023-04-29 20:00:00,29262.0,29288.0,29166.0,29247.0,102.67363781
2023-04-30 00:00:00,29252.0,29253.0,29115.0,29192.0,80.7894689
2023-04-30 04:00:00,29201.0,29314.0,29196.0,29289.0,61.23876535
2023-04-30 08:00:00,29292.0,29356.0,29182.0,29220.0,175.76767272
2023-04-30 12:00:00,29218.0,29961.0,29208.0,29672.0,561.6665754
2023-04-30 16:00:00,29694.0,29875.0,29247.0,29383.0,379.80803013
2023-04-30 20:00:00,29374.0,29504.0,29188.0,29235.0,155.98454841
2023-05-01 00:00:00,29254.0,29344.0,28434.0,28573.0,591.7732086
2023-05-01 04:00:00,28564.0,28715.0,28289.0,28633.0,336.8778495
2023-05-01 08:00:00,28637.0,28669.0,28498.0,28524.0,193.54284412
2023-05-01 12:00:00,28528.0,28631.0,28084.0,28166.0,553.08098237
2023-05-01 16:00:00,28182.0,28394.0,27783.0,27821.0,880.9815032
2023-05-01 20:00:00,27809.0,28145.0,27666.0,28079.0,357.60644572
2023-05-02 00:00:00,28079.0,28141.0,27919.0,28020.0,50.18207996
2023-05-02 04:00:00,28024.0,28142.0,27876.0,28061.0,203.91268418
2023-05-02 08:00:00,28056.0,28125.0,27946.0,28082.0,191.64246009
2023-05-02 12:00:00,28087.0,28764.0,27923.0,28544.0,940.9386578
2023-05-02 16:00:00,28544.0,28894.0,28453.0,28708.0,326.19462299
2023-05-02 20:00:00,28705.0,28836.0,28639.0,28680.0,222.68598636
2023-05-03 00:00:00,28682.0,28708.0,28360.0,28533.0,176.17889424
2023-05-03 04:00:00,28532.0,28688.0,28453.0,28671.0,177.96038165
2023-05-03 08:00:00,28671.0,28780.0,28543.0,28563.0,277.09118905
2023-05-03 12:00:00,28560.0,28580.0,28138.0,28323.0,481.4285921
2023-05-03 16:00:00,28322.0,28782.0,28226.0,28331.0,1118.06808697
2023-05-03 20:00:00,28324.0,29276.0,28297.0,29033.0,607.72517245
2023-05-04 00:00:00,29043.0,29194.0,28969.0,29110.0,208.45248766
2023-05-04 04:00:00,29114.0,29242.0,29054.0,29072.0,193.99116042
2023-05-04 08:00:00,29072.0,29378.0,28999.0,29171.0,287.63145768
2023-05-04 12:00:00,29174.0,29245.0,28694.0,28879.0,576.05960344
2023-05-04 16:00:00,28882.0,28980.0,28691.0,28902.0,254.08634157
2023-05-04 20:00:00,28907.0,28932.0,28767.0,28851.0,136.05817825
2023-05-05 00:00:00,28860.0,29529.0,28841.0,29207.0,410.36578003
2023-05-05 04:00:00,29211.0,29292.0,29063.0,29083.0,141.20936459
2023-05-05 08:00:00,29082.0,29207.0,29048.0,29156.0,152.15860224
2023-05-05 12:00:00,29177.0,29456.0,28832.0,29385.0,655.890535
2023-05-05 16:00:00,29393.0,29701.0,29352.0,29586.0,484.68565461
2023-05-05 20:00:00,29589.0,29674.0,29482.0,29547.0,78.85980774
2023-05-06 00:00:00,29537.0,29851.0,29402.0,29403.0,233.83718668
2023-05-06 04:00:00,29403.0,29465.0,29311.0,29416.0,119.1667898
2023-05-06 08:00:00,29416.0,29419.0,29205.0,29305.0,256.88291008
2023-05-06 12:00:00,29309.0,29310.0,28422.0,28634.0,464.12577963
2023-05-06 16:00:00,28628.0,29018.0,28596.0,28905.0,181.76984251
2023-05-06 20:00:00,28919.0,28939.0,28718.0,28911.0,187.38923806
2023-05-07 00:00:00,28909.0,29194.0,28818.0,28865.0,266.86671135
2023-05-07 04:00:00,28863.0,28999.0,28863.0,28961.0,55.70894334
2023-05-07 08:00:00,28975.0,29002.0,28770.0,28885.0,163.9309512
2023-05-07 12:00:00,28891.0,29135.0,28887.0,28990.0,123.37204293
2023-05-07 16:00:00,28994.0,29058.0,28836.0,28950.0,180.27247648
2023-05-07 20:00:00,28957.0,28991.0,28444.0,28472.0,231.30603052
2023-05-08 00:00:00,28485.0,28667.0,28074.0,28230.0,513.39146166
2023-05-08 04:00:00,28228.0,28300.0,27872.0,28020.0,296.7083362
2023-05-08 08:00:00,28019.0,28023.0,27617.0,27965.0,411.72557408
2023-05-08 12:00:00,27967.0,28095.0,27709.0,27908.0,479.21828085
2023-05-08 16:00:00,27907.0,27953.0,27313.0,27363.0,951.00709778
2023-05-08 20:00:00,27358.0,27719.0,27290.0,27690.0,284.74838325
2023-05-09 00:00:00,27688.0,27763.0,27564.0,27651.0,146.1690943
2023-05-09 04:00:00,27644.0,27686.0,27461.0,27679.0,248.40247913
2023-05-09 08:00:00,27680.0,27736.0,27540.0,27693.0,241.36768866
2023-05-09 12:00:00,27692.0,27841.0,27395.0,27418.0,394.69188934
2023-05-09 16:00:00,27415.0,27753.0,27372.0,27723.0,412.55538117
2023-05-09 20:00:00,27729.0,27779.0,27545.0,27650.0,130.34423214
2023-05-10 00:00:00,27648.0,27855.0,27641.0,27700.0,175.48863497
2023-05-10 04:00:00,27699.0,27728.0,27544.0,27552.0,105.82583939
2023-05-10 08:00:00,27551.0,27686.0,27484.0,27686.0,222.66453728
2023-05-10 12:00:00,27688.0,28328.0,27651.0,28170.0,1032.86158932
2023-05-10 16:00:00,28181.0,28311.0,26842.0,27717.0,972.70598535
2023-05-10 20:00:00,27702.0,28000.0,27300.0,27618.0,339.39593669
2023-05-11 00:00:00,27624.0,27640.0,27395.0,27468.0,125.10064682
2023-05-11 04:00:00,27461.0,27567.0,27424.0,27471.0,132.22500442
2023-05-11 08:00:00,27468.0,27502.0,27310.0,27423.0,238.24512863
2023-05-11 12:00:00,27429.0,27637.0,26967.0,27195.0,1078.23444079
2023-05-11 16:00:00,27193.0,27232.0,26720.0,26852.0,404.86841555
2023-05-11 20:00:00,26854.0,27066.0,26822.0,26991.0,148.19745727
2023-05-12 00:00:00,26987.0,27093.0,26549.0,26595.0,368.40753915
2023-05-12 04:00:00,26597.0,26714.0,26100.0,26311.0,1629.06511718
2023-05-12 08:00:00,26321.0,26446.0,26249.0,26359.0,227.93250936
2023-05-12 12:00:00,26362.0,26611.0,26284.0,26327.0,560.66986069
2023-05-12 16:00:00,26330.0,26500.0,25800.0,26473.0,1415.4610995
2023-05-12 20:00:00,26484.0,26900.0,26367.0,26811.0,641.44633523
2023-05-13 00:00:00,26816.0,26994.0,26710.0,26824.0,169.85090334
2023-05-13 04:00:00,26836.0,26884.0,26711.0,26795.0,118.95029293
2023-05-13 08:00:00,26793.0,26881.0,26764.0,26842.0,99.25743356
2023-05-13 12:00:00,26837.0,26910.0,26759.0,26831.0,219.84525508
2023-05-13 16:00:00,26831.0,27052.0,26783.0,26853.0,426.77551349
2023-05-13 20:00:00,26869.0,26952.0,26770.0,26789.0,234.62524803
2023-05-14 00:00:00,26805.0,26884.0,26598.0,26876.0,194.08916186
2023-05-14 04:00:00,26883.0,26904.0,26809.0,26872.0,47.30170842
2023-05-14 08:00:00,26871.0,26894.0,26811.0,26817.0,87.63330269
2023-05-14 12:00:00,26822.0,27202.0,26762.0,27092.0,507.26531374
2023-05-14 16:00:00,27100.0,27140.0,26842.0,26891.0,310.52539598
2023-05-14 20:00:00,26890.0,26971.0,26854.0,26933.0,178.81933669
2023-05-15 00:00:00,26933.0,27300.0,26736.0,27244.0,455.04330303
2023-05-15 04:00:00,27260.0,27549.0,27191.0,27421.0,299.76141402
2023-05-15 08:00:00,27424.0,27494.0,27328.0,27343.0,142.5166432
2023-05-15 12:00:00,27348.0,27537.0,27235.0,27413.0,317.14845874
2023-05-15 16:00:00,27416.0,27666.0,27339.0,27413.0,341.57517365
2023-05-15 20:00:00,27424.0,27424.0,27121.0,27166.0,249.08457169
2023-05-16 00:00:00,27166.0,27297.0,26868.0,27135.0,374.09987466
2023-05-16 04:00:00,27143.0,27261.0,27010.0,27261.0,165.1690894
2023-05-16 08:00:00,27259.0,27300.0,27007.0,27065.0,267.09379729
2023-05-16 12:00:00,27069.0,27137.0,26913.0,27039.0,413.36877137
2023-05-16 16:00:00,27040.0,27146.0,26891.0,26934.0,377.80978545
2023-05-16 20:00:00,26933.0,27052.0,26897.0,27037.0,132.79631561
2023-05-17 00:00:00,27037.0,27243.0,26988.0,27062.0,174.87557284
2023-05-17 04:00:00,27063.0,27106.0,26778.0,26853.0,201.10484261
2023-05-17 08:00:00,26840.0,26908.0,26550.0,26633.0,685.41939926
2023-05-17 12:00:00,26635.0,26857.0,26554.0,26796.0,946.27718813
2023-05-17 16:00:00,26795.0,27440.0,26742.0,27375.0,467.04778993
2023-05-17 20:00:00,27409.0,27488.0,27272.0,27404.0,178.64282717
2023-05-18 00:00:00,27413.0,27481.0,27298.0,27357.0,91.26913159
2023-05-18 04:00:00,27367.0,27449.0,27158.0,27399.0,327.03542637
2023-05-18 08:00:00,27395.0,27438.0,27340.0,27402.0,177.75364878
2023-05-18 12:00:00,27403.0,27467.0,27052.0,27081.0,501.38434845
2023-05-18 16:00:00,27078.0,27112.0,26374.0,26755.0,726.56896937
2023-05-18 20:00:00,26726.0,27057.0,26698.0,26818.0,163.5652613
2023-05-19 00:00:00,26824.0,26926.0,26756.0,26837.0,170.37753319
2023-05-19 04:00:00,26838.0,26959.0,26815.0,26863.0,99.8371346
2023-05-19 08:00:00,26861.0,26929.0,26803.0,26862.0,132.1469079
2023-05-19 12:00:00,26869.0,27176.0,26651.0,26891.0,746.48363951
2023-05-19 16:00:00,26890.0,26970.0,26789.0,26836.0,84.27539354
2023-05-19 20:00:00,26838.0,26913.0,26815.0,26893.0,44.11213947
2023-05-20 00:00:00,26889.0,26910.0,26840.0,26870.0,69.22644113
2023-05-20 04:00:00,26875.0,26881.0,26850.0,26863.0,21.93058693
2023-05-20 08:00:00,26863.0,26923.0,26863.0,26891.0,79.6097508
2023-05-20 12:00:00,26897.0,26978.0,26888.0,26959.0,108.24531087
2023-05-20 16:00:00,26959.0,27153.0,26926.0,27075.0,223.31934117
2023-05-20 20:00:00,27082.0,27139.0,26983.0,27115.0,100.68796602
2023-05-21 00:00:00,27123.0,27277.0,27070.0,27189.0,94.54247537
2023-05-21 04:00:00,27191.0,27191.0,27064.0,27072.0,45.40505741
2023-05-21 08:00:00,27070.0,27091.0,26800.0,26838.0,187.97955416
2023-05-21 12:00:00,26833.0,26984.0,26819.0,26911.0,119.52266018
2023-05-21 16:00:00,26912.0,26944.0,26847.0,26913.0,38.93289409
2023-05-21 20:00:00,26921.0,26935.0,26688.0,26750.0,167.76479738
2023-05-22 00:00:00,26753.0,26785.0,26547.0,26652.0,254.92021418
2023-05-22 04:00:00,26653.0,26916.0,26650.0,26846.0,112.52859234
2023-05-22 08:00:00,26846.0,26900.0,26777.0,26832.0,89.09822262
2023-05-22 12:00:00,26827.0,27078.0,26711.0,26871.0,443.30560947
2023-05-22 16:00:00,26874.0,26921.0,26788.0,26856.0,103.63752761
2023-05-22 20:00:00,26856.0,26953.0,26833.0,26856.0,108.38372169
2023-05-23 00:00:00,26854.0,27415.0,26810.0,27368.0,430.78260892
2023-05-23 04:00:00,27379.0,27478.0,27220.0,27306.0,252.96242264
2023-05-23 08:00:00,27310.0,27346.0,27259.0,27335.0,102.95176312
2023-05-23 12:00:00,27335.0,27386.0,27187.0,27323.0,205.39602544
2023-05-23 16:00:00,27324.0,27332.0,27111.0,27195.0,143.02819569
2023-05-23 20:00:00,27187.0,27254.0,27158.0,27226.0,39.2986183
2023-05-24 00:00:00,27225.0,27225.0,26678.0,26790.0,279.63512516
2023-05-24 04:00:00,26773.0,26829.0,26623.0,26674.0,347.26452998
2023-05-24 08:00:00,26676.0,26832.0,26676.0,26735.0,107.33345728
2023-05-24 12:00:00,26743.0,26743.0,26076.0,26312.0,1048.41624102
2023-05-24 16:00:00,26311.0,26392.0,26162.0,26246.0,260.57579755
2023-05-24 20:00:00,26243.0,26478.0,26239.0,26325.0,171.31870982
2023-05-25 00:00:00,26325.0,26381.0,25878.0,26175.0,542.86295154
2023-05-25 04:00:00,26172.0,26281.0,26127.0,26127.0,165.37737213
2023-05-25 08:00:00,26130.0,26326.0,26127.0,26295.0,160.9112719
2023-05-25 12:00:00,26295.0,26471.0,26172.0,26220.0,367.62187656
2023-05-25 16:00:00,26221.0,26611.0,26207.0,26467.0,310.14324265
2023-05-25 20:00:00,26474.0,26552.0,26439.0,26478.0,99.90912312
2023-05-26 00:00:00,26486.0,26534.0,26367.0,26441.0,173.09087609
2023-05-26 04:00:00,26442.0,26537.0,26338.0,26508.0,157.51518687
2023-05-26 08:00:00,26509.0,26547.0,26430.0,26467.0,96.28564133
2023-05-26 12:00:00,26466.0,26937.0,26365.0,26762.0,818.49271972
2023-05-26 16:00:00,26767.0,26845.0,26625.0,26775.0,322.02934533
2023-05-26 20:00:00,26782.0,26818.0,26701.0,26718.0,98.68860301
2023-05-27 00:00:00,26716.0,26784.0,26648.0,26761.0,82.68863302
2023-05-27 04:00:00,26766.0,26794.0,26718.0,26736.0,72.98209624
2023-05-27 08:00:00,26735.0,26738.0,26677.0,26708.0,77.68262039
2023-05-27 12:00:00,26707.0,26782.0,26566.0,26693.0,142.04175254
2023-05-27 16:00:00,26695.0,26842.0,26635.0,26743.0,165.36788811
2023-05-27 20:00:00,26743.0,26893.0,26737.0,26872.0,95.70089584
2023-05-28 00:00:00,26875.0,27246.0,26785.0,27193.0,408.68804462
2023-05-28 04:00:00,27213.0,27290.0,27138.0,27221.0,74.66633206
2023-05-28 08:00:00,27236.0,27320.0,27151.0,27166.0,153.72744172
2023-05-28 12:00:00,27170.0,27280.0,27111.0,27280.0,174.8650498
2023-05-28 16:00:00,27280.0,27726.0,27225.0,27531.0,393.72383631
2023-05-28 20:00:00,27531.0,28248.0,27531.0,28072.0,459.97852183
2023-05-29 00:00:00,28071.0,28452.0,27928.0,27959.0,398.39960871
2023-05-29 04:00:00,27962.0,28058.0,27826.0,27912.0,92.91107481
2023-05-29 08:00:00,27912.0,27975.0,27762.0,27920.0,167.69865449
2023-05-29 12:00:00,27922.0,27958.0,27603.0,27640.0,386.46145658
2023-05-29 16:00:00,27638.0,27734.0,27542.0,27649.0,479.52003671
2023-05-29 20:00:00,27641.0,27819.0,27580.0,27749.0,159.68750242
2023-05-30 00:00:00,27748.0,27941.0,27603.0,27840.0,179.64946451
2023-05-30 04:00:00,27842.0,27859.0,27687.0,27737.0,146.13007278
2023-05-30 08:00:00,27737.0,28054.0,27728.0,28043.0,426.69102482
2023-05-30 12:00:00,28044.0,28044.0,27627.0,27680.0,450.06135015
2023-05-30 16:00:00,27680.0,27872.0,27570.0,27861.0,232.41778386
2023-05-30 20:00:00,27863.0,27873.0,27667.0,27706.0,132.60147895
2023-05-31 00:00:00,27701.0,27840.0,27593.0,27664.0,231.32100881
2023-05-31 04:00:00,27666.0,27684.0,26991.0,27176.0,568.03144853
2023-05-31 08:00:00,27175.0,27210.0,27008.0,27103.0,123.04581869
2023-05-31 12:00:00,27099.0,27227.0,26858.0,26919.0,532.5358807
2023-05-31 16:00:00,26912.0,27122.0,26857.0,27020.0,212.68572552
2023-05-31 20:00:00,27024.0,27298.0,27013.0,27219.0,195.85637042
2023-06-01 00:00:00,27220.0,27356.0,26625.0,26782.0,567.19772307
2023-06-01 04:00:00,26786.0,26889.0,26761.0,26808.0,190.4121236
2023-06-01 08:00:00,26804.0,26953.0,26793.0,26895.0,161.55900241
2023-06-01 12:00:00,26895.0,26975.0,26804.0,26893.0,376.5968257
2023-06-01 16:00:00,26900.0,27170.0,26675.0,26867.0,532.91211669
2023-06-01 20:00:00,26876.0,26949.0,26727.0,26826.0,175.67941118
2023-06-02 00:00:00,26821.0,27017.0,26519.0,27012.0,367.8203406
2023-06-02 04:00:00,27004.0,27213.0,26961.0,27057.0,195.95334112
2023-06-02 08:00:00,27056.0,27187.0,27056.0,27138.0,155.33205632
2023-06-02 12:00:00,27137.0,27241.0,26885.0,27100.0,569.90211336
2023-06-02 16:00:00,27097.0,27294.0,27008.0,27241.0,243.93453847
2023-06-02 20:00:00,27248.0,27300.0,27151.0,27251.0,138.49206613
2023-06-03 00:00:00,27250.0,27250.0,27112.0,27152.0,98.12054154
2023-06-03 04:00:00,27152.0,27217.0,27124.0,27185.0,63.59994941
2023-06-03 08:00:00,27182.0,27188.0,27125.0,27145.0,92.4621957
2023-06-03 12:00:00,27146.0,27332.0,27142.0,27311.0,167.79618535
2023-06-03 16:00:00,27312.0,27328.0,27050.0,27109.0,207.64464693
2023-06-03 20:00:00,27103.0,27134.0,26937.0,27076.0,142.7984129
2023-06-04 00:00:00,27072.0,27104.0,26963.0,27067.0,85.73690697
2023-06-04 04:00:00,27069.0,27169.0,27036.0,27149.0,73.30674966
2023-06-04 08:00:00,27158.0,27250.0,27128.0,27205.0,63.44615392
2023-06-04 12:00:00,27202.0,27302.0,27173.0,27190.0,138.85347752
2023-06-04 16:00:00,27192.0,27228.0,27171.0,27223.0,35.92528569
2023-06-04 20:00:00,27223.0,27451.0,27060.0,27125.0,392.63099034
2023-06-05 00:00:00,27114.0,27138.0,26813.0,26853.0,266.68685322
2023-06-05 04:00:00,26841.0,26884.0,26760.0,26844.0,159.680933
2023-06-05 08:00:00,26842.0,26851.0,26683.0,26777.0,185.41909496
2023-06-05 12:00:00,26778.0,26817.0,25999.0,25999.0,1090.48393152
2023-06-05 16:00:00,25999.0,26076.0,25389.0,25625.0,1815.07667138
2023-06-05 20:00:00,25618.0,25863.0,25520.0,25739.0,320.24283856
2023-06-06 00:00:00,25730.0,25791.0,25615.0,25734.0,241.35711877
2023-06-06 04:00:00,25735.0,25821.0,25725.0,25739.0,139.90785574
2023-06-06 08:00:00,25743.0,25798.0,25653.0,25694.0,222.51984921
2023-06-06 12:00:00,25695.0,26132.0,25350.0,26074.0,1725.4142099
2023-06-06 16:00:00,26082.0,27223.0,26075.0,27099.0,1209.26830119
2023-06-06 20:00:00,27109.0,27357.0,26897.0,27236.0,426.74426961
2023-06-07 00:00:00,27252.0,27388.0,26737.0,26904.0,431.74923537
2023-06-07 04:00:00,26909.0,26996.0,26766.0,26795.0,412.86297461
2023-06-07 08:00:00,26802.0,26968.0,26367.0,26898.0,596.01557664
2023-06-07 12:00:00,26900.0,26915.0,26269.0,26346.0,811.60127238
2023-06-07 16:00:00,26342.0,26551.0,26250.0,26474.0,405.19482224
2023-06-07 20:00:00,26481.0,26490.0,26140.0,26348.0,339.38107539
2023-06-08 00:00:00,26347.0,26471.0,26225.0,26348.0,278.4355754
2023-06-08 04:00:00,26347.0,26516.0,26295.0,26444.0,147.99812449
2023-06-08 08:00:00,26444.0,26500.0,26370.0,26438.0,123.35229589
2023-06-08 12:00:00,26448.0,26809.0,26310.0,26729.0,466.19455531
2023-06-08 16:00:00,26730.0,26738.0,26433.0,26546.0,320.09466685
2023-06-08 20:00:00,26537.0,26653.0,26498.0,26510.0,194.35032418
2023-06-09 00:00:00,26507.0,26600.0,26289.0,26492.0,267.51943699
2023-06-09 04:00:00,26486.0,26576.0,26425.0,26502.0,94.00957425
2023-06-09 08:00:00,26500.0,26683.0,26498.0,26615.0,176.54856004
2023-06-09 12:00:00,26614.0,26778.0,26457.0,26473.0,251.28260125
2023-06-09 16:00:00,26469.0,26526.0,26377.0,26405.0,144.4831734
2023-06-09 20:00:00,26406.0,26497.0,26390.0,26484.0,125.95512415
2023-06-10 00:00:00,26486.0,26528.0,26272.0,26325.0,270.85454971
2023-06-10 04:00:00,26325.0,26352.0,25483.0,25662.0,1131.13094066
2023-06-10 08:00:00,25665.0,25758.0,25582.0,25749.0,235.76291249
2023-06-10 12:00:00,25745.0,25745.0,25583.0,25647.0,394.49859586
2023-06-10 16:00:00,25646.0,26159.0,25420.0,25761.0,849.78156946
2023-06-10 20:00:00,25760.0,25943.0,25697.0,25857.0,192.51371606
2023-06-11 00:00:00,25857.0,25875.0,25717.0,25745.0,129.3545118
2023-06-11 04:00:00,25743.0,25848.0,25657.0,25753.0,131.59347227
2023-06-11 08:00:00,25753.0,25852.0,25714.0,25815.0,111.74316827
2023-06-11 12:00:00,25818.0,25818.0,25698.0,25770.0,102.55062073
2023-06-11 16:00:00,25765.0,26112.0,25755.0,26046.0,243.68368132
2023-06-11 20:00:00,26048.0,26209.0,25769.0,25941.0,302.06692602
2023-06-12 00:00:00,25940.0,26030.0,25634.0,25800.0,302.5869943
2023-06-12 04:00:00,25801.0,25912.0,25756.0,25816.0,139.49834022
2023-06-12 08:00:00,25816.0,26103.0,25792.0,25997.0,363.16596178
2023-06-12 12:00:00,26000.0,26000.0,25748.0,25826.0,388.65298955
2023-06-12 16:00:00,25826.0,25954.0,25660.0,25821.0,435.81385323
2023-06-12 20:00:00,25820.0,25959.0,25804.0,25906.0,131.30730985
2023-06-13 00:00:00,25906.0,26145.0,25823.0,26055.0,335.87978607
2023-06-13 04:00:00,26060.0,26127.0,25980.0,26073.0,123.91488979
2023-06-13 08:00:00,26073.0,26269.0,26054.0,26193.0,300.86653612
2023-06-13 12:00:00,26186.0,26422.0,25718.0,25753.0,834.98815344
2023-06-13 16:00:00,25733.0,25966.0,25733.0,25896.0,198.55695743
2023-06-13 20:00:00,25894.0,25954.0,25807.0,25934.0,101.76164407
2023-06-14 00:00:00,25935.0,26045.0,25908.0,25977.0,178.45029392
2023-06-14 04:00:00,25977.0,26003.0,25838.0,25900.0,184.20676663
2023-06-14 08:00:00,25899.0,26024.0,25886.0,25979.0,212.33906991
2023-06-14 12:00:00,25978.0,26070.0,25924.0,25981.0,312.82143749
2023-06-14 16:00:00,25976.0,26078.0,25764.0,25871.0,614.88301601
2023-06-14 20:00:00,25865.0,25870.0,24819.0,25127.0,1244.42810918
2023-06-15 00:00:00,25125.0,25200.0,25027.0,25053.0,84.46189612
2023-06-15 04:00:00,25053.0,25053.0,24813.0,24919.0,553.63137563
2023-06-15 08:00:00,24919.0,25000.0,24756.0,24968.0,408.05388178
2023-06-15 12:00:00,24976.0,25045.0,24873.0,24929.0,727.07762326
2023-06-15 16:00:00,24929.0,25488.0,24889.0,25439.0,449.56512157
2023-06-15 20:00:00,25435.0,25729.0,25210.0,25573.0,657.65250986
2023-06-16 00:00:00,25567.0,25576.0,25426.0,25538.0,125.28426588
2023-06-16 04:00:00,25538.0,25601.0,25455.0,25509.0,214.45760483
2023-06-16 08:00:00,25509.0,25604.0,25444.0,25449.0,172.9984401
2023-06-16 12:00:00,25445.0,25847.0,25188.0,25785.0,919.82366523
2023-06-16 16:00:00,25805.0,26485.0,25749.0,26364.0,1046.02358817
2023-06-16 20:00:00,26362.0,26433.0,26274.0,26333.0,78.25282903
2023-06-17 00:00:00,26333.0,26355.0,26173.0,26250.0,134.63758911
2023-06-17 04:00:00,26251.0,26785.0,26235.0,26582.0,443.96346284
2023-06-17 08:00:00,26577.0,26638.0,26471.0,26492.0,79.38517827
2023-06-17 12:00:00,26491.0,26561.0,26305.0,26407.0,242.28873198
2023-06-17 16:00:00,26405.0,26522.0,26376.0,26465.0,157.00143766
2023-06-17 20:00:00,26471.0,26583.0,26460.0,26507.0,98.2088267
2023-06-18 00:00:00,26513.0,26535.0,26386.0,26535.0,100.74471932
2023-06-18 04:00:00,26535.0,26659.0,26472.0,26578.0,248.54938638
2023-06-18 08:00:00,26592.0,26592.0,26453.0,26496.0,49.31798873
2023-06-18 12:00:00,26496.0,26563.0,26447.0,26555.0,122.93199269
2023-06-18 16:00:00,26555.0,26647.0,26527.0,26643.0,168.02397528
2023-06-18 20:00:00,26643.0,26685.0,26267.0,26340.0,316.14633582
2023-06-19 00:00:00,26336.0,26466.0,26260.0,26393.0,30.85265997
2023-06-19 04:00:00,26396.0,26471.0,26366.0,26421.0,118.92306175
2023-06-19 08:00:00,26420.0,26452.0,26363.0,26439.0,185.8451757
2023-06-19 12:00:00,26439.0,26566.0,26345.0,26432.0,379.30570037
2023-06-19 16:00:00,26432.0,27050.0,26300.0,26668.0,870.47702806
2023-06-19 20:00:00,26686.0,26849.0,26651.0,26842.0,243.561615
2023-06-20 00:00:00,26840.0,27166.0,26797.0,26891.0,266.5221675
2023-06-20 04:00:00,26897.0,27025.0,26750.0,26827.0,186.39820356
2023-06-20 08:00:00,26832.0,26881.0,26700.0,26881.0,118.24866975
2023-06-20 12:00:00,26881.0,27121.0,26651.0,27071.0,456.4562463
2023-06-20 16:00:00,27076.0,28149.0,27001.0,28002.0,1265.38381845
2023-06-20 20:00:00,28004.0,28441.0,27883.0,28315.0,830.50475756
2023-06-21 00:00:00,28316.0,29014.0,28280.0,28723.0,1001.16235066
2023-06-21 04:00:00,28703.0,29008.0,28673.0,28872.0,267.4823881
2023-06-21 08:00:00,28870.0,29257.0,28800.0,28940.0,913.51075753
2023-06-21 12:00:00,28940.0,30000.0,28884.0,29850.0,1557.81606596
2023-06-21 16:00:00,29854.0,30755.0,29768.0,30127.0,1907.50627442
2023-06-21 20:00:00,30137.0,30197.0,29832.0,30009.0,396.16533047
2023-06-22 00:00:00,30010.0,30505.0,29905.0,30304.0,546.71807359
2023-06-22 04:00:00,30301.0,30357.0,30011.0,30103.0,211.14790871
2023-06-22 08:00:00,30103.0,30244.0,29842.0,29933.0,500.24560295
2023-06-22 12:00:00,29934.0,30353.0,29600.0,29866.0,1174.84907553
2023-06-22 16:00:00,29866.0,30262.0,29845.0,30224.0,684.86516008
2023-06-22 20:00:00,30225.0,30271.0,29889.0,29889.0,659.60567761
2023-06-23 00:00:00,29891.0,30056.0,29820.0,30018.0,243.34848322
2023-06-23 04:00:00,30023.0,30087.0,29937.0,29948.0,394.56490689
2023-06-23 08:00:00,29948.0,30193.0,29921.0,30154.0,373.85134815
2023-06-23 12:00:00,30150.0,31458.0,29940.0,31243.0,1582.97856104
2023-06-23 16:00:00,31242.0,31419.0,30639.0,30905.0,1385.83081616
2023-06-23 20:00:00,30914.0,30967.0,30500.0,30716.0,407.81150828
2023-06-24 00:00:00,30703.0,30821.0,30436.0,30752.0,128.58787664
2023-06-24 04:00:00,30751.0,30777.0,30572.0,30581.0,56.57625977
2023-06-24 08:00:00,30579.0,30762.0,30576.0,30694.0,193.06852841
2023-06-24 12:00:00,30695.0,30810.0,30380.0,30415.0,403.21063772
2023-06-24 16:00:00,30421.0,30713.0,30287.0,30646.0,298.39336574
2023-06-24 20:00:00,30642.0,30642.0,30450.0,30548.0,131.89828633
2023-06-25 00:00:00,30550.0,30786.0,30484.0,30761.0,109.79608765
2023-06-25 04:00:00,30766.0,31047.0,30694.0,30743.0,539.00791183
2023-06-25 08:00:00,30742.0,30776.0,30600.0,30721.0,123.07305673
2023-06-25 12:00:00,30725.0,30742.0,30483.0,30596.0,320.83394054
2023-06-25 16:00:00,30594.0,30659.0,30344.0,30443.0,148.15214994
2023-06-25 20:00:00,30440.0,30572.0,30295.0,30477.0,239.40800118
2023-06-26 00:00:00,30480.0,30564.0,29993.0,30301.0,511.23670656
2023-06-26 04:00:00,30296.0,30574.0,30179.0,30410.0,255.00033499
2023-06-26 08:00:00,30409.0,30430.0,30143.0,30327.0,132.61778754
2023-06-26 12:00:00,30328.0,30657.0,30268.0,30425.0,517.58141076
2023-06-26 16:00:00,30413.0,30429.0,29941.0,30254.0,576.88566796
2023-06-26 20:00:00,30272.0,30299.0,30117.0,30274.0,68.75733577
2023-06-27 00:00:00,30278.0,30494.0,30235.0,30374.0,183.29740985
2023-06-27 04:00:00,30378.0,30471.0,30236.0,30410.0,108.49281589
2023-06-27 08:00:00,30420.0,30772.0,30339.0,30726.0,335.20512108
2023-06-27 12:00:00,30732.0,31025.0,30400.0,30500.0,843.14726881
2023-06-27 16:00:00,30508.0,30767.0,30464.0,30679.0,379.10792268
2023-06-27 20:00:00,30678.0,30736.0,30570.0,30696.0,238.30752657
2023-06-28 00:00:00,30697.0,30712.0,30355.0,30458.0,203.67689418
2023-06-28 04:00:00,30456.0,30486.0,30166.0,30186.0,245.86270419
2023-06-28 08:00:00,30186.0,30388.0,30152.0,30314.0,109.21254668
2023-06-28 12:00:00,30313.0,30490.0,30013.0,30415.0,626.00643186
2023-06-28 16:00:00,30417.0,30464.0,29868.0,30095.0,481.10071186
2023-06-28 20:00:00,30094.0,30201.0,29954.0,30079.0,201.68637621
2023-06-29 00:00:00,30078.0,30252.0,30041.0,30164.0,105.57297833
2023-06-29 04:00:00,30165.0,30406.0,30137.0,30330.0,161.77767543
2023-06-29 08:00:00,30337.0,30748.0,30333.0,30664.0,319.55886302
2023-06-29 12:00:00,30665.0,30825.0,30410.0,30473.0,599.11503049
2023-06-29 16:00:00,30473.0,30653.0,30411.0,30585.0,406.99996152
2023-06-29 20:00:00,30584.0,30641.0,30256.0,30444.0,331.59383571
2023-06-30 00:00:00,30445.0,30850.0,30350.0,30734.0,261.54713881
2023-06-30 04:00:00,30735.0,31268.0,30618.0,30760.0,630.26470769
2023-06-30 08:00:00,30760.0,30929.0,30707.0,30906.0,208.83933367
2023-06-30 12:00:00,30902.0,31119.0,29508.0,30066.0,2944.72267707
2023-06-30 16:00:00,30066.0,30701.0,29925.0,30368.0,788.85599155
2023-06-30 20:00:00,30364.0,30532.0,30339.0,30469.0,110.16028936
2023-07-01 00:00:00,30469.0,30529.0,30369.0,30393.0,140.8344978
2023-07-01 04:00:00,30392.0,30461.0,30321.0,30459.0,77.54957074
2023-07-01 08:00:00,30461.0,30589.0,30420.0,30523.0,80.38581836
2023-07-01 12:00:00,30525.0,30647.0,30506.0,30572.0,137.96690884
2023-07-01 16:00:00,30570.0,30633.0,30545.0,30617.0,70.63561984
2023-07-01 20:00:00,30616.0,30618.0,30558.0,30592.0,96.56242392
2023-07-02 00:00:00,30590.0,30644.0,30472.0,30514.0,175.4935661
2023-07-02 04:00:00,30509.0,30553.0,30472.0,30507.0,39.85182757
2023-07-02 08:00:00,30506.0,30545.0,30488.0,30538.0,57.85615435
2023-07-02 12:00:00,30538.0,30620.0,30175.0,30495.0,432.1086836
2023-07-02 16:00:00,30496.0,30681.0,30370.0,30564.0,135.41029406
2023-07-02 20:00:00,30564.0,30785.0,30439.0,30616.0,250.68145478
2023-07-03 00:00:00,30616.0,30857.0,30594.0,30760.0,167.67979578
2023-07-03 04:00:00,30760.0,30794.0,30608.0,30676.0,137.38309463
2023-07-03 08:00:00,30673.0,30696.0,30587.0,30624.0,163.59694827
2023-07-03 12:00:00,30660.0,31160.0,30613.0,31064.0,459.51852534
2023-07-03 16:00:00,31070.0,31378.0,30830.0,31258.0,466.46341596
2023-07-03 20:00:00,31259.0,31300.0,30915.0,31158.0,154.85166259
2023-07-04 00:00:00,31165.0,31327.0,31110.0,31198.0,129.12691555
2023-07-04 04:00:00,31205.0,31217.0,30900.0,30915.0,162.61029458
2023-07-04 08:00:00,30913.0,31084.0,30884.0,31074.0,142.82285357
2023-07-04 12:00:00,31074.0,31083.0,30899.0,30962.0,120.85540575
2023-07-04 16:00:00,30961.0,31111.0,30637.0,30708.0,255.35128612
2023-07-04 20:00:00,30700.0,30829.0,30683.0,30771.0,37.7577541
2023-07-05 00:00:00,30767.0,30855.0,30757.0,30853.0,61.68112587
2023-07-05 04:00:00,30855.0,30866.0,30763.0,30770.0,64.06070464
2023-07-05 08:00:00,30762.0,30781.0,30359.0,30406.0,423.81109607
2023-07-05 12:00:00,30398.0,30439.0,30206.0,30356.0,309.5670603
2023-07-05 16:00:00,30353.0,30591.0,30337.0,30439.0,183.83187392
2023-07-05 20:00:00,30439.0,30538.0,30400.0,30501.0,136.53748988
2023-07-06 00:00:00,30498.0,30556.0,30323.0,30499.0,124.09558904
2023-07-06 04:00:00,30497.0,30857.0,30448.0,30807.0,172.7527014
2023-07-06 08:00:00,30823.0,31500.0,30720.0,30850.0,795.33896807
2023-07-06 12:00:00,30852.0,30886.0,29925.0,30411.0,1037.7434449
2023-07-06 16:00:00,30409.0,30470.0,30172.0,30313.0,430.07953613
2023-07-06 20:00:00,30311.0,30348.0,29868.0,29912.0,527.62355684
2023-07-07 00:00:00,29901.0,30166.0,29722.0,30143.0,379.40678563
2023-07-07 04:00:00,30143.0,30297.0,29944.0,30013.0,299.82307803
2023-07-07 08:00:00,30006.0,30199.0,29972.0,30125.0,210.77162653
2023-07-07 12:00:00,30130.0,30445.0,30058.0,30396.0,617.67175473
2023-07-07 16:00:00,30400.0,30443.0,30123.0,30244.0,190.73139104
2023-07-07 20:00:00,30248.0,30348.0,30219.0,30348.0,188.06638226
2023-07-08 00:00:00,30348.0,30383.0,30264.0,30281.0,93.18294118
2023-07-08 04:00:00,30280.0,30287.0,30156.0,30201.0,53.29695775
2023-07-08 08:00:00,30203.0,30311.0,30163.0,30200.0,141.2406157
2023-07-08 12:00:00,30197.0,30243.0,30163.0,30213.0,76.78923938
2023-07-08 16:00:00,30218.0,30312.0,30056.0,30117.0,158.41482575
2023-07-08 20:00:00,30115.0,30293.0,30067.0,30293.0,80.06940275
2023-07-09 00:00:00,30293.0,30404.0,30260.0,30292.0,148.12280936
2023-07-09 04:00:00,30292.0,30309.0,30241.0,30273.0,52.79877065
2023-07-09 08:00:00,30273.0,30312.0,30257.0,30280.0,60.72607831
2023-07-09 12:00:00,30280.0,30439.0,30200.0,30359.0,235.5008129
2023-07-09 16:00:00,30355.0,30355.0,30219.0,30249.0,52.13837542
2023-07-09 20:00:00,30249.0,30261.0,30073.0,30167.0,91.19793261
2023-07-10 00:00:00,30170.0,30239.0,29964.0,30156.0,316.87453538
2023-07-10 04:00:00,30155.0,30159.0,30059.0,30116.0,98.63359869
2023-07-10 08:00:00,30117.0,30243.0,30010.0,30238.0,124.86985189
2023-07-10 12:00:00,30243.0,30356.0,30153.0,30317.0,341.17893799
2023-07-10 16:00:00,30320.0,30840.0,30245.0,30840.0,460.01683227
2023-07-10 20:00:00,30840.0,31037.0,30221.0,30421.0,557.91175092
2023-07-11 00:00:00,30417.0,30597.0,30375.0,30482.0,215.93580124
2023-07-11 04:00:00,30482.0,30652.0,30439.0,30533.0,102.97587301
2023-07-11 08:00:00,30544.0,30565.0,30359.0,30414.0,108.77409914
2023-07-11 12:00:00,30411.0,30804.0,30310.0,30599.0,458.31580378
2023-07-11 16:00:00,30595.0,30692.0,30421.0,30582.0,316.24171506
2023-07-11 20:00:00,30582.0,30645.0,30507.0,30621.0,72.7755327
2023-07-12 00:00:00,30631.0,30666.0,30508.0,30598.0,154.41515383
2023-07-12 04:00:00,30598.0,30840.0,30570.0,30740.0,129.8535371
2023-07-12 08:00:00,30745.0,30798.0,30662.0,30779.0,150.55414846
2023-07-12 12:00:00,30772.0,30960.0,30476.0,30509.0,892.08470516
2023-07-12 16:00:00,30507.0,30536.0,30219.0,30278.0,263.52330973
2023-07-12 20:00:00,30277.0,30414.0,30241.0,30382.0,144.18891456
2023-07-13 00:00:00,30383.0,30428.0,30279.0,30298.0,142.45641149
2023-07-13 04:00:00,30295.0,30417.0,30259.0,30364.0,85.79951474
2023-07-13 08:00:00,30363.0,30630.0,30346.0,30546.0,234.1557603
2023-07-13 12:00:00,30546.0,31175.0,30470.0,30920.0,775.07413224
2023-07-13 16:00:00,30925.0,31818.0,30733.0,31637.0,1306.08861607
2023-07-13 20:00:00,31637.0,31708.0,31040.0,31471.0,494.83641629
2023-07-14 00:00:00,31474.0,31635.0,31353.0,31474.0,287.69947778
2023-07-14 04:00:00,31472.0,31481.0,31091.0,31109.0,226.16979922
2023-07-14 08:00:00,31109.0,31291.0,31098.0,31220.0,279.73026758
2023-07-14 12:00:00,31221.0,31366.0,31070.0,31258.0,364.87130144
2023-07-14 16:00:00,31247.0,31286.0,29961.0,30122.0,1131.9899106
2023-07-14 20:00:00,30137.0,30331.0,30006.0,30331.0,397.42422444
2023-07-15 00:00:00,30328.0,30403.0,30260.0,30310.0,86.15152689
2023-07-15 04:00:00,30309.0,30370.0,30278.0,30349.0,96.32613031
2023-07-15 08:00:00,30348.0,30381.0,30298.0,30323.0,88.6110246
2023-07-15 12:00:00,30322.0,30374.0,30269.0,30316.0,64.85009948
2023-07-15 16:00:00,30315.0,30364.0,30273.0,30340.0,98.32945788
2023-07-15 20:00:00,30340.0,30340.0,30283.0,30301.0,48.96263259
2023-07-16 00:00:00,30300.0,30337.0,30067.0,30198.0,220.07052102
2023-07-16 04:00:00,30203.0,30321.0,30141.0,30277.0,118.02221712
2023-07-16 08:00:00,30273.0,30355.0,30272.0,30319.0,82.07779907
2023-07-16 12:00:00,30320.0,30442.0,30294.0,30393.0,295.57637263
2023-07-16 16:00:00,30385.0,30420.0,30224.0,30260.0,118.50478385
2023-07-16 20:00:00,30268.0,30370.0,30153.0,30253.0,165.42408817
2023-07-17 00:00:00,30247.0,30341.0,30201.0,30320.0,153.70744287
2023-07-17 04:00:00,30321.0,30335.0,30253.0,30297.0,90.11838908
2023-07-17 08:00:00,30296.0,30333.0,29997.0,30175.0,334.88701981
2023-07-17 12:00:00,30174.0,30308.0,30041.0,30181.0,262.60144944
2023-07-17 16:00:00,30182.0,30243.0,29675.0,29901.0,711.8152021
2023-07-17 20:00:00,29893.0,30293.0,29889.0,30154.0,257.4828166
2023-07-18 00:00:00,30144.0,30244.0,30084.0,30084.0,78.89416261
2023-07-18 04:00:00,30084.0,30123.0,29930.0,29972.0,188.39116074
2023-07-18 08:00:00,29965.0,30105.0,29818.0,29888.0,330.20419073
2023-07-18 12:00:00,29887.0,30022.0,29700.0,29903.0,530.48075749
2023-07-18 16:00:00,29903.0,29960.0,29521.0,29719.0,376.50065176
2023-07-18 20:00:00,29712.0,29868.0,29694.0,29868.0,132.79612015
2023-07-19 00:00:00,29862.0,30083.0,29845.0,30066.0,198.63013211
2023-07-19 04:00:00,30071.0,30188.0,29980.0,30011.0,144.28890718
2023-07-19 08:00:00,30007.0,30044.0,29878.0,30012.0,165.61172549
2023-07-19 12:00:00,30016.0,30122.0,29757.0,29952.0,631.28828785
2023-07-19 16:00:00,29964.0,30098.0,29870.0,30047.0,158.84566154
2023-07-19 20:00:00,30045.0,30055.0,29838.0,29919.0,148.21951251
2023-07-20 00:00:00,29917.0,30050.0,29890.0,29952.0,116.85328545
2023-07-20 04:00:00,29955.0,30233.0,29933.0,30209.0,190.15723639
2023-07-20 08:00:00,30210.0,30414.0,30177.0,30289.0,254.12599667
2023-07-20 12:00:00,30289.0,30313.0,29631.0,29807.0,419.06673039
2023-07-20 16:00:00,29807.0,29871.0,29567.0,29752.0,347.05045083
2023-07-20 20:00:00,29752.0,29882.0,29669.0,29806.0,104.10825623
2023-07-21 00:00:00,29806.0,29947.0,29735.0,29896.0,178.32854236
2023-07-21 04:00:00,29897.0,29906.0,29758.0,29765.0,116.62520287
2023-07-21 08:00:00,29763.0,29853.0,29736.0,29779.0,120.49101023
2023-07-21 12:00:00,29779.0,29911.0,29774.0,29860.0,349.31935255
2023-07-21 16:00:00,29859.0,30051.0,29773.0,29874.0,304.66168593
2023-07-21 20:00:00,29876.0,29968.0,29833.0,29908.0,128.30806024
2023-07-22 00:00:00,29908.0,29995.0,29899.0,29908.0,118.51712577
2023-07-22 04:00:00,29909.0,29990.0,29850.0,29946.0,95.76817804
2023-07-22 08:00:00,29950.0,29979.0,29879.0,29896.0,71.47651709
2023-07-22 12:00:00,29894.0,29911.0,29837.0,29909.0,90.90136892
2023-07-22 16:00:00,29905.0,29918.0,29810.0,29841.0,83.53591895
2023-07-22 20:00:00,29841.0,29846.0,29640.0,29789.0,170.19269036
2023-07-23 00:00:00,29790.0,29893.0,29742.0,29852.0,97.35163132
2023-07-23 04:00:00,29847.0,29979.0,29847.0,29917.0,100.46316431
2023-07-23 08:00:00,29917.0,29957.0,29893.0,29894.0,54.92952277
2023-07-23 12:00:00,29897.0,29926.0,29860.0,29901.0,40.1354277
2023-07-23 16:00:00,29901.0,30342.0,29901.0,30089.0,381.99810229
2023-07-23 20:00:00,30089.0,30138.0,29933.0,30085.0,91.58941907
2023-07-24 00:00:00,30085.0,30099.0,29678.0,29712.0,157.58614195
2023-07-24 04:00:00,29709.0,29864.0,29648.0,29821.0,303.81194237
2023-07-24 08:00:00,29826.0,29833.0,28978.0,29264.0,905.55324449
2023-07-24 12:00:00,29265.0,29265.0,28842.0,29084.0,900.62947559
2023-07-24 16:00:00,29081.0,29152.0,28971.0,29107.0,268.92189218
2023-07-24 20:00:00,29107.0,29201.0,29087.0,29177.0,281.33543591
2023-07-25 00:00:00,29176.0,29185.0,29054.0,29111.0,169.94670445
2023-07-25 04:00:00,29109.0,29157.0,29065.0,29142.0,104.62368521
2023-07-25 08:00:00,29141.0,29275.0,29118.0,29122.0,201.52244233
2023-07-25 12:00:00,29122.0,29328.0,29077.0,29181.0,472.11345788
2023-07-25 16:00:00,29183.0,29362.0,29183.0,29195.0,186.22417385
2023-07-25 20:00:00,29198.0,29253.0,29186.0,29224.0,79.06083068
2023-07-26 00:00:00,29224.0,29398.0,29100.0,29246.0,212.69579694
2023-07-26 04:00:00,29237.0,29308.0,29191.0,29215.0,127.43014457
2023-07-26 08:00:00,29215.0,29240.0,29159.0,29171.0,78.37209628
2023-07-26 12:00:00,29173.0,29343.0,29162.0,29321.0,315.58833417
2023-07-26 16:00:00,29322.0,29500.0,29201.0,29403.0,474.20844811
2023-07-26 20:00:00,29405.0,29678.0,29294.0,29354.0,308.94666325
2023-07-27 00:00:00,29353.0,29443.0,29303.0,29402.0,82.09198594
2023-07-27 04:00:00,29402.0,29494.0,29378.0,29417.0,106.94722423
2023-07-27 08:00:00,29411.0,29563.0,29402.0,29505.0,180.73262538
2023-07-27 12:00:00,29506.0,29509.0,29239.0,29293.0,482.77588826
2023-07-27 16:00:00,29289.0,29325.0,29081.0,29158.0,386.97665024
2023-07-27 20:00:00,29158.0,29234.0,29124.0,29219.0,74.11933419
2023-07-28 00:00:00,29214.0,29294.0,29184.0,29245.0,133.54802378
2023-07-28 04:00:00,29251.0,29257.0,29122.0,29135.0,150.35393349
2023-07-28 08:00:00,29128.0,29229.0,29121.0,29202.0,115.88058054
2023-07-28 12:00:00,29197.0,29525.0,29197.0,29384.0,546.63384115
2023-07-28 16:00:00,29386.0,29402.0,29190.0,29319.0,232.69701417
2023-07-28 20:00:00,29314.0,29363.0,29281.0,29317.0,62.370798
2023-07-29 00:00:00,29316.0,29388.0,29296.0,29373.0,112.55037043
2023-07-29 04:00:00,29373.0,29404.0,29295.0,29296.0,52.91975938
2023-07-29 08:00:00,29295.0,29328.0,29251.0,29269.0,68.12233864
2023-07-29 12:00:00,29268.0,29331.0,29262.0,29298.0,84.57947134
2023-07-29 16:00:00,29298.0,29345.0,29278.0,29339.0,56.84960537
2023-07-29 20:00:00,29338.0,29377.0,29338.0,29360.0,27.46399859
2023-07-30 00:00:00,29360.0,29360.0,29308.0,29319.0,35.78605766
2023-07-30 04:00:00,29318.0,29335.0,29275.0,29291.0,35.70889228
2023-07-30 08:00:00,29291.0,29314.0,29240.0,29313.0,102.39079475
2023-07-30 12:00:00,29314.0,29446.0,29282.0,29349.0,189.35432932
2023-07-30 16:00:00,29349.0,29398.0,29117.0,29197.0,226.52969688
2023-07-30 20:00:00,29190.0,29285.0,29034.0,29279.0,202.40911506
2023-07-31 00:00:00,29279.0,29511.0,29263.0,29423.0,136.64113454
2023-07-31 04:00:00,29430.0,29438.0,29366.0,29377.0,46.45779766
2023-07-31 08:00:00,29376.0,29410.0,29330.0,29393.0,127.72040486
2023-07-31 12:00:00,29394.0,29469.0,29226.0,29240.0,368.50439805
2023-07-31 16:00:00,29238.0,29272.0,29115.0,29157.0,115.49484756
2023-07-31 20:00:00,29153.0,29287.0,29120.0,29231.0,105.0523012
2023-08-01 00:00:00,29221.0,29345.0,28726.0,28830.0,356.64798092
2023-08-01 04:00:00,28824.0,28958.0,28803.0,28931.0,171.09962352
2023-08-01 08:00:00,28930.0,28981.0,28842.0,28847.0,293.83017375
2023-08-01 12:00:00,28852.0,28954.0,28574.0,28938.0,569.10478482
2023-08-01 16:00:00,28943.0,29301.0,28846.0,29258.0,460.84078306
2023-08-01 20:00:00,29261.0,29715.0,29162.0,29696.0,451.24684243
2023-08-02 00:00:00,29697.0,30025.0,29611.0,29613.0,447.99468737
2023-08-02 04:00:00,29621.0,29697.0,29541.0,29559.0,129.11472612
2023-08-02 08:00:00,29558.0,29558.0,29375.0,29551.0,324.51625358
2023-08-02 12:00:00,29554.0,29586.0,29164.0,29308.0,497.83012953
2023-08-02 16:00:00,29302.0,29345.0,28929.0,29136.0,519.05364482
2023-08-02 20:00:00,29126.0,29212.0,29046.0,29164.0,71.56182467
2023-08-03 00:00:00,29157.0,29250.0,29116.0,29161.0,204.85954622
2023-08-03 04:00:00,29161.0,29166.0,28994.0,29018.0,169.92749256
2023-08-03 08:00:00,29014.0,29163.0,28925.0,29118.0,185.33383108
2023-08-03 12:00:00,29118.0,29395.0,29051.0,29231.0,449.69755996
2023-08-03 16:00:00,29227.0,29340.0,29135.0,29260.0,256.79865061
2023-08-03 20:00:00,29255.0,29333.0,29147.0,29176.0,93.03532299
2023-08-04 00:00:00,29175.0,29231.0,29089.0,29140.0,53.83392334
2023-08-04 04:00:00,29140.0,29220.0,29113.0,29187.0,94.38017399
2023-08-04 08:00:00,29187.0,29229.0,29114.0,29143.0,117.59791437
2023-08-04 12:00:00,29141.0,29306.0,29106.0,29253.0,343.59263032
2023-08-04 16:00:00,29257.0,29269.0,28924.0,28986.0,584.03237074
2023-08-04 20:00:00,28990.0,29086.0,28784.0,29077.0,237.1978616
2023-08-05 00:00:00,29075.0,29107.0,29023.0,29051.0,78.27980849
2023-08-05 04:00:00,29053.0,29055.0,28995.0,29009.0,35.00598449
2023-08-05 08:00:00,29009.0,29048.0,28998.0,29014.0,68.10453696
2023-08-05 12:00:00,29014.0,29051.0,28950.0,29011.0,81.36978066
2023-08-05 16:00:00,29005.0,29065.0,28972.0,29037.0,48.80585156
2023-08-05 20:00:00,29037.0,29065.0,29029.0,29049.0,27.74639171
2023-08-06 00:00:00,29049.0,29049.0,29012.0,29031.0,52.54383467
2023-08-06 04:00:00,29031.0,29072.0,29017.0,29061.0,49.68644247
2023-08-06 08:00:00,29066.0,29099.0,29015.0,29043.0,52.63920712
2023-08-06 12:00:00,29043.0,29048.0,28962.0,28976.0,85.34273166
2023-08-06 16:00:00,28973.0,29065.0,28964.0,29051.0,53.98564818
2023-08-06 20:00:00,29053.0,29159.0,29002.0,29042.0,200.03936266
2023-08-07 00:00:00,29041.0,29177.0,28977.0,29113.0,177.14965229
2023-08-07 04:00:00,29110.0,29149.0,29002.0,29043.0,156.62205163
2023-08-07 08:00:00,29043.0,29093.0,28993.0,29040.0,128.94398613
2023-08-07 12:00:00,29038.0,29080.0,28763.0,28819.0,428.68171819
2023-08-07 16:00:00,28818.0,29154.0,28671.0,29119.0,443.45054254
2023-08-07 20:00:00,29119.0,29244.0,29088.0,29181.0,105.64749398
2023-08-08 00:00:00,29186.0,29219.0,29107.0,29161.0,120.35433753
2023-08-08 04:00:00,29164.0,29285.0,29151.0,29151.0,98.91435001
2023-08-08 08:00:00,29151.0,29405.0,29136.0,29404.0,258.82077103
2023-08-08 12:00:00,29404.0,29648.0,29330.0,29518.0,658.46474426
2023-08-08 16:00:00,29514.0,29957.0,29514.0,29884.0,860.58142934
2023-08-08 20:00:00,29890.0,30210.0,29694.0,29764.0,551.07313477
2023-08-09 00:00:00,29776.0,29869.0,29651.0,29704.0,159.23030845
2023-08-09 04:00:00,29708.0,29809.0,29658.0,29808.0,83.32776306
2023-08-09 08:00:00,29810.0,29886.0,29730.0,29875.0,147.74856834
2023-08-09 12:00:00,29873.0,30119.0,29667.0,29745.0,495.57150052
2023-08-09 16:00:00,29750.0,29759.0,29377.0,29399.0,270.66191962
2023-08-09 20:00:00,29395.0,29606.0,29352.0,29565.0,185.54170496
2023-08-10 00:00:00,29565.0,29637.0,29549.0,29556.0,154.71503499
2023-08-10 04:00:00,29557.0,29585.0,29469.0,29481.0,119.10845799
2023-08-10 08:00:00,29484.0,29529.0,29451.0,29473.0,115.05068533
2023-08-10 12:00:00,29473.0,29703.0,29372.0,29440.0,326.96176725
2023-08-10 16:00:00,29438.0,29446.0,29294.0,29399.0,313.26504597
2023-08-10 20:00:00,29398.0,29448.0,29386.0,29423.0,62.15719938
2023-08-11 00:00:00,29424.0,29465.0,29300.0,29370.0,204.92902773
2023-08-11 04:00:00,29371.0,29435.0,29345.0,29373.0,86.48010465
2023-08-11 08:00:00,29373.0,29409.0,29316.0,29409.0,122.51051337
2023-08-11 12:00:00,29409.0,29525.0,29322.0,29363.0,246.29413518
2023-08-11 16:00:00,29361.0,29396.0,29222.0,29364.0,137.67700591
2023-08-11 20:00:00,29363.0,29413.0,29360.0,29398.0,41.69264961
2023-08-12 00:00:00,29398.0,29433.0,29350.0,29374.0,83.58639179
2023-08-12 04:00:00,29375.0,29402.0,29359.0,29394.0,62.20216044
2023-08-12 08:00:00,29393.0,29412.0,29369.0,29403.0,50.27055442
2023-08-12 12:00:00,29406.0,29433.0,29388.0,29425.0,70.74872371
2023-08-12 16:00:00,29425.0,29465.0,29398.0,29403.0,51.50081933
2023-08-12 20:00:00,29401.0,29416.0,29388.0,29415.0,31.32813326
2023-08-13 00:00:00,29415.0,29440.0,29386.0,29398.0,48.01537017
2023-08-13 04:00:00,29396.0,29396.0,29351.0,29381.0,28.51961681
2023-08-13 08:00:00,29380.0,29395.0,29359.0,29363.0,34.3366463
2023-08-13 12:00:00,29363.0,29376.0,29345.0,29352.0,51.46682135
2023-08-13 16:00:00,29350.0,29443.0,29314.0,29422.0,54.15265456
2023-08-13 20:00:00,29422.0,29422.0,29254.0,29284.0,140.66365134
2023-08-14 00:00:00,29280.0,29386.0,29086.0,29363.0,244.76836924
2023-08-14 04:00:00,29378.0,29430.0,29354.0,29386.0,100.22619674
2023-08-14 08:00:00,29386.0,29454.0,29352.0,29379.0,140.76289334
2023-08-14 12:00:00,29377.0,29627.0,29296.0,29565.0,348.54829793
2023-08-14 16:00:00,29575.0,29659.0,29229.0,29323.0,238.12960629
2023-08-14 20:00:00,29329.0,29446.0,29297.0,29408.0,208.67245356
2023-08-15 00:00:00,29408.0,29430.0,29338.0,29364.0,57.40040217
2023-08-15 04:00:00,29362.0,29388.0,29315.0,29373.0,73.23703113
2023-08-15 08:00:00,29372.0,29410.0,29320.0,29328.0,156.13117308
2023-08-15 12:00:00,29328.0,29455.0,29275.0,29292.0,282.26013662
2023-08-15 16:00:00,29288.0,29327.0,29060.0,29149.0,354.55891921
2023-08-15 20:00:00,29147.0,29206.0,29108.0,29172.0,157.42277986
2023-08-16 00:00:00,29171.0,29224.0,29155.0,29188.0,76.10308593
2023-08-16 04:00:00,29191.0,29197.0,29082.0,29160.0,120.55647197
2023-08-16 08:00:00,29162.0,29179.0,29072.0,29132.0,188.82324674
2023-08-16 12:00:00,29127.0,29170.0,29017.0,29075.0,528.04659748
2023-08-16 16:00:00,29074.0,29204.0,28918.0,29078.0,293.50629453
2023-08-16 20:00:00,29079.0,29106.0,28693.0,28701.0,591.04047474
2023-08-17 00:00:00,28692.0,28757.0,28300.0,28625.0,473.22105403
2023-08-17 04:00:00,28627.0,28667.0,28561.0,28582.0,201.99592236
2023-08-17 08:00:00,28584.0,28598.0,28454.0,28503.0,249.8054242
2023-08-17 12:00:00,28504.0,28533.0,27820.0,27896.0,994.90225721
2023-08-17 16:00:00,27899.0,28051.0,27683.0,27852.0,741.90878573
2023-08-17 20:00:00,27855.0,27885.0,26266.0,26642.0,2287.72543084
2023-08-18 00:00:00,26632.0,26813.0,26320.0,26403.0,168.74311057
2023-08-18 04:00:00,26399.0,26604.0,26172.0,26413.0,507.25731442
2023-08-18 08:00:00,26414.0,26600.0,26378.0,26478.0,230.81904476
2023-08-18 12:00:00,26480.0,26490.0,25924.0,25970.0,772.26390749
2023-08-18 16:00:00,25974.0,26289.0,25601.0,26046.0,812.25452674
2023-08-18 20:00:00,26045.0,26225.0,26005.0,26051.0,148.35033296
2023-08-19 00:00:00,26051.0,26141.0,25920.0,25959.0,136.19612275
2023-08-19 04:00:00,25958.0,26003.0,25798.0,25908.0,192.34292703
2023-08-19 08:00:00,25912.0,25987.0,25883.0,25898.0,137.3794049
2023-08-19 12:00:00,25897.0,26216.0,25871.0,26210.0,255.99492075
2023-08-19 16:00:00,26197.0,26264.0,26027.0,26126.0,204.05032352
2023-08-19 20:00:00,26126.0,26154.0,26035.0,26097.0,95.38559696
2023-08-20 00:00:00,26097.0,26200.0,26047.0,26104.0,142.38941406
2023-08-20 04:00:00,26104.0,26154.0,26049.0,26089.0,73.47759821
2023-08-20 08:00:00,26088.0,26188.0,26057.0,26179.0,76.25675875
2023-08-20 12:00:00,26180.0,26210.0,25979.0,26107.0,183.75168727
2023-08-20 16:00:00,26105.0,26154.0,26010.0,26138.0,104.97962611
2023-08-20 20:00:00,26137.0,26297.0,26137.0,26192.0,131.07794605
2023-08-21 00:00:00,26193.0,26194.0,26068.0,26090.0,84.73506831
2023-08-21 04:00:00,26088.0,26174.0,25996.0,26016.0,171.79598853
2023-08-21 08:00:00,26013.0,26077.0,25884.0,26026.0,283.76377239
2023-08-21 12:00:00,26026.0,26187.0,25828.0,25941.0,493.99936299
2023-08-21 16:00:00,25944.0,26155.0,25938.0,26100.0,250.40825099
2023-08-21 20:00:00,26098.0,26240.0,26080.0,26125.0,324.65220044
2023-08-22 00:00:00,26125.0,26137.0,26020.0,26050.0,68.3747754
2023-08-22 04:00:00,26049.0,26105.0,25997.0,26093.0,97.98134524
2023-08-22 08:00:00,26097.0,26102.0,26020.0,26047.0,70.7770591
2023-08-22 12:00:00,26043.0,26090.0,25912.0,25929.0,424.53870678
2023-08-22 16:00:00,25918.0,26043.0,25721.0,25770.0,467.26080713
2023-08-22 20:00:00,25776.0,26049.0,25350.0,26042.0,656.45334921
2023-08-23 00:00:00,26048.0,26171.0,25984.0,25999.0,126.05903089
2023-08-23 04:00:00,25994.0,26165.0,25972.0,26051.0,191.50149734
2023-08-23 08:00:00,26051.0,26078.0,25904.0,25926.0,110.21979374
2023-08-23 12:00:00,25926.0,26167.0,25805.0,26130.0,452.80454252
2023-08-23 16:00:00,26134.0,26800.0,26119.0,26626.0,830.64990934
2023-08-23 20:00:00,26619.0,26711.0,26223.0,26431.0,761.29241688
2023-08-24 00:00:00,26429.0,26532.0,26348.0,26438.0,149.18955226
2023-08-24 04:00:00,26435.0,26502.0,26390.0,26472.0,92.13808957
2023-08-24 08:00:00,26476.0,26562.0,26408.0,26436.0,179.81380822
2023-08-24 12:00:00,26438.0,26438.0,25980.0,25980.0,726.16151988
2023-08-24 16:00:00,25987.0,26154.0,25852.0,26016.0,382.93122121
2023-08-24 20:00:00,26025.0,26188.0,25926.0,26168.0,148.39396676
2023-08-25 00:00:00,26169.0,26175.0,26015.0,26101.0,86.87630767
2023-08-25 04:00:00,26102.0,26103.0,25958.0,25962.0,149.86780126
2023-08-25 08:00:00,25969.0,26111.0,25955.0,26091.0,154.43926454
2023-08-25 12:00:00,26092.0,26281.0,25748.0,25930.0,1264.50791411
2023-08-25 16:00:00,25916.0,26046.0,25816.0,25956.0,235.54537288
2023-08-25 20:00:00,25945.0,26068.0,25939.0,26048.0,33.47126894
2023-08-26 00:00:00,26050.0,26102.0,26028.0,26073.0,46.32415677
2023-08-26 04:00:00,26072.0,26072.0,26036.0,26039.0,25.45136745
2023-08-26 08:00:00,26037.0,26048.0,25995.0,26030.0,47.04880034
2023-08-26 12:00:00,26029.0,26052.0,25976.0,26042.0,41.42611623
2023-08-26 16:00:00,26043.0,26048.0,26001.0,26028.0,48.12424846
2023-08-26 20:00:00,26026.0,26030.0,25985.0,26008.0,40.66832925
2023-08-27 00:00:00,26007.0,26015.0,25962.0,26007.0,42.14505177
2023-08-27 04:00:00,26008.0,26036.0,26008.0,26030.0,29.9509709
2023-08-27 08:00:00,26035.0,26074.0,26024.0,26053.0,35.87441434
2023-08-27 12:00:00,26053.0,26155.0,26048.0,26106.0,94.08781791
2023-08-27 16:00:00,26106.0,26168.0,26039.0,26115.0,147.35052055
2023-08-27 20:00:00,26113.0,26116.0,26036.0,26090.0,50.16059095
2023-08-28 00:00:00,26087.0,26092.0,25983.0,26000.0,98.95801122
2023-08-28 04:00:00,25999.0,26025.0,25880.0,25921.0,190.02529682
2023-08-28 08:00:00,25921.0,25985.0,25856.0,25984.0,196.13010191
2023-08-28 12:00:00,25986.0,26223.0,25972.0,26085.0,357.16850388
2023-08-28 16:00:00,26088.0,26171.0,25915.0,25976.0,233.55754008
2023-08-28 20:00:00,25975.0,26151.0,25947.0,26103.0,136.50512731
2023-08-29 00:00:00,26103.0,26181.0,26049.0,26070.0,136.87991305
2023-08-29 04:00:00,26064.0,26075.0,25980.0,25995.0,79.04414714
2023-08-29 08:00:00,25985.0,26022.0,25913.0,25961.0,167.52278465
2023-08-29 12:00:00,25961.0,27723.0,25949.0,27421.0,2604.37520353
2023-08-29 16:00:00,27424.0,28142.0,27351.0,27847.0,1303.9769272
2023-08-29 20:00:00,27855.0,27885.0,27546.0,27726.0,289.82312205
2023-08-30 00:00:00,27722.0,27757.0,27298.0,27400.0,346.34819334
2023-08-30 04:00:00,27412.0,27469.0,27383.0,27437.0,117.19169174
2023-08-30 08:00:00,27437.0,27491.0,27318.0,27341.0,225.02877215
2023-08-30 12:00:00,27337.0,27452.0,27006.0,27204.0,867.07432548
2023-08-30 16:00:00,27197.0,27281.0,27045.0,27178.0,289.07711244
2023-08-30 20:00:00,27198.0,27328.0,27186.0,27300.0,239.92458858
2023-08-31 00:00:00,27302.0,27302.0,27180.0,27210.0,93.4689855
2023-08-31 04:00:00,27209.0,27283.0,27209.0,27255.0,67.40500389
2023-08-31 08:00:00,27255.0,27537.0,27192.0,27307.0,367.08733839
2023-08-31 12:00:00,27307.0,27308.0,26814.0,26918.0,672.22711803
2023-08-31 16:00:00,26916.0,26921.0,25946.0,26181.0,1017.00507812
2023-08-31 20:00:00,26147.0,26188.0,25683.0,25932.0,592.53824052
2023-09-01 00:00:00,25927.0,26081.0,25927.0,26071.0,110.82310701
2023-09-01 04:00:00,26072.0,26083.0,25964.0,25982.0,92.82108027
2023-09-01 08:00:00,25982.0,26052.0,25953.0,26039.0,117.24889505
2023-09-01 12:00:00,26036.0,26134.0,25585.0,25799.0,658.98249004
2023-09-01 16:00:00,25798.0,25939.0,25333.0,25622.0,789.33441208
2023-09-01 20:00:00,25628.0,25890.0,25561.0,25798.0,201.47903415
2023-09-02 00:00:00,25801.0,25832.0,25753.0,25786.0,63.82006411
2023-09-02 04:00:00,25787.0,25828.0,25756.0,25789.0,79.82776983
2023-09-02 08:00:00,25789.0,25854.0,25769.0,25810.0,61.93197875
2023-09-02 12:00:00,25809.0,25980.0,25787.0,25906.0,182.52250011
2023-09-02 16:00:00,25900.0,25937.0,25764.0,25836.0,114.29192403
2023-09-02 20:00:00,25825.0,25899.0,25821.0,25870.0,55.53240653
2023-09-03 00:00:00,25870.0,25896.0,25836.0,25864.0,60.30378438
2023-09-03 04:00:00,25864.0,25946.0,25864.0,25946.0,75.454708
2023-09-03 08:00:00,25946.0,25946.0,25878.0,25938.0,75.50473783
2023-09-03 12:00:00,25940.0,26071.0,25828.0,25872.0,241.58011414
2023-09-03 16:00:00,25870.0,26012.0,25807.0,26002.0,156.57939484
2023-09-03 20:00:00,26002.0,26112.0,25934.0,25970.0,110.11537723
2023-09-04 00:00:00,25972.0,26081.0,25878.0,25988.0,161.92171389
2023-09-04 04:00:00,25990.0,26005.0,25916.0,25952.0,115.45003761
2023-09-04 08:00:00,25954.0,25996.0,25869.0,25882.0,194.47469216
2023-09-04 12:00:00,25880.0,25946.0,25729.0,25808.0,314.48683126
2023-09-04 16:00:00,25808.0,25935.0,25801.0,25886.0,90.11251793
2023-09-04 20:00:00,25885.0,25904.0,25646.0,25819.0,207.25845643
2023-09-05 00:00:00,25827.0,25831.0,25547.0,25670.0,199.0547106
2023-09-05 04:00:00,25673.0,25734.0,25662.0,25719.0,129.72717383
2023-09-05 08:00:00,25720.0,25788.0,25642.0,25762.0,125.21665725
2023-09-05 12:00:00,25761.0,25862.0,25621.0,25738.0,377.82143109
2023-09-05 16:00:00,25739.0,25819.0,25672.0,25672.0,86.75580952
2023-09-05 20:00:00,25675.0,25793.0,25667.0,25783.0,88.10410173
2023-09-06 00:00:00,25779.0,25844.0,25766.0,25771.0,139.25375743
2023-09-06 04:00:00,25770.0,25778.0,25713.0,25713.0,77.00397763
2023-09-06 08:00:00,25713.0,25760.0,25703.0,25722.0,94.08871618
2023-09-06 12:00:00,25718.0,25754.0,25528.0,25578.0,360.30842437
2023-09-06 16:00:00,25579.0,26000.0,25386.0,25659.0,471.62794859
2023-09-06 20:00:00,25670.0,25772.0,25633.0,25748.0,135.92564765
2023-09-07 00:00:00,25750.0,25816.0,25709.0,25816.0,47.02411616
2023-09-07 04:00:00,25816.0,25828.0,25735.0,25758.0,62.69037806
2023-09-07 08:00:00,25755.0,25755.0,25677.0,25692.0,73.78547164
2023-09-07 12:00:00,25690.0,25813.0,25600.0,25760.0,429.86282626
2023-09-07 16:00:00,25755.0,25957.0,25755.0,25886.0,213.16161455
2023-09-07 20:00:00,25871.0,26417.0,25844.0,26245.0,820.82757318
2023-09-08 00:00:00,26256.0,26429.0,26201.0,26252.0,311.40200303
2023-09-08 04:00:00,26255.0,26372.0,26193.0,26249.0,221.25029539
2023-09-08 08:00:00,26249.0,26261.0,25652.0,25829.0,550.57972402
2023-09-08 12:00:00,25828.0,25940.0,25791.0,25836.0,232.45913885
2023-09-08 16:00:00,25832.0,25885.0,25729.0,25885.0,258.79220473
2023-09-08 20:00:00,25886.0,25927.0,25849.0,25908.0,74.99438392
2023-09-09 00:00:00,25908.0,25908.0,25849.0,25867.0,144.19641812
2023-09-09 04:00:00,25869.0,25884.0,25835.0,25876.0,57.70080559
2023-09-09 08:00:00,25876.0,25893.0,25850.0,25859.0,44.91336412
2023-09-09 12:00:00,25863.0,25908.0,25801.0,25886.0,95.23388688
2023-09-09 16:00:00,25889.0,25927.0,25847.0,25867.0,52.46297708
2023-09-09 20:00:00,25866.0,25908.0,25851.0,25899.0,41.58350762
2023-09-10 00:00:00,25899.0,25899.0,25828.0,25857.0,52.22672975
2023-09-10 04:00:00,25855.0,25865.0,25755.0,25851.0,121.03202271
2023-09-10 08:00:00,25846.0,25862.0,25797.0,25797.0,51.8183069
2023-09-10 12:00:00,25795.0,25819.0,25717.0,25768.0,118.72479374
2023-09-10 16:00:00,25764.0,25840.0,25588.0,25793.0,298.27476334
2023-09-10 20:00:00,25790.0,26018.0,25769.0,25836.0,234.83497653
2023-09-11 00:00:00,25839.0,25870.0,25661.0,25731.0,164.40608874
2023-09-11 04:00:00,25729.0,25881.0,25716.0,25807.0,125.00077863
2023-09-11 08:00:00,25806.0,25819.0,25591.0,25595.0,430.5965096
2023-09-11 12:00:00,25595.0,25738.0,24957.0,25106.0,755.89030203
2023-09-11 16:00:00,25100.0,25229.0,24990.0,25005.0,324.85227016
2023-09-11 20:00:00,25010.0,25206.0,24920.0,25155.0,215.33667743
2023-09-12 00:00:00,25157.0,25924.0,25129.0,25788.0,731.9418974
2023-09-12 04:00:00,25794.0,25952.0,25616.0,25820.0,506.88536519
2023-09-12 08:00:00,25818.0,26298.0,25723.0,26086.0,367.46185076
2023-09-12 12:00:00,26096.0,26373.0,26037.0,26208.0,740.58232893
2023-09-12 16:00:00,26212.0,26529.0,25893.0,26071.0,666.27225601
2023-09-12 20:00:00,26071.0,26150.0,25822.0,25844.0,204.29878938
2023-09-13 00:00:00,25842.0,25980.0,25762.0,25874.0,229.21217386
2023-09-13 04:00:00,25877.0,26093.0,25852.0,25871.0,225.36218462
2023-09-13 08:00:00,25867.0,26232.0,25867.0,26186.0,303.11032802
2023-09-13 12:00:00,26192.0,26380.0,26040.0,26252.0,485.31853929
2023-09-13 16:00:00,26244.0,26395.0,26059.0,26146.0,194.4229121
2023-09-13 20:00:00,26150.0,26308.0,26146.0,26226.0,128.85131797
2023-09-14 00:00:00,26229.0,26535.0,26143.0,26270.0,414.58425336
2023-09-14 04:00:00,26271.0,26373.0,26168.0,26343.0,80.6553928
2023-09-14 08:00:00,26338.0,26473.0,26269.0,26450.0,202.3985296
2023-09-14 12:00:00,26472.0,26797.0,26354.0,26697.0,950.68074934
2023-09-14 16:00:00,26705.0,26849.0,26559.0,26689.0,348.15376901
2023-09-14 20:00:00,26693.0,26726.0,26500.0,26529.0,90.55333183
2023-09-15 00:00:00,26529.0,26621.0,26461.0,26621.0,209.27616166
2023-09-15 04:00:00,26623.0,26656.0,26559.0,26574.0,122.1936309
2023-09-15 08:00:00,26574.0,26683.0,26389.0,26427.0,240.55002447
2023-09-15 12:00:00,26426.0,26523.0,26228.0,26322.0,315.63479035
2023-09-15 16:00:00,26320.0,26449.0,26315.0,26404.0,136.59784839
2023-09-15 20:00:00,26407.0,26878.0,26379.0,26607.0,364.55654858
2023-09-16 00:00:00,26609.0,26767.0,26579.0,26627.0,198.51035805
2023-09-16 04:00:00,26624.0,26627.0,26479.0,26503.0,106.30145776
2023-09-16 08:00:00,26502.0,26579.0,26459.0,26520.0,135.81341051
2023-09-16 12:00:00,26522.0,26579.0,26498.0,26519.0,21.03463996
2023-09-16 16:00:00,26519.0,26620.0,26510.0,26545.0,96.50133469
2023-09-16 20:00:00,26538.0,26583.0,26523.0,26571.0,51.55260243
2023-09-17 00:00:00,26571.0,26571.0,26432.0,26535.0,89.28467868
2023-09-17 04:00:00,26535.0,26568.0,26507.0,26508.0,52.33858054
2023-09-17 08:00:00,26508.0,26618.0,26503.0,26577.0,81.9524208
2023-09-17 12:00:00,26579.0,26602.0,26538.0,26559.0,85.94781943
2023-09-17 16:00:00,26559.0,26559.0,26479.0,26512.0,62.74237993
2023-09-17 20:00:00,26512.0,26535.0,26414.0,26535.0,150.71303635
2023-09-18 00:00:00,26533.0,26743.0,26382.0,26662.0,213.1417762
2023-09-18 04:00:00,26666.0,26793.0,26579.0,26715.0,149.58801637
2023-09-18 08:00:00,26718.0,27238.0,26684.0,27206.0,452.05833234
2023-09-18 12:00:00,27206.0,27422.0,27153.0,27284.0,449.52082482
2023-09-18 16:00:00,27281.0,27327.0,26648.0,26831.0,539.80750549
2023-09-18 20:00:00,26830.0,26881.0,26737.0,26770.0,211.71321148
2023-09-19 00:00:00,26766.0,26839.0,26682.0,26829.0,97.47339432
2023-09-19 04:00:00,26825.0,26888.0,26767.0,26854.0,70.23170976
2023-09-19 08:00:00,26861.0,27459.0,26861.0,27235.0,646.3431595
2023-09-19 12:00:00,27238.0,27484.0,26900.0,27429.0,544.04532262
2023-09-19 16:00:00,27450.0,27486.0,27083.0,27199.0,232.49816992
2023-09-19 20:00:00,27198.0,27232.0,27001.0,27214.0,296.13883997
2023-09-20 00:00:00,27220.0,27389.0,27096.0,27127.0,477.08785664
2023-09-20 04:00:00,27119.0,27166.0,26954.0,27114.0,342.39363707
2023-09-20 08:00:00,27114.0,27192.0,26958.0,27106.0,408.38878128
2023-09-20 12:00:00,27101.0,27232.0,27007.0,27188.0,223.53704712
2023-09-20 16:00:00,27188.0,27297.0,26852.0,26945.0,537.83916564
2023-09-20 20:00:00,26950.0,27235.0,26933.0,27128.0,275.59200376
2023-09-21 00:00:00,27124.0,27177.0,26944.0,27035.0,288.00106149
2023-09-21 04:00:00,27038.0,27101.0,26988.0,26992.0,166.48778993
2023-09-21 08:00:00,26993.0,27017.0,26633.0,26732.0,263.28596064
2023-09-21 12:00:00,26732.0,26777.0,26376.0,26583.0,350.75587781
2023-09-21 16:00:00,26582.0,26685.0,26542.0,26602.0,119.98220391
2023-09-21 20:00:00,26588.0,26631.0,26522.0,26563.0,368.54270026
2023-09-22 00:00:00,26568.0,26660.0,26479.0,26629.0,145.65502804
2023-09-22 04:00:00,26634.0,26695.0,26576.0,26670.0,97.40832115
2023-09-22 08:00:00,26677.0,26733.0,26591.0,26640.0,87.12177319
2023-09-22 12:00:00,26640.0,26689.0,26557.0,26631.0,155.14382791
2023-09-22 16:00:00,26630.0,26647.0,26536.0,26536.0,120.61711176
2023-09-22 20:00:00,26542.0,26595.0,26493.0,26581.0,77.55297139
2023-09-23 00:00:00,26577.0,26610.0,26530.0,26537.0,40.4486694
2023-09-23 04:00:00,26531.0,26586.0,26519.0,26579.0,47.3507382
2023-09-23 08:00:00,26579.0,26592.0,26559.0,26578.0,33.12096553
2023-09-23 12:00:00,26579.0,26592.0,26557.0,26579.0,36.53815661
2023-09-23 16:00:00,26579.0,26634.0,26562.0,26613.0,63.97273053
2023-09-23 20:00:00,26613.0,26620.0,26567.0,26583.0,41.89135709
2023-09-24 00:00:00,26582.0,26590.0,26567.0,26574.0,17.45973383
2023-09-24 04:00:00,26573.0,26578.0,26545.0,26567.0,25.06237502
2023-09-24 08:00:00,26567.0,26618.0,26562.0,26600.0,51.85505419
2023-09-24 12:00:00,26601.0,26621.0,26568.0,26582.0,33.43607018
2023-09-24 16:00:00,26582.0,26730.0,26359.0,26458.0,395.42757691
2023-09-24 20:00:00,26455.0,26520.0,26148.0,26248.0,255.53948822
2023-09-25 00:00:00,26215.0,26329.0,26008.0,26155.0,293.72252759
2023-09-25 04:00:00,26156.0,26191.0,26041.0,26181.0,100.95165583
2023-09-25 08:00:00,26181.0,26210.0,26018.0,26067.0,106.31454052
2023-09-25 12:00:00,26066.0,26290.0,25977.0,26235.0,472.83036007
2023-09-25 16:00:00,26243.0,26414.0,26228.0,26331.0,203.18001366
2023-09-25 20:00:00,26335.0,26436.0,26266.0,26297.0,130.38701181
2023-09-26 00:00:00,26298.0,26386.0,26231.0,26354.0,101.12366584
2023-09-26 04:00:00,26352.0,26360.0,26253.0,26264.0,61.51213219
2023-09-26 08:00:00,26265.0,26319.0,26188.0,26266.0,133.31742506
2023-09-26 12:00:00,26266.0,26296.0,26085.0,26116.0,300.29655416
2023-09-26 16:00:00,26116.0,26278.0,26105.0,26240.0,125.5501638
2023-09-26 20:00:00,26232.0,26269.0,26093.0,26208.0,162.7819551
2023-09-27 00:00:00,26203.0,26272.0,26194.0,26266.0,93.07536383
2023-09-27 04:00:00,26271.0,26273.0,26221.0,26232.0,18.04475493
2023-09-27 08:00:00,26226.0,26817.0,26210.0,26749.0,597.149083
2023-09-27 12:00:00,26759.0,26823.0,26155.0,26277.0,511.64569958
2023-09-27 16:00:00,26280.0,26291.0,26095.0,26241.0,114.37750441
2023-09-27 20:00:00,26239.0,26375.0,26208.0,26361.0,511.40289877
2023-09-28 00:00:00,26361.0,26537.0,26327.0,26360.0,553.44949895
2023-09-28 04:00:00,26361.0,26479.0,26325.0,26434.0,328.98815356
2023-09-28 08:00:00,26440.0,26584.0,26373.0,26454.0,168.96857959
2023-09-28 12:00:00,26455.0,27038.0,26446.0,27006.0,618.16290321
2023-09-28 16:00:00,27027.0,27297.0,26892.0,27103.0,888.14079419
2023-09-28 20:00:00,27094.0,27170.0,26917.0,27026.0,205.89820226
2023-09-29 00:00:00,27029.0,27124.0,26875.0,26961.0,129.10782932
2023-09-29 04:00:00,26960.0,27235.0,26901.0,27179.0,188.57326349
2023-09-29 08:00:00,27175.0,27175.0,26965.0,26968.0,125.73804173
2023-09-29 12:00:00,26970.0,27091.0,26682.0,26878.0,590.41094234
2023-09-29 16:00:00,26887.0,26955.0,26755.0,26918.0,234.04490512
2023-09-29 20:00:00,26920.0,26973.0,26862.0,26911.0,268.74011799
2023-09-30 00:00:00,26910.0,26955.0,26884.0,26924.0,87.38292715
2023-09-30 04:00:00,26924.0,26958.0,26916.0,26935.0,60.43022141
2023-09-30 08:00:00,26937.0,26996.0,26926.0,26937.0,49.63677872
2023-09-30 12:00:00,26941.0,27091.0,26917.0,27001.0,140.64104735
2023-09-30 16:00:00,26998.0,27093.0,26983.0,27031.0,153.59838829
2023-09-30 20:00:00,27031.0,27088.0,26963.0,26966.0,40.91749278
2023-10-01 00:00:00,26965.0,27052.0,26959.0,27049.0,30.09863841
2023-10-01 04:00:00,27049.0,27157.0,27030.0,27119.0,61.80862692
2023-10-01 08:00:00,27118.0,27286.0,27104.0,27200.0,156.89589828
2023-10-01 12:00:00,27199.0,27237.0,27098.0,27153.0,65.87364043
2023-10-01 16:00:00,27151.0,27156.0,27050.0,27109.0,80.81120017
2023-10-01 20:00:00,27109.0,28053.0,27044.0,27995.0,869.15740042
2023-10-02 00:00:00,27995.0,28204.0,27833.0,28126.0,323.45802681
2023-10-02 04:00:00,28137.0,28451.0,27940.0,28317.0,291.63900417
2023-10-02 08:00:00,28327.0,28492.0,28203.0,28216.0,445.92856767
2023-10-02 12:00:00,28212.0,28592.0,28006.0,28071.0,830.18310027
2023-10-02 16:00:00,28023.0,28142.0,27650.0,27975.0,325.02358256
2023-10-02 20:00:00,27956.0,27961.0,27333.0,27507.0,361.74086864
2023-10-03 00:00:00,27509.0,27636.0,27392.0,27597.0,143.55484186
2023-10-03 04:00:00,27605.0,27670.0,27530.0,27542.0,52.05998527
2023-10-03 08:00:00,27543.0,27641.0,27480.0,27565.0,161.55536543
2023-10-03 12:00:00,27560.0,27580.0,27241.0,27349.0,361.79650879
2023-10-03 16:00:00,27332.0,27482.0,27259.0,27267.0,225.65597698
2023-10-03 20:00:00,27280.0,27468.0,27170.0,27435.0,359.56018338
2023-10-04 00:00:00,27431.0,27500.0,27221.0,27433.0,200.40065119
2023-10-04 04:00:00,27425.0,27454.0,27353.0,27449.0,39.58911439
2023-10-04 08:00:00,27457.0,27640.0,27438.0,27577.0,109.25740521
2023-10-04 12:00:00,27583.0,27633.0,27339.0,27402.0,267.78317775
2023-10-04 16:00:00,27398.0,27831.0,27398.0,27631.0,477.84086862
2023-10-04 20:00:00,27623.0,27829.0,27570.0,27790.0,180.13984121
2023-10-05 00:00:00,27787.0,27890.0,27660.0,27661.0,105.14552675
2023-10-05 04:00:00,27661.0,27707.0,27560.0,27611.0,151.03862137
2023-10-05 08:00:00,27613.0,27772.0,27594.0,27732.0,116.48518742
2023-10-05 12:00:00,27734.0,28125.0,27425.0,27565.0,889.52289162
2023-10-05 16:00:00,27554.0,27618.0,27369.0,27483.0,207.88845506
2023-10-05 20:00:00,27481.0,27520.0,27399.0,27417.0,65.49768471
2023-10-06 00:00:00,27420.0,27590.0,27403.0,27568.0,127.07237222
2023-10-06 04:00:00,27566.0,27658.0,27472.0,27648.0,126.43761722
2023-10-06 08:00:00,27644.0,27801.0,27601.0,27768.0,220.80290869
2023-10-06 12:00:00,27768.0,28064.0,27185.0,27958.0,779.12671966
2023-10-06 16:00:00,27975.0,28046.0,27809.0,27968.0,209.35428123
2023-10-06 20:00:00,27975.0,28301.0,27898.0,27948.0,255.95964844
2023-10-07 00:00:00,27945.0,27974.0,27864.0,27921.0,56.5008903
2023-10-07 04:00:00,27924.0,27957.0,27900.0,27913.0,26.67428787
2023-10-07 08:00:00,27909.0,28034.0,27898.0,27957.0,99.10588346
2023-10-07 12:00:00,27959.0,28001.0,27923.0,27959.0,62.93582884
2023-10-07 16:00:00,27959.0,27977.0,27876.0,27882.0,75.70420048
2023-10-07 20:00:00,27882.0,27977.0,27882.0,27971.0,34.08107324
2023-10-08 00:00:00,27976.0,28104.0,27965.0,28088.0,107.47127225
2023-10-08 04:00:00,28090.0,28095.0,27905.0,27922.0,83.7339334
2023-10-08 08:00:00,27914.0,27950.0,27804.0,27827.0,68.88129465
2023-10-08 12:00:00,27822.0,28008.0,27715.0,27909.0,106.75136558
2023-10-08 16:00:00,27912.0,27968.0,27826.0,27913.0,77.95989739
2023-10-08 20:00:00,27911.0,27993.0,27819.0,27933.0,114.89005014
2023-10-09 00:00:00,27930.0,27996.0,27816.0,27930.0,129.12259219
2023-10-09 04:00:00,27930.0,27958.0,27829.0,27829.0,58.55832061
2023-10-09 08:00:00,27826.0,27844.0,27423.0,27493.0,359.30720613
2023-10-09 12:00:00,27477.0,27580.0,27389.0,27450.0,255.31834226
2023-10-09 16:00:00,27449.0,27749.0,27280.0,27616.0,296.92638089
2023-10-09 20:00:00,27611.0,27656.0,27568.0,27594.0,87.49167257
2023-10-10 00:00:00,27598.0,27704.0,27507.0,27642.0,177.28405888
2023-10-10 04:00:00,27631.0,27706.0,27587.0,27658.0,93.19473602
2023-10-10 08:00:00,27657.0,27733.0,27507.0,27518.0,109.93400247
2023-10-10 12:00:00,27516.0,27622.0,27349.0,27413.0,513.91358411
2023-10-10 16:00:00,27410.0,27519.0,27294.0,27404.0,230.58874488
2023-10-10 20:00:00,27406.0,27471.0,27330.0,27395.0,58.66858217
2023-10-11 00:00:00,27394.0,27474.0,27019.0,27023.0,373.9438242
2023-10-11 04:00:00,27018.0,27143.0,26978.0,27029.0,139.23202724
2023-10-11 08:00:00,27023.0,27328.0,27017.0,27198.0,190.60971732
2023-10-11 12:00:00,27199.0,27264.0,26746.0,26782.0,572.29276858
2023-10-11 16:00:00,26767.0,26786.0,26533.0,26753.0,651.47117855
2023-10-11 20:00:00,26755.0,26874.0,26670.0,26874.0,115.22787066
2023-10-12 00:00:00,26870.0,26933.0,26734.0,26845.0,129.25678695
2023-10-12 04:00:00,26841.0,26910.0,26781.0,26805.0,114.89763552
2023-10-12 08:00:00,26808.0,26852.0,26666.0,26831.0,174.13645572
2023-10-12 12:00:00,26829.0,26854.0,26618.0,26665.0,291.89121771
2023-10-12 16:00:00,26666.0,26785.0,26545.0,26705.0,268.59298357
2023-10-12 20:00:00,26704.0,26762.0,26698.0,26756.0,121.19488628
2023-10-13 00:00:00,26744.0,26862.0,26744.0,26777.0,164.92910969
2023-10-13 04:00:00,26778.0,26923.0,26771.0,26867.0,114.26371333
2023-10-13 08:00:00,26871.0,26890.0,26733.0,26810.0,132.0964098
2023-10-13 12:00:00,26815.0,26952.0,26675.0,26701.0,252.36729719
2023-10-13 16:00:00,26695.0,26791.0,26675.0,26771.0,175.41468312
2023-10-13 20:00:00,26770.0,27108.0,26739.0,26867.0,453.05665397
2023-10-14 00:00:00,26867.0,26981.0,26845.0,26934.0,83.47185934
2023-10-14 04:00:00,26938.0,26943.0,26846.0,26869.0,62.11136594
2023-10-14 08:00:00,26872.0,26901.0,26840.0,26868.0,53.14056252
2023-10-14 12:00:00,26868.0,26942.0,26849.0,26942.0,104.94252344
2023-10-14 16:00:00,26941.0,26946.0,26855.0,26869.0,45.39736402
2023-10-14 20:00:00,26862.0,26881.0,26800.0,26855.0,72.65612476
2023-10-15 00:00:00,26858.0,26904.0,26821.0,26883.0,43.60345084
2023-10-15 04:00:00,26880.0,26893.0,26871.0,26886.0,16.47571641
2023-10-15 08:00:00,26888.0,26920.0,26858.0,26859.0,42.46996015
2023-10-15 12:00:00,26858.0,26958.0,26814.0,26901.0,149.41666911
2023-10-15 16:00:00,26901.0,27077.0,26897.0,27044.0,126.57397269
2023-10-15 20:00:00,27045.0,27299.0,27012.0,27174.0,379.71475148
2023-10-16 00:00:00,27161.0,27286.0,27123.0,27246.0,104.24445111
2023-10-16 04:00:00,27248.0,27975.0,27204.0,27855.0,688.99740548
2023-10-16 08:00:00,27869.0,27915.0,27660.0,27756.0,334.79690739
2023-10-16 12:00:00,27753.0,29900.0,27716.0,28075.0,3094.92904351
2023-10-16 16:00:00,28073.0,28821.0,28073.0,28482.0,416.02849747
2023-10-16 20:00:00,28478.0,28647.0,28260.0,28518.0,146.42313581
2023-10-17 00:00:00,28520.0,28565.0,28257.0,28283.0,251.71486356
2023-10-17 04:00:00,28277.0,28474.0,28081.0,28426.0,276.47020451
2023-10-17 08:00:00,28430.0,28612.0,28372.0,28437.0,307.44695712
2023-10-17 12:00:00,28437.0,28598.0,28156.0,28487.0,577.81806031
2023-10-17 16:00:00,28481.0,28627.0,28335.0,28529.0,266.05487475
2023-10-17 20:00:00,28531.0,28564.0,28390.0,28408.0,185.37618036
2023-10-18 00:00:00,28408.0,28523.0,28342.0,28522.0,195.21189439
2023-10-18 04:00:00,28523.0,28984.0,28462.0,28513.0,456.64060659
2023-10-18 08:00:00,28503.0,28613.0,28247.0,28363.0,172.04805008
2023-10-18 12:00:00,28358.0,28430.0,28156.0,28259.0,228.71240558
2023-10-18 16:00:00,28258.0,28433.0,28242.0,28259.0,202.18136159
2023-10-18 20:00:00,28258.0,28380.0,28200.0,28328.0,158.28206302
2023-10-19 00:00:00,28327.0,28425.0,28138.0,28250.0,154.15330586
2023-10-19 04:00:00,28266.0,28353.0,28237.0,28341.0,91.67211357
2023-10-19 08:00:00,28340.0,28516.0,28301.0,28455.0,208.76672495
2023-10-19 12:00:00,28462.0,28829.0,28436.0,28700.0,521.92055965
2023-10-19 16:00:00,28691.0,28916.0,28481.0,28780.0,385.06477626
2023-10-19 20:00:00,28780.0,28881.0,28614.0,28733.0,185.16226876
2023-10-20 00:00:00,28734.0,29412.0,28595.0,29258.0,502.08880401
2023-10-20 04:00:00,29265.0,29417.0,29146.0,29256.0,481.17780478
2023-10-20 08:00:00,29264.0,30233.0,29257.0,29863.0,865.77789774
2023-10-20 12:00:00,29871.0,29936.0,29412.0,29567.0,475.41409681
2023-10-20 16:00:00,29560.0,29600.0,29341.0,29581.0,246.47313722
2023-10-20 20:00:00,29578.0,29788.0,29527.0,29688.0,200.46110742
2023-10-21 00:00:00,29682.0,29716.0,29483.0,29616.0,91.62882713
2023-10-21 04:00:00,29619.0,29735.0,29556.0,29713.0,49.58012665
2023-10-21 08:00:00,29710.0,29877.0,29654.0,29807.0,79.16066292
2023-10-21 12:00:00,29812.0,29989.0,29699.0,29946.0,191.40375171
2023-10-21 16:00:00,29939.0,30364.0,29864.0,30177.0,410.80825645
2023-10-21 20:00:00,30164.0,30179.0,29863.0,29927.0,95.68027811
2023-10-22 00:00:00,29921.0,30080.0,29864.0,29924.0,125.46270079
2023-10-22 04:00:00,29930.0,30247.0,29678.0,29835.0,301.41417096
2023-10-22 08:00:00,29833.0,30003.0,29800.0,29925.0,91.3156919
2023-10-22 12:00:00,29933.0,29986.0,29810.0,29848.0,100.80355935
2023-10-22 16:00:00,29849.0,29954.0,29827.0,29861.0,97.73676673
2023-10-22 20:00:00,29860.0,30058.0,29730.0,30002.0,205.17621169
2023-10-23 00:00:00,30007.0,30788.0,29898.0,30725.0,618.71554913
2023-10-23 04:00:00,30745.0,30988.0,30439.0,30518.0,478.15126467
2023-10-23 08:00:00,30528.0,30780.0,30361.0,30673.0,261.75020145
2023-10-23 12:00:00,30683.0,30985.0,30407.0,30900.0,514.11647223
2023-10-23 16:00:00,30900.0,31448.0,30797.0,31379.0,1025.32552666
2023-10-23 20:00:00,31378.0,34283.0,31341.0,33074.0,2228.70713899
2023-10-24 00:00:00,33090.0,35198.0,32852.0,34001.0,1432.31770387
2023-10-24 04:00:00,34015.0,34564.0,33693.0,34023.0,1309.6441629
2023-10-24 08:00:00,34024.0,34886.0,33953.0,34537.0,591.79857227
2023-10-24 12:00:00,34537.0,34820.0,33258.0,33659.0,971.5631406
2023-10-24 16:00:00,33669.0,34336.0,33391.0,33819.0,494.00277973
2023-10-24 20:00:00,33787.0,34238.0,33498.0,33917.0,703.74879424
2023-10-25 00:00:00,33928.0,34374.0,33782.0,34006.0,233.11425642
2023-10-25 04:00:00,34006.0,34206.0,33686.0,33864.0,229.85322692
2023-10-25 08:00:00,33880.0,34425.0,33794.0,34208.0,488.2360268
2023-10-25 12:00:00,34214.0,35005.0,34214.0,34845.0,615.14583633
2023-10-25 16:00:00,34856.0,35138.0,34423.0,34758.0,659.10619141
2023-10-25 20:00:00,34738.0,34847.0,34276.0,34498.0,289.38243959
2023-10-26 00:00:00,34494.0,34834.0,34439.0,34806.0,179.00764769
2023-10-26 04:00:00,34807.0,34827.0,34431.0,34655.0,277.19633905
2023-10-26 08:00:00,34657.0,34748.0,33976.0,34117.0,525.83192583
2023-10-26 12:00:00,34114.0,34370.0,33850.0,34049.0,678.83983426
2023-10-26 16:00:00,34037.0,34140.0,33738.0,34068.0,275.50498605
2023-10-26 20:00:00,34035.0,34279.0,34035.0,34165.0,141.38538819
2023-10-27 00:00:00,34148.0,34177.0,33796.0,34115.0,229.98751237
2023-10-27 04:00:00,34128.0,34245.0,33947.0,33957.0,161.3228894
2023-10-27 08:00:00,33944.0,34185.0,33944.0,34047.0,272.93634751
2023-10-27 12:00:00,34052.0,34207.0,33837.0,34004.0,853.14127729
2023-10-27 16:00:00,34003.0,34040.0,33407.0,33708.0,428.54376159
2023-10-27 20:00:00,33707.0,33943.0,33684.0,33906.0,148.10595477
2023-10-28 00:00:00,33902.0,34131.0,33878.0,34071.0,116.16970771
2023-10-28 04:00:00,34069.0,34184.0,34036.0,34048.0,94.87052662
2023-10-28 08:00:00,34053.0,34506.0,34038.0,34184.0,276.61718248
2023-10-28 12:00:00,34177.0,34235.0,33938.0,34208.0,124.1424148
2023-10-28 16:00:00,34201.0,34226.0,34084.0,34125.0,98.4031104
2023-10-28 20:00:00,34124.0,34196.0,34078.0,34091.0,62.6526956
2023-10-29 00:00:00,34090.0,34109.0,33966.0,33983.0,62.5163848
2023-10-29 04:00:00,33977.0,34135.0,33945.0,34091.0,65.8007929
2023-10-29 08:00:00,34090.0,34316.0,34090.0,34266.0,153.03343691
2023-10-29 12:00:00,34270.0,34564.0,34270.0,34452.0,285.89451346
2023-10-29 16:00:00,34461.0,34755.0,34379.0,34583.0,150.80546636
2023-10-29 20:00:00,34587.0,34731.0,34422.0,34538.0,231.28276875
2023-10-30 00:00:00,34549.0,34618.0,34220.0,34281.0,331.39773505
2023-10-30 04:00:00,34274.0,34363.0,34139.0,34209.0,204.32048365
2023-10-30 08:00:00,34206.0,34676.0,34176.0,34622.0,193.84516207
2023-10-30 12:00:00,34614.0,34860.0,34518.0,34669.0,769.93165948
2023-10-30 16:00:00,34666.0,34666.0,34095.0,34439.0,276.67551197
2023-10-30 20:00:00,34447.0,34584.0,34345.0,34495.0,66.98621317
2023-10-31 00:00:00,34489.0,34613.0,34221.0,34223.0,173.22276186
2023-10-31 04:00:00,34223.0,34357.0,34107.0,34158.0,184.60413999
2023-10-31 08:00:00,34157.0,34551.0,34061.0,34510.0,134.00820303
2023-10-31 12:00:00,34509.0,34531.0,34145.0,34279.0,379.13494343
2023-10-31 16:00:00,34279.0,34605.0,34243.0,34553.0,204.17375541
2023-10-31 20:00:00,34541.0,34730.0,34440.0,34661.0,490.1438208
2023-11-01 00:00:00,34667.0,34684.0,34419.0,34437.0,139.14595721
2023-11-01 04:00:00,34437.0,34501.0,34336.0,34459.0,64.36810042
2023-11-01 08:00:00,34455.0,34493.0,34357.0,34419.0,112.19721929
2023-11-01 12:00:00,34422.0,35191.0,34102.0,34297.0,929.1052079
2023-11-01 16:00:00,34297.0,34743.0,34292.0,34575.0,220.93612019
2023-11-01 20:00:00,34575.0,35612.0,34549.0,35440.0,632.41357946
2023-11-02 00:00:00,35440.0,35968.0,35384.0,35602.0,238.43710029
2023-11-02 04:00:00,35607.0,35618.0,35096.0,35311.0,205.37542433
2023-11-02 08:00:00,35295.0,35492.0,35126.0,35395.0,148.39808572
2023-11-02 12:00:00,35393.0,35471.0,34555.0,34647.0,616.44036715
2023-11-02 16:00:00,34650.0,35028.0,34320.0,34996.0,293.4533199
2023-11-02 20:00:00,35015.0,35108.0,34730.0,34937.0,134.65326304
2023-11-03 00:00:00,34947.0,34947.0,34390.0,34692.0,201.10667903
2023-11-03 04:00:00,34692.0,34713.0,34328.0,34463.0,223.40547936
2023-11-03 08:00:00,34466.0,34627.0,34132.0,34258.0,197.09386519
2023-11-03 12:00:00,34255.0,34867.0,34162.0,34776.0,423.49291892
2023-11-03 16:00:00,34787.0,34843.0,34350.0,34543.0,197.55547509
2023-11-03 20:00:00,34546.0,34751.0,34498.0,34727.0,103.77237834
2023-11-04 00:00:00,34734.0,34793.0,34660.0,34725.0,109.53957261
2023-11-04 04:00:00,34733.0,34997.0,34609.0,34785.0,169.94414271
2023-11-04 08:00:00,34784.0,34889.0,34705.0,34730.0,97.32728454
2023-11-04 12:00:00,34732.0,34815.0,34676.0,34735.0,97.30317817
2023-11-04 16:00:00,34729.0,34809.0,34711.0,34754.0,36.40500964
2023-11-04 20:00:00,34753.0,35276.0,34736.0,35086.0,278.61375441
2023-11-05 00:00:00,35086.0,35321.0,34964.0,35301.0,81.57037527
2023-11-05 04:00:00,35320.0,35330.0,35073.0,35190.0,30.08399912
2023-11-05 08:00:00,35198.0,35205.0,35044.0,35099.0,81.91081952
2023-11-05 12:00:00,35114.0,35187.0,34805.0,34920.0,94.27795907
2023-11-05 16:00:00,34917.0,35284.0,34901.0,35025.0,127.86536092
2023-11-05 20:00:00,35002.0,35396.0,34495.0,35045.0,400.3959108
2023-11-06 00:00:00,35043.0,35144.0,34864.0,35011.0,132.71611932
2023-11-06 04:00:00,35011.0,35041.0,34766.0,34927.0,50.53183063
2023-11-06 08:00:00,34924.0,35290.0,34858.0,35251.0,200.61517129
2023-11-06 12:00:00,35251.0,35263.0,34931.0,35093.0,229.64941409
2023-11-06 16:00:00,35095.0,35131.0,34818.0,35062.0,245.23191229
2023-11-06 20:00:00,35066.0,35150.0,34910.0,35042.0,210.27528371
2023-11-07 00:00:00,35061.0,35067.0,34815.0,34930.0,118.56792657
2023-11-07 04:00:00,34930.0,34981.0,34844.0,34952.0,148.88235527
2023-11-07 08:00:00,34953.0,34981.0,34580.0,34635.0,327.29643434
2023-11-07 12:00:00,34640.0,34855.0,34530.0,34733.0,272.87955271
2023-11-07 16:00:00,34730.0,35574.0,34583.0,35468.0,456.96721509
2023-11-07 20:00:00,35497.0,35891.0,35227.0,35414.0,461.37072475
2023-11-08 00:00:00,35417.0,35443.0,35255.0,35281.0,97.65643455
2023-11-08 04:00:00,35285.0,35378.0,35179.0,35235.0,68.56513387
2023-11-08 08:00:00,35227.0,35450.0,35200.0,35344.0,121.44132656
2023-11-08 12:00:00,35345.0,35475.0,35111.0,35236.0,193.62033363
2023-11-08 16:00:00,35226.0,35770.0,35183.0,35626.0,354.90285133
2023-11-08 20:00:00,35639.0,36150.0,35412.0,35640.0,528.16957302
2023-11-09 00:00:00,35633.0,36556.0,35578.0,36461.0,393.23878947
2023-11-09 04:00:00,36483.0,36864.0,36439.0,36557.0,348.84467319
2023-11-09 08:00:00,36561.0,37000.0,36552.0,36824.0,283.28606968
2023-11-09 12:00:00,36832.0,37978.0,36782.0,37114.0,972.05738475
2023-11-09 16:00:00,37109.0,37226.0,35784.0,36394.0,792.65902221
2023-11-09 20:00:00,36389.0,36776.0,36151.0,36693.0,226.19648661
2023-11-10 00:00:00,36700.0,36908.0,36459.0,36747.0,178.5763394
2023-11-10 04:00:00,36747.0,36804.0,36442.0,36449.0,132.11663451
2023-11-10 08:00:00,36443.0,37144.0,36343.0,37065.0,379.23951009
2023-11-10 12:00:00,37103.0,37268.0,36846.0,37088.0,373.85627445
2023-11-10 16:00:00,37107.0,37476.0,37106.0,37257.0,157.22403852
2023-11-10 20:00:00,37257.0,37558.0,37095.0,37319.0,401.62564385
2023-11-11 00:00:00,37350.0,37422.0,36932.0,37066.0,131.42409744
2023-11-11 04:00:00,37064.0,37153.0,36953.0,37038.0,86.14074149
2023-11-11 08:00:00,37052.0,37079.0,36939.0,37031.0,42.21579746
2023-11-11 12:00:00,37017.0,37291.0,36981.0,37082.0,119.67197351
2023-11-11 16:00:00,37084.0,37193.0,37064.0,37164.0,118.96947004
2023-11-11 20:00:00,37166.0,37166.0,36673.0,37152.0,309.88465365
2023-11-12 00:00:00,37136.0,37180.0,36758.0,36997.0,143.25336693
2023-11-12 04:00:00,36997.0,37188.0,36942.0,37144.0,56.65086688
2023-11-12 08:00:00,37130.0,37144.0,37046.0,37077.0,54.15027279
2023-11-12 12:00:00,37076.0,37237.0,36961.0,37177.0,119.38290185
2023-11-12 16:00:00,37182.0,37211.0,37077.0,37128.0,74.20922166
2023-11-12 20:00:00,37121.0,37220.0,36970.0,37086.0,101.91578441
2023-11-13 00:00:00,37085.0,37421.0,36898.0,36945.0,280.10629868
2023-11-13 04:00:00,36964.0,37064.0,36795.0,36975.0,123.24962343
2023-11-13 08:00:00,36982.0,37064.0,36724.0,36846.0,119.68322959
2023-11-13 12:00:00,36818.0,36957.0,36566.0,36848.0,376.04989597
2023-11-13 16:00:00,36845.0,37028.0,36613.0,36851.0,228.81577196
2023-11-13 20:00:00,36854.0,36890.0,36355.0,36485.0,382.61436224
2023-11-14 00:00:00,36474.0,36503.0,36211.0,36460.0,179.59262704
2023-11-14 04:00:00,36456.0,36727.0,36400.0,36708.0,68.60430431
2023-11-14 08:00:00,36695.0,36749.0,36247.0,36294.0,145.78246266
2023-11-14 12:00:00,36272.0,36700.0,35880.0,36155.0,384.7591831
2023-11-14 16:00:00,36154.0,36422.0,35002.0,35298.0,610.64368762
2023-11-14 20:00:00,35265.0,35674.0,35221.0,35564.0,327.66294535
2023-11-15 00:00:00,35558.0,35663.0,35378.0,35391.0,114.95498013
2023-11-15 04:00:00,35389.0,35671.0,35389.0,35587.0,92.39964245
2023-11-15 08:00:00,35595.0,36280.0,35595.0,36242.0,243.08862749
2023-11-15 12:00:00,36249.0,36411.0,36019.0,36411.0,452.11543008
2023-11-15 16:00:00,36409.0,37769.0,36276.0,37524.0,1159.86753982
2023-11-15 20:00:00,37541.0,37975.0,37352.0,37877.0,431.43460436
2023-11-16 00:00:00,37886.0,37960.0,37366.0,37469.0,227.18774364
2023-11-16 04:00:00,37472.0,37619.0,37349.0,37451.0,104.94940851
2023-11-16 08:00:00,37465.0,37556.0,37157.0,37254.0,287.40042607
2023-11-16 12:00:00,37263.0,37324.0,36285.0,36420.0,540.52244433
2023-11-16 16:00:00,36416.0,36647.0,35539.0,35905.0,583.85206675
2023-11-16 20:00:00,35908.0,36279.0,35685.0,36165.0,331.06603298
2023-11-17 00:00:00,36167.0,36670.0,36106.0,36500.0,194.99727938
2023-11-17 04:00:00,36501.0,36531.0,36168.0,36247.0,168.89261137
2023-11-17 08:00:00,36249.0,36468.0,36145.0,36379.0,237.51862136
2023-11-17 12:00:00,36387.0,36617.0,35891.0,36047.0,543.68090657
2023-11-17 16:00:00,36035.0,36800.0,35921.0,36327.0,659.32395547
2023-11-17 20:00:00,36343.0,36736.0,36318.0,36625.0,92.66705711
2023-11-18 00:00:00,36626.0,36631.0,36381.0,36387.0,78.80874412
2023-11-18 04:00:00,36398.0,36449.0,36211.0,36422.0,93.99517942
2023-11-18 08:00:00,36430.0,36546.0,36388.0,36416.0,91.72310356
2023-11-18 12:00:00,36426.0,36692.0,36374.0,36679.0,98.69639049
2023-11-18 16:00:00,36682.0,36851.0,36626.0,36691.0,132.0015449
2023-11-18 20:00:00,36705.0,36733.0,36473.0,36590.0,105.41180298
2023-11-19 00:00:00,36591.0,36591.0,36420.0,36537.0,81.40820957
2023-11-19 04:00:00,36531.0,36683.0,36514.0,36630.0,75.45925911
2023-11-19 08:00:00,36642.0,36727.0,36429.0,36487.0,72.9927694
2023-11-19 12:00:00,36480.0,36582.0,36425.0,36582.0,64.43151412
2023-11-19 16:00:00,36582.0,37000.0,36543.0,36958.0,168.72583598
2023-11-19 20:00:00,36983.0,37520.0,36849.0,37426.0,785.8457196
2023-11-20 00:00:00,37426.0,37430.0,37073.0,37128.0,420.86080064
2023-11-20 04:00:00,37154.0,37269.0,37073.0,37257.0,138.20620095
2023-11-20 08:00:00,37267.0,37436.0,37086.0,37193.0,295.83401461
2023-11-20 12:00:00,37192.0,37504.0,36716.0,37492.0,601.72948533
2023-11-20 16:00:00,37498.0,37769.0,36888.0,37607.0,700.06193548
2023-11-20 20:00:00,37608.0,37640.0,37312.0,37480.0,310.23060088
2023-11-21 00:00:00,37473.0,37664.0,37340.0,37495.0,131.39694002
2023-11-21 04:00:00,37492.0,37508.0,37264.0,37299.0,129.74264858
2023-11-21 08:00:00,37302.0,37433.0,37166.0,37184.0,86.43048732
2023-11-21 12:00:00,37183.0,37250.0,36281.0,37001.0,1069.70263915
2023-11-21 16:00:00,37011.0,37522.0,36657.0,36990.0,766.56113483
2023-11-21 20:00:00,36988.0,37187.0,35758.0,35758.0,451.50953939
2023-11-22 00:00:00,35762.0,36389.0,35651.0,36389.0,304.91561524
2023-11-22 04:00:00,36389.0,36573.0,36330.0,36459.0,130.9448646
2023-11-22 08:00:00,36462.0,36768.0,36416.0,36478.0,244.56388954
2023-11-22 12:00:00,36468.0,36657.0,36246.0,36496.0,384.46832015
2023-11-22 16:00:00,36490.0,37436.0,36377.0,37299.0,382.71658198
2023-11-22 20:00:00,37314.0,37865.0,37235.0,37424.0,622.56304769
2023-11-23 00:00:00,37432.0,37543.0,37283.0,37317.0,192.50075013
2023-11-23 04:00:00,37317.0,37426.0,37284.0,37390.0,122.39209068
2023-11-23 08:00:00,37387.0,37649.0,37173.0,37372.0,209.3144641
2023-11-23 12:00:00,37372.0,37540.0,36886.0,36972.0,264.9276656
2023-11-23 16:00:00,36966.0,37340.0,36952.0,37296.0,144.10784896
2023-11-23 20:00:00,37292.0,37390.0,37223.0,37301.0,89.16376677
2023-11-24 00:00:00,37312.0,37484.0,37266.0,37329.0,109.07384791
2023-11-24 04:00:00,37335.0,37575.0,37318.0,37532.0,58.7794062
2023-11-24 08:00:00,37534.0,38078.0,37439.0,37763.0,592.71048586
2023-11-24 12:00:00,37760.0,38437.0,37626.0,38252.0,605.91927152
2023-11-24 16:00:00,38259.0,38386.0,37615.0,37796.0,342.19471491
2023-11-24 20:00:00,37788.0,37960.0,37610.0,37746.0,93.35402243
2023-11-25 00:00:00,37750.0,37864.0,37708.0,37830.0,38.92814848
2023-11-25 04:00:00,37813.0,37859.0,37756.0,37831.0,72.44219084
2023-11-25 08:00:00,37829.0,37846.0,37619.0,37678.0,74.55165355
2023-11-25 12:00:00,37669.0,37755.0,37646.0,37728.0,82.32392523
2023-11-25 16:00:00,37720.0,37859.0,37716.0,37851.0,46.35001317
2023-11-25 20:00:00,37857.0,37908.0,37747.0,37809.0,105.44106942
2023-11-26 00:00:00,37811.0,37814.0,37696.0,37762.0,47.22496602
2023-11-26 04:00:00,37762.0,37814.0,37725.0,37814.0,54.13001675
2023-11-26 08:00:00,37816.0,37837.0,37700.0,37706.0,56.63559595
2023-11-26 12:00:00,37700.0,37700.0,37314.0,37461.0,413.19153001
2023-11-26 16:00:00,37444.0,37520.0,37173.0,37395.0,194.39993204
2023-11-26 20:00:00,37395.0,37755.0,37340.0,37460.0,191.10162244
2023-11-27 00:00:00,37467.0,37574.0,37215.0,37322.0,81.13615628
2023-11-27 04:00:00,37320.0,37430.0,37085.0,37299.0,142.89330595
2023-11-27 08:00:00,37300.0,37471.0,36907.0,37040.0,322.4843082
2023-11-27 12:00:00,37019.0,37116.0,36731.0,36763.0,351.7798213
2023-11-27 16:00:00,36755.0,37147.0,36727.0,36880.0,337.59656077
2023-11-27 20:00:00,36880.0,37281.0,36798.0,37240.0,225.41799831
2023-11-28 00:00:00,37256.0,37340.0,37087.0,37132.0,240.900287
2023-11-28 04:00:00,37130.0,37151.0,36883.0,37108.0,109.79999423
2023-11-28 08:00:00,37123.0,37251.0,36932.0,37251.0,322.91397407
2023-11-28 12:00:00,37251.0,37567.0,37150.0,37527.0,247.43780141
2023-11-28 16:00:00,37542.0,38420.0,37542.0,38151.0,1397.39552708
2023-11-28 20:00:00,38148.0,38372.0,37700.0,37839.0,610.73183697
2023-11-29 00:00:00,37842.0,38105.0,37700.0,37970.0,188.45827145
2023-11-29 04:00:00,37980.0,38245.0,37898.0,38128.0,137.56096007
2023-11-29 08:00:00,38154.0,38457.0,37923.0,38129.0,648.00997242
2023-11-29 12:00:00,38117.0,38298.0,37597.0,37838.0,329.75511981
2023-11-29 16:00:00,37847.0,37928.0,37660.0,37887.0,144.73194068
2023-11-29 20:00:00,37894.0,37894.0,37600.0,37863.0,148.45957838
2023-11-30 00:00:00,37864.0,38051.0,37696.0,38051.0,125.28050574
2023-11-30 04:00:00,38051.0,38173.0,37787.0,37802.0,168.63609254
2023-11-30 08:00:00,37808.0,37909.0,37598.0,37896.0,154.51410549
2023-11-30 12:00:00,37909.0,37968.0,37510.0,37619.0,487.45322105
2023-11-30 16:00:00,37622.0,37820.0,37535.0,37763.0,127.60194107
2023-11-30 20:00:00,37762.0,37814.0,37619.0,37719.0,175.00987664
2023-12-01 00:00:00,37731.0,38080.0,37628.0,38057.0,184.28144014
2023-12-01 04:00:00,38065.0,38352.0,38033.0,38254.0,163.48309617
2023-12-01 08:00:00,38255.0,38839.0,38238.0,38608.0,439.96380851
2023-12-01 12:00:00,38594.0,38643.0,38234.0,38428.0,281.98135385
2023-12-01 16:00:00,38426.0,39000.0,38412.0,38776.0,387.45952966
2023-12-01 20:00:00,38784.0,38911.0,38673.0,38707.0,127.57509079
2023-12-02 00:00:00,38707.0,38816.0,38663.0,38802.0,70.3171242
2023-12-02 04:00:00,38796.0,38838.0,38728.0,38728.0,48.59597894
2023-12-02 08:00:00,38724.0,38807.0,38681.0,38758.0,53.37630396
2023-12-02 12:00:00,38753.0,38876.0,38736.0,38833.0,84.30862265
2023-12-02 16:00:00,38824.0,39687.0,38733.0,39436.0,612.50389814
2023-12-02 20:00:00,39445.0,39725.0,39294.0,39474.0,140.27721983
2023-12-03 00:00:00,39474.0,39573.0,39304.0,39400.0,90.65574041
2023-12-03 04:00:00,39397.0,39502.0,39343.0,39497.0,62.60436763
2023-12-03 08:00:00,39500.0,39545.0,39413.0,39497.0,48.52560696
2023-12-03 12:00:00,39499.0,39808.0,39403.0,39767.0,276.98453492
2023-12-03 16:00:00,39770.0,39845.0,39463.0,39575.0,49.67737899
2023-12-03 20:00:00,39589.0,40210.0,39572.0,39989.0,501.98350925
2023-12-04 00:00:00,39988.0,40888.0,39988.0,40728.0,337.9676903
2023-12-04 04:00:00,40726.0,41748.0,40704.0,41449.0,392.46124849
2023-12-04 08:00:00,41461.0,42162.0,41370.0,41617.0,405.52899031
2023-12-04 12:00:00,41618.0,41925.0,41150.0,41274.0,551.21497869
2023-12-04 16:00:00,41275.0,42044.0,41187.0,41972.0,402.06235428
2023-12-04 20:00:00,41991.0,42404.0,41724.0,41985.0,367.90739867
2023-12-05 00:00:00,41979.0,41979.0,41630.0,41834.0,173.12114155
2023-12-05 04:00:00,41833.0,41914.0,41415.0,41526.0,175.85081055
2023-12-05 08:00:00,41520.0,41769.0,41434.0,41730.0,214.23372958
2023-12-05 12:00:00,41730.0,42492.0,41695.0,42270.0,381.73811316
2023-12-05 16:00:00,42264.0,44086.0,42138.0,43799.0,1108.35824121
2023-12-05 20:00:00,43815.0,44490.0,43426.0,44075.0,328.41678544
2023-12-06 00:00:00,44087.0,44149.0,43588.0,43738.0,264.33756927
2023-12-06 04:00:00,43744.0,43864.0,43461.0,43667.0,132.59806296
2023-12-06 08:00:00,43690.0,44282.0,43419.0,43841.0,486.0949797
2023-12-06 12:00:00,43824.0,44277.0,43744.0,43807.0,291.02417873
2023-12-06 16:00:00,43786.0,44129.0,43741.0,43992.0,193.77402398
2023-12-06 20:00:00,43997.0,44083.0,43612.0,43764.0,223.06642801
2023-12-07 00:00:00,43764.0,43995.0,43717.0,43936.0,95.6544602
2023-12-07 04:00:00,43933.0,44044.0,43849.0,43895.0,80.50841348
2023-12-07 08:00:00,43903.0,43904.0,42849.0,43189.0,605.18377909
2023-12-07 12:00:00,43184.0,43935.0,42974.0,43649.0,404.96567914
2023-12-07 16:00:00,43667.0,43762.0,43079.0,43201.0,244.78590794
2023-12-07 20:00:00,43213.0,43449.0,43098.0,43291.0,106.47854112
2023-12-08 00:00:00,43296.0,43529.0,43294.0,43383.0,141.16253733
2023-12-08 04:00:00,43384.0,43539.0,43134.0,43171.0,181.33771681
2023-12-08 08:00:00,43202.0,43733.0,43078.0,43664.0,248.15624081
2023-12-08 12:00:00,43664.0,44039.0,43492.0,43770.0,367.12484818
2023-12-08 16:00:00,43771.0,43992.0,43658.0,43988.0,328.49827693
2023-12-08 20:00:00,43989.0,44729.0,43967.0,44193.0,443.98059175
2023-12-09 00:00:00,44210.0,44303.0,44060.0,44151.0,113.96285288
2023-12-09 04:00:00,44171.0,44362.0,44124.0,44204.0,123.77520677
2023-12-09 08:00:00,44201.0,44211.0,43759.0,43835.0,238.63217758
2023-12-09 12:00:00,43820.0,44144.0,43759.0,44066.0,208.6110986
2023-12-09 16:00:00,44064.0,44100.0,43901.0,43953.0,126.72102104
2023-12-09 20:00:00,43943.0,44092.0,43605.0,43712.0,227.65721944
2023-12-10 00:00:00,43710.0,43859.0,43656.0,43843.0,293.20552
2023-12-10 04:00:00,43843.0,44007.0,43833.0,43976.0,65.37747244
2023-12-10 08:00:00,43981.0,44034.0,43623.0,43747.0,139.38675057
2023-12-10 12:00:00,43747.0,43959.0,43743.0,43913.0,118.90873205
2023-12-10 16:00:00,43918.0,43939.0,43754.0,43799.0,78.76961432
2023-12-10 20:00:00,43790.0,44038.0,43582.0,43786.0,177.17758649
2023-12-11 00:00:00,43786.0,43801.0,40659.0,42324.0,1439.73423377
2023-12-11 04:00:00,42305.0,42329.0,41659.0,42117.0,751.78994029
2023-12-11 08:00:00,42107.0,42482.0,41976.0,42339.0,305.84405224
2023-12-11 12:00:00,42341.0,42393.0,41665.0,41768.0,323.89907043
2023-12-11 16:00:00,41775.0,41828.0,40181.0,40710.0,1156.55639947
2023-12-11 20:00:00,40719.0,41334.0,40504.0,41242.0,283.66163936
2023-12-12 00:00:00,41232.0,41914.0,41166.0,41730.0,217.35385081
2023-12-12 04:00:00,41729.0,42035.0,41376.0,41919.0,302.8019478
2023-12-12 08:00:00,41915.0,42071.0,41560.0,41573.0,222.10021389
2023-12-12 12:00:00,41578.0,42035.0,41157.0,41335.0,323.6281665
2023-12-12 16:00:00,41334.0,41401.0,40649.0,41112.0,346.3729513
2023-12-12 20:00:00,41118.0,41529.0,41042.0,41458.0,198.30368376
2023-12-13 00:00:00,41483.0,41483.0,40589.0,40800.0,339.85965076
2023-12-13 04:00:00,40818.0,41201.0,40656.0,41095.0,181.82930888
2023-12-13 08:00:00,41100.0,41246.0,40955.0,40985.0,99.96862524
2023-12-13 12:00:00,40980.0,41925.0,40977.0,41918.0,331.73212643
2023-12-13 16:00:00,41918.0,42876.0,41789.0,42734.0,1117.69928408
2023-12-13 20:00:00,42743.0,43440.0,42604.0,42888.0,573.74744527
2023-12-14 00:00:00,42899.0,42953.0,42681.0,42732.0,98.90657651
2023-12-14 04:00:00,42732.0,43102.0,42698.0,42912.0,184.31096433
2023-12-14 08:00:00,42917.0,43341.0,42713.0,43268.0,335.71025224
2023-12-14 12:00:00,43272.0,43359.0,41509.0,42466.0,815.68854619
2023-12-14 16:00:00,42465.0,43409.0,42460.0,43109.0,493.47982337
2023-12-14 20:00:00,43108.0,43194.0,42872.0,43031.0,73.98166041
2023-12-15 00:00:00,43047.0,43082.0,42531.0,42798.0,165.5455167
2023-12-15 04:00:00,42799.0,42865.0,42538.0,42712.0,94.58490753
2023-12-15 08:00:00,42712.0,43025.0,42649.0,42780.0,158.35162075
2023-12-15 12:00:00,42783.0,42786.0,41664.0,41880.0,507.65130206
2023-12-15 16:00:00,41891.0,42167.0,41695.0,42082.0,355.71835858
2023-12-15 20:00:00,42084.0,42267.0,41912.0,41925.0,472.06692277
2023-12-16 00:00:00,41926.0,42380.0,41639.0,42333.0,192.70283113
2023-12-16 04:00:00,42342.0,42343.0,42126.0,42186.0,66.75751033
2023-12-16 08:00:00,42198.0,42298.0,42076.0,42295.0,62.97683533
2023-12-16 12:00:00,42298.0,42568.0,42227.0,42566.0,190.58484875
2023-12-16 16:00:00,42568.0,42676.0,42319.0,42327.0,92.82690072
2023-12-16 20:00:00,42327.0,42390.0,42133.0,42246.0,96.62834921
2023-12-17 00:00:00,42228.0,42268.0,41839.0,41890.0,156.10540092
2023-12-17 04:00:00,41890.0,42010.0,41753.0,41856.0,159.50624602
2023-12-17 08:00:00,41845.0,41960.0,41669.0,41923.0,89.28600084
2023-12-17 12:00:00,41916.0,41960.0,41533.0,41761.0,325.38145759
2023-12-17 16:00:00,41765.0,42364.0,41654.0,42071.0,266.5930012
2023-12-17 20:00:00,42070.0,42138.0,41266.0,41345.0,247.26865833
2023-12-18 00:00:00,41337.0,41408.0,40783.0,41062.0,260.50683777
2023-12-18 04:00:00,41066.0,41261.0,40975.0,41087.0,163.53842595
2023-12-18 08:00:00,41085.0,41211.0,40513.0,41067.0,477.66305305
2023-12-18 12:00:00,41068.0,41699.0,40856.0,41240.0,363.46640211
2023-12-18 16:00:00,41286.0,41709.0,41130.0,41691.0,248.27580296
2023-12-18 20:00:00,41708.0,42732.0,41569.0,42650.0,816.81530242
2023-12-19 00:00:00,42664.0,43456.0,42568.0,43076.0,655.0502245
2023-12-19 04:00:00,43076.0,43125.0,42804.0,43028.0,165.75275654
2023-12-19 08:00:00,43048.0,43247.0,42938.0,42962.0,334.93265969
2023-12-19 12:00:00,42969.0,43017.0,42218.0,42475.0,376.26406461
2023-12-19 16:00:00,42469.0,42621.0,41794.0,42316.0,539.82040629
2023-12-19 20:00:00,42308.0,42497.0,42111.0,42258.0,204.15283049
2023-12-20 00:00:00,42257.0,42481.0,42207.0,42410.0,105.13252597
2023-12-20 04:00:00,42410.0,42994.0,42362.0,42910.0,209.60529468
2023-12-20 08:00:00,42941.0,42977.0,42681.0,42860.0,136.90394404
2023-12-20 12:00:00,42862.0,44291.0,42763.0,44064.0,927.23571988
2023-12-20 16:00:00,44069.0,44279.0,43505.0,43765.0,617.24764049
2023-12-20 20:00:00,43774.0,43811.0,43249.0,43665.0,558.07755625
2023-12-21 00:00:00,43667.0,43728.0,43305.0,43652.0,234.02425299
2023-12-21 04:00:00,43655.0,43865.0,43468.0,43753.0,78.9848843
2023-12-21 08:00:00,43755.0,44100.0,43561.0,43946.0,309.3218291
2023-12-21 12:00:00,43947.0,44240.0,43403.0,43826.0,471.23147158
2023-12-21 16:00:00,43823.0,43917.0,43379.0,43589.0,368.80556865
2023-12-21 20:00:00,43589.0,44118.0,43560.0,43873.0,380.63424162
2023-12-22 00:00:00,43871.0,44258.0,43759.0,43981.0,259.78012013
2023-12-22 04:00:00,44021.0,44409.0,43556.0,43595.0,226.4146349
2023-12-22 08:00:00,43594.0,43828.0,43475.0,43757.0,128.08476204
2023-12-22 12:00:00,43761.0,43817.0,43430.0,43690.0,242.00251749
2023-12-22 16:00:00,43677.0,44012.0,43498.0,43670.0,214.92236439
2023-12-22 20:00:00,43665.0,44076.0,43664.0,44002.0,191.48627525
2023-12-23 00:00:00,44011.0,44027.0,43529.0,43573.0,137.26540225
2023-12-23 04:00:00,43559.0,43676.0,43347.0,43593.0,156.46717822
2023-12-23 08:00:00,43592.0,43691.0,43519.0,43573.0,127.27422668
2023-12-23 12:00:00,43572.0,43875.0,43568.0,43778.0,125.4407847
2023-12-23 16:00:00,43785.0,43865.0,43718.0,43728.0,120.85566388
2023-12-23 20:00:00,43726.0,43849.0,43670.0,43733.0,95.50490973
2023-12-24 00:00:00,43730.0,43923.0,43639.0,43858.0,144.87269524
2023-12-24 04:00:00,43868.0,43954.0,43472.0,43676.0,144.03247946
2023-12-24 08:00:00,43672.0,43712.0,43466.0,43660.0,85.92687337
2023-12-24 12:00:00,43659.0,43891.0,43586.0,43718.0,95.0257641
2023-12-24 16:00:00,43719.0,43738.0,43608.0,43653.0,62.59625505
2023-12-24 20:00:00,43643.0,43643.0,42700.0,43033.0,402.0223636
2023-12-25 00:00:00,43015.0,43160.0,42771.0,43160.0,158.56955822
2023-12-25 04:00:00,43160.0,43330.0,43106.0,43218.0,34.59098243
2023-12-25 08:00:00,43225.0,43295.0,43077.0,43201.0,102.31843234
2023-12-25 12:00:00,43192.0,43807.0,43112.0,43634.0,324.68986567
2023-12-25 16:00:00,43641.0,43718.0,43384.0,43491.0,80.95293081
2023-12-25 20:00:00,43502.0,43723.0,43366.0,43591.0,107.74050735
2023-12-26 00:00:00,43587.0,43605.0,43409.0,43469.0,81.56870286
2023-12-26 04:00:00,43468.0,43488.0,42565.0,42776.0,574.25569086
2023-12-26 08:00:00,42764.0,42800.0,42193.0,42676.0,545.30315237
2023-12-26 12:00:00,42672.0,42808.0,42283.0,42364.0,384.84269275
2023-12-26 16:00:00,42367.0,42414.0,41639.0,42084.0,728.14746881
2023-12-26 20:00:00,42072.0,42584.0,42044.0,42510.0,162.79379963
2023-12-27 00:00:00,42511.0,42543.0,42121.0,42231.0,168.28032925
2023-12-27 04:00:00,42222.0,42538.0,42212.0,42467.0,68.77117249
2023-12-27 08:00:00,42465.0,43224.0,42400.0,43020.0,693.5166309
2023-12-27 12:00:00,43019.0,43160.0,42723.0,42998.0,443.11851708
2023-12-27 16:00:00,43000.0,43227.0,42892.0,43171.0,333.07568919
2023-12-27 20:00:00,43186.0,43698.0,43138.0,43473.0,322.61138123
2023-12-28 00:00:00,43468.0,43812.0,43349.0,43445.0,205.88881442
2023-12-28 04:00:00,43444.0,43644.0,42835.0,43065.0,222.06435077
2023-12-28 08:00:00,43066.0,43201.0,42892.0,43068.0,179.22506836
2023-12-28 12:00:00,43083.0,43151.0,42411.0,42457.0,465.04784083
2023-12-28 16:00:00,42457.0,42712.0,42288.0,42622.0,257.63765319
2023-12-28 20:00:00,42610.0,42758.0,42360.0,42583.0,80.73808778
2023-12-29 00:00:00,42587.0,42787.0,42141.0,42716.0,339.69945488
2023-12-29 04:00:00,42720.0,42783.0,42249.0,42316.0,253.03467815
2023-12-29 08:00:00,42316.0,42958.0,42316.0,42887.0,292.19081811
2023-12-29 12:00:00,42893.0,43128.0,42176.0,42288.0,550.76454514
2023-12-29 16:00:00,42295.0,42364.0,41651.0,42101.0,857.3442628
2023-12-29 20:00:00,42115.0,42231.0,41306.0,42072.0,446.97667519
2023-12-30 00:00:00,42069.0,42211.0,41826.0,41973.0,61.52366164
2023-12-30 04:00:00,41972.0,42146.0,41935.0,41948.0,123.64313335
2023-12-30 08:00:00,41939.0,41986.0,41529.0,41892.0,226.80651325
2023-12-30 12:00:00,41905.0,42420.0,41888.0,42370.0,165.15545307
2023-12-30 16:00:00,42373.0,42599.0,42258.0,42358.0,223.30760993
2023-12-30 20:00:00,42356.0,42401.0,42094.0,42148.0,130.78575205
2023-12-31 00:00:00,42148.0,42426.0,41976.0,42171.0,167.19703293
2023-12-31 04:00:00,42170.0,42656.0,42151.0,42519.0,161.57220449
2023-12-31 08:00:00,42525.0,42867.0,42365.0,42501.0,237.97609741
2023-12-31 12:00:00,42508.0,42629.0,42355.0,42449.0,252.92468278
2023-12-31 16:00:00,42448.0,42696.0,42416.0,42596.0,100.6195005
2023-12-31 20:00:00,42600.0,42643.0,42072.0,42258.0,272.43663996
2024-01-01 00:00:00,42258.0,42746.0,42253.0,42335.0,154.93517337
2024-01-01 04:00:00,42322.0,42497.0,42188.0,42465.0,75.72329968
2024-01-01 08:00:00,42494.0,42755.0,42452.0,42682.0,92.88787227
2024-01-01 12:00:00,42708.0,42840.0,42589.0,42766.0,144.08015771
2024-01-01 16:00:00,42793.0,43545.0,42678.0,43518.0,482.01057827
2024-01-01 20:00:00,43534.0,44192.0,43404.0,44187.0,683.86153649
2024-01-02 00:00:00,44187.0,45532.0,44167.0,45422.0,1315.52746045
2024-01-02 04:00:00,45482.0,45680.0,45173.0,45495.0,219.1539053
2024-01-02 08:00:00,45497.0,45922.0,45250.0,45467.0,501.00484299
2024-01-02 12:00:00,45467.0,45845.0,44899.0,45226.0,848.28153316
2024-01-02 16:00:00,45227.0,45437.0,44844.0,45065.0,740.82753335
2024-01-02 20:00:00,45059.0,45297.0,44634.0,44970.0,323.86380068
2024-01-03 00:00:00,44972.0,45429.0,44887.0,45289.0,162.4201674
2024-01-03 04:00:00,45296.0,45391.0,44973.0,45029.0,132.49731811
2024-01-03 08:00:00,45028.0,45510.0,43533.0,43739.0,643.28398258
2024-01-03 12:00:00,43751.0,43751.0,41454.0,43014.0,2092.65203039
2024-01-03 16:00:00,43008.0,43606.0,41996.0,42627.0,631.32545305
2024-01-03 20:00:00,42608.0,42986.0,42548.0,42865.0,318.64910457
2024-01-04 00:00:00,42863.0,43238.0,42656.0,43143.0,289.20034083
2024-01-04 04:00:00,43151.0,43300.0,42804.0,42804.0,163.65498843
2024-01-04 08:00:00,42822.0,43273.0,42722.0,43226.0,267.64388253
2024-01-04 12:00:00,43231.0,44357.0,43147.0,44085.0,1016.59560021
2024-01-04 16:00:00,44090.0,44483.0,43829.0,44021.0,567.56095551
2024-01-04 20:00:00,44021.0,44795.0,43955.0,44186.0,613.46358168
2024-01-05 00:00:00,44195.0,44328.0,42616.0,43504.0,738.32771199
2024-01-05 04:00:00,43526.0,43949.0,43256.0,43810.0,242.43003693
2024-01-05 08:00:00,43809.0,44346.0,43496.0,43811.0,403.94501976
2024-01-05 12:00:00,43797.0,44132.0,42500.0,43527.0,818.73159862
2024-01-05 16:00:00,43523.0,43833.0,43139.0,43620.0,410.32897092
2024-01-05 20:00:00,43630.0,44366.0,43623.0,44184.0,541.70304504
2024-01-06 00:00:00,44189.0,44253.0,43863.0,43981.0,93.50350219
2024-01-06 04:00:00,43973.0,44010.0,43440.0,43697.0,196.03102435
2024-01-06 08:00:00,43688.0,43786.0,43595.0,43701.0,73.85869088
2024-01-06 12:00:00,43699.0,43938.0,43583.0,43898.0,153.45565533
2024-01-06 16:00:00,43893.0,44150.0,43861.0,43938.0,315.61220189
2024-01-06 20:00:00,43939.0,43999.0,43688.0,43999.0,148.07792224
2024-01-07 00:00:00,43988.0,44261.0,43875.0,43964.0,313.40444116
2024-01-07 04:00:00,43976.0,44117.0,43876.0,44111.0,182.53237649
2024-01-07 08:00:00,44116.0,44184.0,43912.0,44084.0,151.35359023
2024-01-07 12:00:00,44084.0,44500.0,43973.0,44094.0,407.49502533
2024-01-07 16:00:00,44071.0,44277.0,43749.0,44273.0,245.59991264
2024-01-07 20:00:00,44273.0,44290.0,43636.0,43944.0,447.05652448
2024-01-08 00:00:00,43936.0,43997.0,43213.0,43553.0,315.23462776
2024-01-08 04:00:00,43529.0,44245.0,43462.0,43984.0,355.22468863
2024-01-08 08:00:00,43995.0,44688.0,43676.0,44652.0,312.47775349
2024-01-08 12:00:00,44653.0,45352.0,44440.0,44991.0,1142.91175338
2024-01-08 16:00:00,45018.0,47281.0,44838.0,47021.0,1032.39273406
2024-01-08 20:00:00,47022.0,47247.0,46695.0,46995.0,478.61944288
2024-01-09 00:00:00,47012.0,47179.0,46281.0,46976.0,774.99552816
2024-01-09 04:00:00,46969.0,46975.0,46645.0,46853.0,149.27233857
2024-01-09 08:00:00,46852.0,46905.0,46428.0,46662.0,271.1591005
2024-01-09 12:00:00,46641.0,47054.0,45496.0,46873.0,810.21134954
2024-01-09 16:00:00,46943.0,46996.0,46528.0,46890.0,157.97782744
2024-01-09 20:00:00,46891.0,47897.0,44903.0,46124.0,1869.45868024
2024-01-10 00:00:00,46103.0,46247.0,45639.0,46132.0,103.6554436
2024-01-10 04:00:00,46155.0,46203.0,45746.0,45778.0,146.45155545
2024-01-10 08:00:00,45785.0,45867.0,45081.0,45532.0,382.30850437
2024-01-10 12:00:00,45492.0,45647.0,44304.0,45564.0,993.90532527
2024-01-10 16:00:00,45577.0,46715.0,45210.0,46518.0,490.00017394
2024-01-10 20:00:00,46514.0,47751.0,44900.0,46681.0,1925.23148842
2024-01-11 00:00:00,46678.0,46784.0,46229.0,46516.0,190.41591411
2024-01-11 04:00:00,46515.0,46521.0,45644.0,46092.0,464.95086965
2024-01-11 08:00:00,46105.0,47155.0,46061.0,47063.0,456.61772009
2024-01-11 12:00:00,47080.0,49048.0,46447.0,46712.0,1898.23867162
2024-01-11 16:00:00,46691.0,46949.0,45600.0,46704.0,911.7025448
2024-01-11 20:00:00,46699.0,47014.0,46100.0,46360.0,551.09769023
2024-01-12 00:00:00,46343.0,46516.0,45911.0,46005.0,133.51885696
2024-01-12 04:00:00,46000.0,46361.0,45777.0,46021.0,392.79365579
2024-01-12 08:00:00,46015.0,46253.0,45549.0,45958.0,348.17443823
2024-01-12 12:00:00,45956.0,46114.0,44272.0,44336.0,1313.58518586
2024-01-12 16:00:00,44336.0,44592.0,43155.0,43425.0,1337.31563842
2024-01-12 20:00:00,43418.0,44011.0,41509.0,42778.0,1681.50299276
2024-01-13 00:00:00,42772.0,42968.0,42440.0,42597.0,159.97655365
2024-01-13 04:00:00,42597.0,43246.0,42549.0,43093.0,202.9344214
2024-01-13 08:00:00,43101.0,43244.0,42511.0,42614.0,175.78023992
2024-01-13 12:00:00,42610.0,43236.0,42502.0,43147.0,218.15559733
2024-01-13 16:00:00,43176.0,43176.0,42737.0,42774.0,131.08650596
2024-01-13 20:00:00,42773.0,43030.0,42702.0,42843.0,157.22129657
2024-01-14 00:00:00,42834.0,42883.0,42637.0,42668.0,59.43204329
2024-01-14 04:00:00,42662.0,43041.0,42559.0,42998.0,135.20758438
2024-01-14 08:00:00,43000.0,43060.0,42781.0,42805.0,144.54445099
2024-01-14 12:00:00,42814.0,42988.0,42712.0,42908.0,136.4553054
2024-01-14 16:00:00,42919.0,42989.0,42621.0,42632.0,168.41742114
2024-01-14 20:00:00,42629.0,42712.0,41704.0,41715.0,612.20013631
2024-01-15 00:00:00,41701.0,42611.0,41680.0,42532.0,195.42537718
2024-01-15 04:00:00,42555.0,42800.0,42505.0,42697.0,81.57011459
2024-01-15 08:00:00,42709.0,42742.0,42512.0,42671.0,261.28530389
2024-01-15 12:00:00,42671.0,42933.0,42136.0,42256.0,428.98046704
2024-01-15 16:00:00,42242.0,43324.0,42221.0,42951.0,315.29046091
2024-01-15 20:00:00,42970.0,43086.0,42324.0,42493.0,173.4335315
2024-01-16 00:00:00,42483.0,42901.0,42445.0,42891.0,82.64209734
2024-01-16 04:00:00,42897.0,42901.0,42570.0,42736.0,118.9929062
2024-01-16 08:00:00,42736.0,43098.0,42671.0,42864.0,168.47925252
2024-01-16 12:00:00,42859.0,43295.0,42056.0,43245.0,986.45164996
2024-01-16 16:00:00,43238.0,43398.0,42829.0,43156.0,555.71206636
2024-01-16 20:00:00,43151.0,43566.0,43049.0,43131.0,456.51235213
2024-01-17 00:00:00,43128.0,43187.0,42837.0,42840.0,93.72220683
2024-01-17 04:00:00,42839.0,42895.0,42594.0,42634.0,100.55258735
2024-01-17 08:00:00,42612.0,42819.0,42544.0,42649.0,173.85422902
2024-01-17 12:00:00,42650.0,42897.0,42359.0,42456.0,608.46910773
2024-01-17 16:00:00,42458.0,42699.0,42172.0,42570.0,359.53132459
2024-01-17 20:00:00,42575.0,42845.0,42417.0,42738.0,333.58860154
2024-01-18 00:00:00,42738.0,42748.0,42474.0,42543.0,65.75144173
2024-01-18 04:00:00,42550.0,42870.0,42539.0,42856.0,132.78311487
2024-01-18 08:00:00,42870.0,42871.0,42344.0,42492.0,230.33209963
2024-01-18 12:00:00,42492.0,42761.0,42319.0,42579.0,369.0601064
2024-01-18 16:00:00,42580.0,42580.0,40770.0,40985.0,938.41475551
2024-01-18 20:00:00,40946.0,41320.0,40600.0,41283.0,497.28372041
2024-01-19 00:00:00,41250.0,41320.0,40715.0,41003.0,181.84918977
2024-01-19 04:00:00,41000.0,41533.0,40992.0,41214.0,392.1706026
2024-01-19 08:00:00,41213.0,41459.0,41098.0,41438.0,152.000072
2024-01-19 12:00:00,41435.0,41438.0,40672.0,40842.0,741.52006566
2024-01-19 16:00:00,40850.0,41932.0,40258.0,41770.0,817.51957677
2024-01-19 20:00:00,41768.0,42152.0,41430.0,41628.0,352.81889943
2024-01-20 00:00:00,41622.0,41660.0,41428.0,41607.0,114.85728413
2024-01-20 04:00:00,41603.0,41744.0,41543.0,41629.0,83.16322796
2024-01-20 08:00:00,41637.0,41650.0,41438.0,41548.0,158.05495977
2024-01-20 12:00:00,41559.0,41662.0,41460.0,41543.0,137.82805506
2024-01-20 16:00:00,41542.0,41644.0,41499.0,41607.0,59.81470861
2024-01-20 20:00:00,41607.0,41854.0,41586.0,41673.0,197.71563412
2024-01-21 00:00:00,41658.0,41704.0,41610.0,41668.0,110.10567463
2024-01-21 04:00:00,41663.0,41677.0,41554.0,41622.0,42.20379802
2024-01-21 08:00:00,41629.0,41793.0,41629.0,41702.0,44.2712816
2024-01-21 12:00:00,41692.0,41849.0,41590.0,41632.0,113.68444286
2024-01-21 16:00:00,41634.0,41704.0,41519.0,41704.0,57.74229668
2024-01-21 20:00:00,41702.0,41778.0,41485.0,41560.0,98.93917514
2024-01-22 00:00:00,41555.0,41649.0,41034.0,41162.0,230.16413936
2024-01-22 04:00:00,41164.0,41266.0,40687.0,40987.0,244.63361147
2024-01-22 08:00:00,40997.0,41004.0,40345.0,40774.0,408.11209099
2024-01-22 12:00:00,40762.0,41187.0,40324.0,40716.0,671.02506966
2024-01-22 16:00:00,40725.0,40798.0,39445.0,39798.0,995.21121417
2024-01-22 20:00:00,39796.0,40322.0,39437.0,39528.0,483.63605988
2024-01-23 00:00:00,39515.0,40081.0,39471.0,39968.0,122.57809584
2024-01-23 04:00:00,39975.0,40133.0,39630.0,39740.0,255.36666145
2024-01-23 08:00:00,39740.0,39816.0,38620.0,38807.0,753.00621305
2024-01-23 12:00:00,38801.0,39391.0,38505.0,39179.0,403.64301258
2024-01-23 16:00:00,39158.0,39606.0,38892.0,39117.0,589.53495205
2024-01-23 20:00:00,39136.0,39869.0,38989.0,39868.0,617.31442429
2024-01-24 00:00:00,39849.0,40224.0,39551.0,39591.0,325.91000666
2024-01-24 04:00:00,39570.0,40128.0,39545.0,39941.0,138.66574896
2024-01-24 08:00:00,39951.0,40515.0,39831.0,40190.0,373.64206568
2024-01-24 12:00:00,40190.0,40262.0,39749.0,40036.0,636.57199478
2024-01-24 16:00:00,40032.0,40181.0,39597.0,39799.0,666.28271308
2024-01-24 20:00:00,39789.0,40162.0,39461.0,40074.0,507.38889692
2024-01-25 00:00:00,40074.0,40162.0,39908.0,39993.0,251.52542924
2024-01-25 04:00:00,39993.0,40109.0,39778.0,40108.0,127.37659516
2024-01-25 08:00:00,40106.0,40278.0,39945.0,40155.0,285.97874033
2024-01-25 12:00:00,40160.0,40254.0,39611.0,39784.0,503.15454396
2024-01-25 16:00:00,39782.0,40002.0,39531.0,39969.0,558.37594457
2024-01-25 20:00:00,39969.0,39979.0,39607.0,39916.0,569.42072936
2024-01-26 00:00:00,39929.0,40188.0,39808.0,40047.0,187.80670175
2024-01-26 04:00:00,40047.0,40181.0,39879.0,39955.0,400.25884545
2024-01-26 08:00:00,39955.0,41301.0,39944.0,41257.0,847.3379538
2024-01-26 12:00:00,41284.0,41564.0,40895.0,41401.0,804.32937517
2024-01-26 16:00:00,41400.0,42194.0,41380.0,42054.0,918.65170501
2024-01-26 20:00:00,42052.0,42233.0,41800.0,41818.0,367.29768254
2024-01-27 00:00:00,41817.0,41919.0,41709.0,41810.0,149.86057727
2024-01-27 04:00:00,41809.0,41872.0,41609.0,41704.0,104.6121963
2024-01-27 08:00:00,41669.0,41784.0,41396.0,41753.0,174.91489979
2024-01-27 12:00:00,41753.0,41879.0,41707.0,41810.0,101.66450351
2024-01-27 16:00:00,41809.0,41973.0,41749.0,41915.0,103.00342364
2024-01-27 20:00:00,41915.0,42187.0,41915.0,42124.0,154.1434316
2024-01-28 00:00:00,42126.0,42231.0,41945.0,42224.0,138.61652909
2024-01-28 04:00:00,42231.0,42824.0,42227.0,42393.0,469.01673815
2024-01-28 08:00:00,42393.0,42699.0,42335.0,42476.0,215.95665671
2024-01-28 12:00:00,42477.0,42522.0,42157.0,42252.0,123.9885333
2024-01-28 16:00:00,42242.0,42342.0,41731.0,41781.0,132.72152548
2024-01-28 20:00:00,41779.0,42056.0,41629.0,42026.0,274.01456949
2024-01-29 00:00:00,42027.0,42484.0,41879.0,42325.0,164.52653772
2024-01-29 04:00:00,42324.0,42338.0,41987.0,42042.0,163.79121426
2024-01-29 08:00:00,42038.0,42375.0,41956.0,42220.0,254.13710787
2024-01-29 12:00:00,42240.0,42630.0,41804.0,42630.0,516.53897466
2024-01-29 16:00:00,42631.0,43295.0,42548.0,42992.0,832.93412436
2024-01-29 20:00:00,43002.0,43305.0,42983.0,43305.0,373.20665544
2024-01-30 00:00:00,43302.0,43775.0,43138.0,43513.0,332.32950251
2024-01-30 04:00:00,43513.0,43563.0,43260.0,43354.0,136.33144724
2024-01-30 08:00:00,43352.0,43550.0,43220.0,43530.0,241.5961165
2024-01-30 12:00:00,43529.0,43853.0,43124.0,43370.0,488.83165545
2024-01-30 16:00:00,43379.0,43587.0,43233.0,43547.0,171.26005727
2024-01-30 20:00:00,43548.0,43799.0,42692.0,42946.0,921.21843277
2024-01-31 00:00:00,42945.0,43098.0,42655.0,42917.0,327.39362346
2024-01-31 04:00:00,42915.0,43047.0,42856.0,43023.0,81.87963335
2024-01-31 08:00:00,43009.0,43050.0,42340.0,42615.0,361.28089051
2024-01-31 12:00:00,42615.0,43445.0,42488.0,43354.0,600.27315525
2024-01-31 16:00:00,43346.0,43738.0,43032.0,43300.0,671.09849974
2024-01-31 20:00:00,43347.0,43350.0,42264.0,42558.0,1244.55397402
2024-02-01 00:00:00,42548.0,42641.0,41859.0,41978.0,201.13695693
2024-02-01 04:00:00,41965.0,42259.0,41859.0,42148.0,157.99581092
2024-02-01 08:00:00,42140.0,42278.0,42010.0,42039.0,173.47867671
2024-02-01 12:00:00,42024.0,42917.0,41914.0,42502.0,504.71631606
2024-02-01 16:00:00,42498.0,43263.0,42359.0,43207.0,479.83260636
2024-02-01 20:00:00,43203.0,43260.0,42871.0,43071.0,353.36060546
2024-02-02 00:00:00,43075.0,43403.0,43011.0,43021.0,204.76171329
2024-02-02 04:00:00,43016.0,43238.0,42928.0,43072.0,119.63865468
2024-02-02 08:00:00,43067.0,43173.0,42917.0,43131.0,198.66385544
2024-02-02 12:00:00,43140.0,43217.0,42538.0,43209.0,782.26920198
2024-02-02 16:00:00,43210.0,43451.0,42600.0,43033.0,491.48556967
2024-02-02 20:00:00,43037.0,43208.0,42882.0,43183.0,99.85617018
2024-02-03 00:00:00,43183.0,43352.0,43129.0,43160.0,239.10891862
2024-02-03 04:00:00,43153.0,43196.0,43031.0,43031.0,92.19880896
2024-02-03 08:00:00,43037.0,43103.0,42959.0,42976.0,69.80928672
2024-02-03 12:00:00,42977.0,43165.0,42876.0,43106.0,131.01397154
2024-02-03 16:00:00,43103.0,43248.0,43005.0,43046.0,132.10076497
2024-02-03 20:00:00,43041.0,43077.0,42943.0,42994.0,95.23053004
2024-02-04 00:00:00,42991.0,43046.0,42886.0,43018.0,55.44126774
2024-02-04 04:00:00,43016.0,43019.0,42717.0,42830.0,86.4548241
2024-02-04 08:00:00,42830.0,43091.0,42716.0,43043.0,114.47916807
2024-02-04 12:00:00,43047.0,43097.0,42835.0,42920.0,74.2763223
2024-02-04 16:00:00,42922.0,42938.0,42568.0,42622.0,148.25306773
2024-02-04 20:00:00,42608.0,42953.0,42243.0,42570.0,296.01788872
2024-02-05 00:00:00,42568.0,42686.0,42244.0,42671.0,238.01176325
2024-02-05 04:00:00,42681.0,43124.0,42609.0,43024.0,150.15246917
2024-02-05 08:00:00,43025.0,43209.0,42912.0,43156.0,155.49524233
2024-02-05 12:00:00,43157.0,43515.0,42553.0,42602.0,860.09783277
2024-02-05 16:00:00,42597.0,42814.0,42451.0,42713.0,312.05464734
2024-02-05 20:00:00,42731.0,42747.0,42288.0,42659.0,313.27997133
2024-02-06 00:00:00,42657.0,42901.0,42521.0,42795.0,134.23624512
2024-02-06 04:00:00,42792.0,42864.0,42620.0,42846.0,158.57785096
2024-02-06 08:00:00,42833.0,43056.0,42640.0,42788.0,221.5203648
2024-02-06 12:00:00,42781.0,43222.0,42616.0,43214.0,398.88685519
2024-02-06 16:00:00,43213.0,43366.0,43003.0,43270.0,478.41649977
2024-02-06 20:00:00,43264.0,43295.0,43036.0,43092.0,150.21447947
2024-02-07 00:00:00,43093.0,43173.0,42764.0,42768.0,108.46384527
2024-02-07 04:00:00,42766.0,43010.0,42766.0,42883.0,78.8385201
2024-02-07 08:00:00,42883.0,43165.0,42819.0,42905.0,181.5206563
2024-02-07 12:00:00,42894.0,43295.0,42860.0,43041.0,304.09155566
2024-02-07 16:00:00,43037.0,43674.0,42983.0,43597.0,624.34564621
2024-02-07 20:00:00,43597.0,44389.0,43597.0,44346.0,369.52599418
2024-02-08 00:00:00,44342.0,44766.0,44325.0,44532.0,618.63739571
2024-02-08 04:00:00,44543.0,44622.0,44416.0,44507.0,100.4441046
2024-02-08 08:00:00,44507.0,44873.0,44507.0,44696.0,431.28713205
2024-02-08 12:00:00,44698.0,45489.0,44608.0,45470.0,913.54605739
2024-02-08 16:00:00,45465.0,45522.0,44903.0,45288.0,586.00118273
2024-02-08 20:00:00,45286.0,45587.0,45230.0,45300.0,451.84981996
2024-02-09 00:00:00,45299.0,46365.0,45252.0,46049.0,337.7805054
2024-02-09 04:00:00,46049.0,46439.0,45850.0,46202.0,219.08045459
2024-02-09 08:00:00,46206.0,47289.0,46204.0,47180.0,457.06808404
2024-02-09 12:00:00,47182.0,47708.0,46712.0,47174.0,1079.56999012
2024-02-09 16:00:00,47169.0,48201.0,47142.0,47537.0,809.43220049
2024-02-09 20:00:00,47528.0,47729.0,47067.0,47161.0,364.86167004
2024-02-10 00:00:00,47156.0,47514.0,47072.0,47396.0,131.98377218
2024-02-10 04:00:00,47402.0,47467.0,47190.0,47192.0,100.71366197
2024-02-10 08:00:00,47190.0,47293.0,46894.0,47205.0,137.67973737
2024-02-10 12:00:00,47209.0,47383.0,47137.0,47366.0,84.60828891
2024-02-10 16:00:00,47366.0,47668.0,47184.0,47540.0,168.41544382
2024-02-10 20:00:00,47547.0,48186.0,47474.0,47770.0,436.36227497
2024-02-11 00:00:00,47770.0,48563.0,47593.0,48536.0,152.18124168
2024-02-11 04:00:00,48551.0,48601.0,48105.0,48194.0,159.46774409
2024-02-11 08:00:00,48204.0,48452.0,47957.0,48433.0,108.77515678
2024-02-11 12:00:00,48422.0,48481.0,47960.0,48164.0,148.91795981
2024-02-11 16:00:00,48157.0,48403.0,47978.0,48299.0,244.2302816
2024-02-11 20:00:00,48296.0,48376.0,47993.0,48313.0,137.16917148
2024-02-12 00:00:00,48313.0,48814.0,48047.0,48167.0,247.13541677
2024-02-12 04:00:00,48167.0,48383.0,47781.0,48219.0,134.91684887
2024-02-12 08:00:00,48217.0,48323.0,47720.0,47908.0,248.53098941
2024-02-12 12:00:00,47909.0,50000.0,47846.0,49940.0,948.44259473
2024-02-12 16:00:00,49941.0,50333.0,49463.0,49539.0,556.44994858
2024-02-12 20:00:00,49539.0,50331.0,49539.0,49937.0,459.60115143
2024-02-13 00:00:00,49937.0,50385.0,49763.0,49815.0,241.11532154
2024-02-13 04:00:00,49814.0,50126.0,49811.0,50010.0,205.37939842
2024-02-13 08:00:00,49995.0,50259.0,49677.0,49998.0,235.1754585
2024-02-13 12:00:00,50011.0,50011.0,48435.0,48754.0,721.70927953
2024-02-13 16:00:00,48734.0,49279.0,48325.0,49044.0,282.52963295
2024-02-13 20:00:00,49057.0,49796.0,49041.0,49720.0,441.48887256
2024-02-14 00:00:00,49728.0,49746.0,49374.0,49540.0,129.30676715
2024-02-14 04:00:00,49539.0,49904.0,49267.0,49871.0,156.03591592
2024-02-14 08:00:00,49868.0,51746.0,49769.0,51575.0,813.71188758
2024-02-14 12:00:00,51575.0,52093.0,51368.0,51628.0,516.31334034
2024-02-14 16:00:00,51594.0,51789.0,51236.0,51715.0,584.65912567
2024-02-14 20:00:00,51713.0,51930.0,51506.0,51844.0,270.03529645
2024-02-15 00:00:00,51841.0,52544.51,51778.0,52394.0,384.06501307
2024-02-15 04:00:00,52392.0,52403.0,51690.0,51834.0,262.9476362
2024-02-15 08:00:00,51823.0,52528.0,51699.0,52378.0,260.28262231
2024-02-15 12:00:00,52366.0,52884.0,51759.0,51980.0,841.47829237
2024-02-15 16:00:00,51981.0,52407.0,51770.0,52049.0,390.84731806
2024-02-15 20:00:00,52046.0,52059.0,51364.0,51942.0,440.92580038
2024-02-16 00:00:00,51935.0,52376.0,51860.0,52336.0,169.51720766
2024-02-16 04:00:00,52325.0,52383.0,51752.0,51768.0,239.52503117
2024-02-16 08:00:00,51752.0,52451.0,51615.0,52242.0,399.51215481
2024-02-16 12:00:00,52220.0,52600.0,51621.0,51907.0,520.67153368
2024-02-16 16:00:00,51905.0,52275.0,51683.0,51777.0,234.21761432
2024-02-16 20:00:00,51780.0,52251.0,51702.0,52161.0,202.925816
2024-02-17 00:00:00,52163.0,52210.0,51889.0,51996.0,82.83107065
2024-02-17 04:00:00,51996.0,52064.0,51826.0,51934.0,69.93193617
2024-02-17 08:00:00,51927.0,51927.0,51522.0,51710.0,190.87913701
2024-02-17 12:00:00,51715.0,51752.0,50647.0,50992.0,285.34161541
2024-02-17 16:00:00,50999.0,51448.0,50756.0,51414.0,179.15757419
2024-02-17 20:00:00,51409.0,52019.0,51324.0,51664.0,191.82574451
2024-02-18 00:00:00,51661.0,51808.0,51196.0,51485.0,186.51511055
2024-02-18 04:00:00,51485.0,51745.0,51430.0,51650.0,111.12550998
2024-02-18 08:00:00,51681.0,52063.0,51654.0,51838.0,99.31901116
2024-02-18 12:00:00,51840.0,51945.0,51553.0,51791.0,108.45817449
2024-02-18 16:00:00,51789.0,51881.0,51663.0,51780.0,125.12008214
2024-02-18 20:00:00,51770.0,52393.0,51612.0,52130.0,294.67354093
2024-02-19 00:00:00,52155.0,52428.0,51925.0,52083.0,140.5357276
2024-02-19 04:00:00,52082.0,52496.0,51997.0,52407.0,98.42656571
2024-02-19 08:00:00,52406.0,52453.0,52083.0,52348.0,152.94027129
2024-02-19 12:00:00,52348.0,52465.0,52032.0,52128.0,284.80956151
2024-02-19 16:00:00,52121.0,52226.0,51694.0,51834.0,269.283625
2024-02-19 20:00:00,51823.0,52106.0,51711.0,51789.0,177.41467766
2024-02-20 00:00:00,51776.0,51846.0,51329.0,51587.0,275.94886326
2024-02-20 04:00:00,51589.0,52026.0,51522.0,51837.0,123.23041103
2024-02-20 08:00:00,51837.0,52389.0,51560.0,52300.0,457.02166352
2024-02-20 12:00:00,52299.0,53015.0,51387.0,51685.0,809.40634582
2024-02-20 16:00:00,51693.0,52107.0,50770.0,52103.0,394.97339218
2024-02-20 20:00:00,52089.0,52526.0,51909.0,52275.0,403.46846163
2024-02-21 00:00:00,52272.0,52397.0,52002.0,52015.0,135.5573765
2024-02-21 04:00:00,52006.0,52113.0,51492.0,51567.0,258.74895915
2024-02-21 08:00:00,51560.0,51779.0,50816.0,50964.0,524.77732046
2024-02-21 12:00:00,50972.0,51442.0,50611.0,51149.0,487.01535393
2024-02-21 16:00:00,51149.0,51429.0,50658.0,51055.0,273.43676917
2024-02-21 20:00:00,51047.0,51944.0,50865.0,51843.0,573.37209889
2024-02-22 00:00:00,51857.0,51868.0,51159.0,51576.0,299.92138719
2024-02-22 04:00:00,51573.0,51902.0,51345.0,51810.0,126.54026788
2024-02-22 08:00:00,51803.0,52011.0,51510.0,51606.0,314.57016326
2024-02-22 12:00:00,51604.0,51714.0,50921.0,51573.0,462.92173896
2024-02-22 16:00:00,51572.0,51730.0,51394.0,51496.0,251.95208345
2024-02-22 20:00:00,51484.0,52049.0,51177.0,51253.0,569.34011298
2024-02-23 00:00:00,51252.0,51507.0,50958.0,51084.0,93.63575059
2024-02-23 04:00:00,51075.0,51293.0,50880.0,50912.0,191.61616115
2024-02-23 08:00:00,50913.0,51239.0,50829.0,51208.0,201.03301512
2024-02-23 12:00:00,51208.0,51298.0,50786.0,50912.0,863.9519438
2024-02-23 16:00:00,50912.0,51189.0,50610.0,51095.0,179.61199884
2024-02-23 20:00:00,51102.0,51161.0,50519.0,50743.0,393.83586036
2024-02-24 00:00:00,50738.0,50904.0,50581.0,50841.0,95.72879598
2024-02-24 04:00:00,50841.0,51080.0,50815.0,51047.0,70.01977541
2024-02-24 08:00:00,51061.0,51147.0,50945.0,51114.0,65.65081985
2024-02-24 12:00:00,51118.0,51156.0,51025.0,51098.0,50.33642809
2024-02-24 16:00:00,51099.0,51683.0,51091.0,51547.0,191.69204918
2024-02-24 20:00:00,51559.0,51667.0,51442.0,51562.0,34.98890123
2024-02-25 00:00:00,51564.0,51870.0,51436.0,51614.0,149.82240539
2024-02-25 04:00:00,51614.0,51801.0,51510.0,51713.0,56.5668614
2024-02-25 08:00:00,51710.0,51780.0,51541.0,51644.0,49.97627588
2024-02-25 12:00:00,51650.0,51776.0,51441.0,51507.0,82.81851278
2024-02-25 16:00:00,51516.0,51726.0,51282.0,51668.0,116.11078691
2024-02-25 20:00:00,51670.0,51958.0,51647.0,51722.0,131.79013938
2024-02-26 00:00:00,51738.0,51783.0,51399.0,51560.0,91.27594143
2024-02-26 04:00:00,51560.0,51597.0,51275.0,51291.0,89.52144366
2024-02-26 08:00:00,51318.0,51382.0,50909.0,51081.0,147.02562129
2024-02-26 12:00:00,51081.0,52926.0,50952.0,52917.0,829.21173489
2024-02-26 16:00:00,52916.0,54577.0,52789.0,54550.0,1109.98560156
2024-02-26 20:00:00,54550.0,54969.0,54316.0,54524.0,299.48772096
2024-02-27 00:00:00,54534.0,57055.0,54500.0,55745.0,898.85939765
2024-02-27 04:00:00,55736.0,56476.0,55655.0,56095.0,166.60200358
2024-02-27 08:00:00,56095.0,56850.0,56075.0,56567.0,262.81503535
2024-02-27 12:00:00,56556.0,57449.0,56497.0,56788.0,1117.51661641
2024-02-27 16:00:00,56781.0,57615.0,56257.0,57356.0,884.08026366
2024-02-27 20:00:00,57362.0,57421.0,56613.0,57068.0,867.29710431
2024-02-28 00:00:00,57065.0,57139.0,56724.0,56957.0,217.00245693
2024-02-28 04:00:00,56960.0,58378.99,56933.0,58271.0,369.57379487
2024-02-28 08:00:00,58282.0,59547.0,58217.0,58994.0,717.38256984
2024-02-28 12:00:00,58979.0,61389.0,58932.0,61014.0,1032.27305945
2024-02-28 16:00:00,61011.0,64000.0,58835.0,60995.0,2575.50318117
2024-02-28 20:00:00,60934.0,62723.0,59801.0,62512.0,1079.27465261
2024-02-29 00:00:00,62512.0,62512.0,61053.0,61589.0,320.90523965
2024-02-29 04:00:00,61589.0,63684.0,61358.0,62699.0,562.3733924
2024-02-29 08:00:00,62719.0,63325.0,62130.0,62943.0,431.15246721
2024-02-29 12:00:00,62924.0,63588.0,62036.0,62791.0,849.68552329
2024-02-29 16:00:00,62794.0,62909.0,60365.0,61619.0,1180.17612209
2024-02-29 20:00:00,61621.0,62390.0,60688.0,61161.0,1053.96750534
2024-03-01 00:00:00,61161.0,61774.0,60801.0,61107.0,125.06283891
2024-03-01 04:00:00,61107.0,61787.0,61065.0,61456.0,189.42738173
2024-03-01 08:00:00,61468.0,62270.0,61373.0,61907.0,281.3339084
2024-03-01 12:00:00,61922.0,62699.0,61110.0,61263.0,484.48297156
2024-03-01 16:00:00,61257.0,62510.0,61242.0,62252.0,488.07477176
2024-03-01 20:00:00,62290.0,63265.0,62280.0,62444.0,547.72495639
2024-03-02 00:00:00,62433.0,62488.0,62014.0,62378.0,128.09834173
2024-03-02 04:00:00,62374.0,62374.0,61851.0,62086.0,217.36140291
2024-03-02 08:00:00,62079.0,62197.0,61730.0,61916.0,108.58765537
2024-03-02 12:00:00,61911.0,62225.0,61645.0,61848.0,137.66251808
2024-03-02 16:00:00,61854.0,62173.0,61721.0,62173.0,115.33226679
2024-03-02 20:00:00,62172.0,62248.0,61764.0,62042.0,149.21904077
2024-03-03 00:00:00,62034.0,62043.0,61698.0,61972.0,101.1445843
2024-03-03 04:00:00,61974.0,62129.0,61402.0,61644.0,195.51887007
2024-03-03 08:00:00,61636.0,61905.0,61452.0,61861.0,49.0240277
2024-03-03 12:00:00,61868.0,62573.0,61860.0,62205.0,157.86227707
2024-03-03 16:00:00,62184.0,63030.0,62122.0,62764.0,500.1478433
2024-03-03 20:00:00,62772.0,63249.0,62615.0,63142.0,239.19512706
2024-03-04 00:00:00,63140.0,64282.0,62376.0,63490.0,667.14874139
2024-03-04 04:00:00,63500.0,64320.0,63247.0,64117.0,136.9267827
2024-03-04 08:00:00,64099.0,65583.0,64044.0,65246.0,594.005459
2024-03-04 12:00:00,65254.0,66639.0,64635.0,66543.0,936.2914838
2024-03-04 16:00:00,66543.0,67621.0,66091.0,67478.0,1066.42076721
2024-03-04 20:00:00,67491.0,68577.0,66879.0,68359.0,1022.44286741
2024-03-05 00:00:00,68359.0,68850.0,67625.0,68214.0,577.69801113
2024-03-05 04:00:00,68231.0,68550.0,65150.0,66238.0,583.82389583
2024-03-05 08:00:00,66190.0,67201.0,65599.0,66701.0,323.90370847
2024-03-05 12:00:00,66704.0,69210.0,66527.0,66842.0,1273.82923464
2024-03-05 16:00:00,66813.0,67018.0,59313.0,61443.0,2775.6507767
2024-03-05 20:00:00,61465.0,64459.0,61316.0,63796.0,1856.54856553
2024-03-06 00:00:00,63815.0,64232.0,62843.0,63311.0,224.02440073
2024-03-06 04:00:00,63319.0,66759.0,63307.0,66759.0,623.70050442
2024-03-06 08:00:00,66682.0,67645.0,66088.0,67329.0,569.16796419
2024-03-06 12:00:00,67329.0,67589.0,64795.0,66504.0,1332.69513295
2024-03-06 16:00:00,66508.0,67547.0,66333.0,66819.0,437.58003177
2024-03-06 20:00:00,66818.0,67467.0,65759.0,66120.0,1048.16008159
2024-03-07 00:00:00,66124.0,66509.0,65623.0,65865.0,197.98558802
2024-03-07 04:00:00,65886.0,66479.0,65675.0,66428.0,326.34898394
2024-03-07 08:00:00,66425.0,67310.0,66395.0,66928.0,306.89924524
2024-03-07 12:00:00,66933.0,68000.0,66639.0,67333.0,1013.68283482
2024-03-07 16:00:00,67317.0,68061.0,67095.0,67576.0,1030.08870068
2024-03-07 20:00:00,67584.0,68061.0,66928.0,66941.0,479.91481464
2024-03-08 00:00:00,66928.0,67368.0,66863.0,67212.0,146.00010343
2024-03-08 04:00:00,67224.0,67727.0,66879.0,67361.0,234.15582756
2024-03-08 08:00:00,67356.0,67800.0,67169.0,67800.0,380.53764594
2024-03-08 12:00:00,67808.0,70184.0,67340.0,67756.0,1480.3122785
2024-03-08 16:00:00,67733.0,69000.0,66264.0,69000.0,1316.23584574
2024-03-08 20:00:00,69007.0,69552.0,68032.0,68285.0,865.8156486
2024-03-09 00:00:00,68285.0,68470.0,68050.0,68429.0,169.3717967
2024-03-09 04:00:00,68431.0,68685.0,68279.0,68440.0,124.61646014
2024-03-09 08:00:00,68429.0,68595.0,68112.0,68441.0,160.29695186
2024-03-09 12:00:00,68441.0,68668.0,68273.0,68461.0,163.23043672
2024-03-09 16:00:00,68447.0,68495.0,68168.0,68370.0,111.35656068
2024-03-09 20:00:00,68370.0,68594.0,68359.0,68463.0,127.23511569
2024-03-10 00:00:00,68464.0,69386.0,68372.0,69274.0,419.72144601
2024-03-10 04:00:00,69267.0,69779.0,69151.0,69465.0,187.51290681
2024-03-10 08:00:00,69479.0,69999.0,69356.0,69709.0,274.74769129
2024-03-10 12:00:00,69698.0,69957.0,68825.0,69344.0,344.78958948
2024-03-10 16:00:00,69336.0,69881.0,69267.0,69528.0,187.37680836
2024-03-10 20:00:00,69529.0,69599.0,68196.0,69026.0,572.96099623
2024-03-11 00:00:00,69013.0,69015.0,67120.0,68604.0,497.12245278
2024-03-11 04:00:00,68627.0,71277.0,68495.0,71017.0,1038.18980614
2024-03-11 08:00:00,71025.0,72306.0,71012.0,71585.0,743.44582266
2024-03-11 12:00:00,71585.0,72767.0,71373.0,72069.0,939.30185901
